Title,Abstract,Document Type,Region / Country,HDP Tags,Thematic Tags,DAC Recommendation,Affiliations,Authors,Publication Year,Language,Link,Rating,Banner,PDF
'Peace' in the Humanitarian-Development-Peace Nexus: Good Practices and Recommendations,"The document, co-financed by the EU, highlights the integration of peace within the Humanitarian-Development-Peace (HDP) nexus, showcasing ten case studies from diverse geographical regions. It addresses challenges and progress since the EU's 2016 commitment to link its humanitarian, development, and peacebuilding efforts.

The countries involved are Iraq, Myanmar, Nigeria, South Sudan, Burundi, Liberia, Somalia, Lebanon, East Africa, and the Sahel region. Recommendations emphasize strategic implementation of the HDP nexus, acknowledging peacebuilding as a full component, and promoting people-centered, conflict-sensitive approaches.

The document advocates for systemic integrations, coordination, and complementarity among stakeholders like CSOs and governments. Flexible, long-term funding and the incorporation of climate change considerations underscore the strategic direction in fostering peace and resilience against violence and instability, aiming for sustainable development outcomes.",Policy Paper,"Burkina Faso,Burundi,Iraq",Peace,"Climate,Peace & Security,Economic Development,Food Security & Nutrition,Protection,Social Cohesion,Displacement & Migration,Governance,Resilience","7. Programming: Align with risk environment,6. Programming: Do no harm,5. Programming: People at the centre,4. Programming: Prioritising prevention,1. Coordination: Joint analysis,2. Coordination: Empowered leadership,10. Financing: Develop evidence-based strategies,11. Financing: Predictable flexible multi-year","Civil Society Dialogue Network, European Peacebuilding Liason Office","Lorenzo Angelini, Summer Brown",2023,English,https://eplo.org/wp-content/uploads/2023/10/EPLO_CSDN-DP_Peace-in-the-HDP-Nexus.pdf,,'Peace' in the Humanitarian-Development-Peace Nexus Good Practices and Recommendations.webp,'Peace' in the Humanitarian-Development-Peace Nexus Good Practices and Recommendations.pdf
'Peace' in the Humanitarian-Development-Peacebuilding Nexus Learning and Practice Note,"The document, produced by the Network for Conflict Prevention and Peacebuilding, provides insights and practical guidance on integrating 'peace' within the Humanitarian-Development-Peacebuilding (HDP) nexus. Focusing on Danish civil society organizations and their international partners, it examines bottom-up peacebuilding approaches which emphasize community-driven conflict resolution, long-term engagement, trust-building, and conflict sensitivity. 

The potential benefits include enhancing humanitarian and development interventions by fostering social cohesion and reducing conflict by empowering local actors and utilizing local resources for peace. Significant barriers are identified, such as short-term funding, siloed funding streams, and misunderstandings around peacebuilding. 

Promising practices include people-centered approaches and strong local partnerships to enable comprehensive context analysis and adaptability. The note serves as a resource for practitioners to operationalize these practices across the HDP nexus globally.",Guide,,"Development,Humanitarian,Peace","Peace & Security,Governance","5. Programming: People at the centre,8. Programming: National and local capacities,11. Financing: Predictable flexible multi-year","CDA Collaborative Learning, Danish Refugee Council (DRC), Network for Conflict Prevention and Peacebuilding",Network for Conflict Prevention and Peacebuilding,2022,English,https://drc.ngo/resources/documents/peace-in-the-humanitarian-development-peacebuilding-nexus-learning-and-practice-note/,,'Peace' in the Humanitarian-Development-Peacebuilding Nexus Learning and Practice Note.webp,'Peace' in the Humanitarian-Development-Peacebuilding Nexus Learning and Practice Note.pdf
2024 Report on Financing Flows and Food Crises,"Annual report (FAO/Global Network Against Food Crises, 2024) providing a comprehensive analysis of humanitarian and development financing flows to food sectors in food crisis countries — the fourth edition of the series and a companion publication to the Global Report on Food Crises (GRFC).

Drawing on data from OECD DAC, IATI, OCHA's Financial Tracking Service and other sources, it maps where funding is going, identifies underfunded and forgotten crises, and tracks trends since 2016. Key findings for 2023: humanitarian assistance to food sectors fell 30% from the 2022 peak; development financing remains overwhelmingly low, with only 3% of global development funding reaching food sectors in crisis contexts; and protracted food crises attract the least development investment despite the greatest structural need.

The report argues that financing continues to address symptoms rather than drivers of food crises, and calls for a rebalancing toward agricultural investment, integrated sequencing of food assistance and nutrition with emergency agriculture, and greater use of evidence in funding decisions. Includes country and regional breakdowns, analysis of the ten largest recipients, sectoral breakdowns, and an overview of GNAFC partner tools for tracking food crisis financing.",Report,"Afghanistan,Democratic Republic of the Congo,Ethiopia,Haiti","Development,Humanitarian","Governance,Recovery,Economic Development,Disaster Risk Reduction,Protection,Social Cohesion,Resilience","7. Programming: Align with risk environment,8. Programming: National and local capacities,10. Financing: Develop evidence-based strategies",Global Network Against Food Crisis,Global Network Against Food Crisis,2024,English,https://www.fightfoodcrises.net/sites/default/files/resource/file/FFFC2024_FINAL.pdf,,2024 Report on Financing Flows and Food Crises.webp,2024 Report on Financing Flows and Food Crises.pdf
A Caritas Europa approach to the Humanitarian-Development-Peace Nexus,"This Caritas Europa position paper presents the organisation's policy positions on the Humanitarian-Development-Peace nexus and its implementation. Building on Caritas Europa's 2024 approach paper to the nexus, this document articulates more specific positions on key policy questions — including the role of faith-based organisations in the nexus, the risks of securitisation, the importance of maintaining humanitarian principles, and recommendations for the EU's nexus policy. It contributes to civil society advocacy for a more principled, effective, and locally-grounded approach to the nexus in EU external action.",Policy Paper,,"Development,Humanitarian,Peace","Governance,Peace & Security,Resilience,Social Cohesion","3. Coordination: Political engagement,5. Programming: People at the centre,6. Programming: Do no harm,9. Programming: Learning and evidence",Caritas Europa,Caritas Europa,2024,English,https://www.caritas.eu/wp-content/uploads/2024/07/240715-CE-Nexus-policy-paper.pdf,,A Caritas Europa approach to the Humanitarian-Development-Peace Nexus.webp,A Caritas Europa approach to the Humanitarian-Development-Peace Nexus.pdf
A Caritas Europa approach to the Humanitarian-Development-Peace Nexus,"The Caritas Europa policy paper explores the Humanitarian-Development-Peace Nexus (Triple Nexus) as a transformative approach to address complex global challenges by integrating development, humanitarian, and peace efforts. Emphasizing local leadership, climate change, and fragile contexts, the paper presents Caritas\'s approach as rooted in Catholic Social Teachings, advocating for the holistic well-being of communities. It highlights the importance of overcoming traditional silos through bottom-up approaches, coordinated programming, and comprehensive stakeholder engagement.

The paper underscores challenges in operationalizing the Nexus, like politicization of aid and the need for clear donor policies, while proposing strategic recommendations for effective implementation. It calls for systematic funding models, strategic cooperation with local civil societies, and flexible, predictable financing to foster inclusive, sustainable development.

Case studies from Ukraine, Colombia, Zambia, Bangladesh, Nigeria, Uganda, and Myanmar highlight the practical application of Nexus principles, showcasing efforts in peacebuilding, climate adaptation, and strengthening local capacities. Ultimately, Caritas Europa advocates for further developing internal strategies, reflecting on the peace and climate components of the Nexus, and increasing collaboration among donors and organizations for a better integrated response to crises.",Policy Paper,"Bangladesh,Colombia","Development,Humanitarian,Peace","Climate,Environment,Economic Development,Livelihoods,Disaster Risk Reduction,Protection,Social Cohesion,Displacement & Migration,Governance,Resilience","8. Programming: National and local capacities,1. Coordination: Joint analysis,11. Financing: Predictable flexible multi-year",Caritas Europe,Caritas Europa,2024,English,https://www.caritas.eu/wp-content/uploads/2024/07/240715-CE-Nexus-policy-paper.pdf,,A Caritas Europa approach to the Humanitarian-Development-Peace Nexus.webp,A Caritas Europa approach to the Humanitarian-Development-Peace Nexus.pdf
A collection of best practices and recommendations for effective nexus delivery,"This document, resulting from Alliance2015's multi-country learning exercise, articulates best practices and recommendations for HDP Nexus programming. It emphasizes the importance of multisector partnerships, community-led interventions, flexible, long-term adaptation, and diversified funding sources to address humanitarian, development, and peace challenges effectively. Case studies from Kenya, Ethiopia, Niger, Malawi, Lebanon, Nepal, and Burkina Faso illustrate successful Nexus approaches in diverse contexts.

Key recommendations highlight contextualized program design, integration of Nexus components throughout the project lifecycle, adaptive management, and inclusive partnerships. The document advocates for strengthening the peace pillar in Nexus initiatives while fostering continual learning and cooperation among Alliance2015 partners to advance these strategies.

Case studies in the annex provide detailed insights into specific country projects that successfully implement Nexus principles.",Evaluation,"Burkina Faso,Chad,Ethiopia","Development,Humanitarian,Peace","Climate,Energy,Environment,Protection,WASH,Disaster Risk Reduction,Livelihoods,Food Security & Nutrition,Social Cohesion,Economic Development,Governance,Resilience","4. Programming: Prioritising prevention,8. Programming: National and local capacities,1. Coordination: Joint analysis,10. Financing: Develop evidence-based strategies,11. Financing: Predictable flexible multi-year","Acted, Ayuda en Accion, CESVI, Concern, Helvetas, People in Need, Welthunger hilfe",Alliance 2015,2024,English,https://www.alliance2015.org/wp-content/uploads/2024/09/202408_-Alliance2015_HDP-Nexus-Best-Practices-Collection-final.pdf,,A collection of best practices and recommendations for effective nexus delivery.webp,A collection of best practices and recommendations for effective nexus delivery.pdf
A Critical Analysis of the War and the Triple Nexus in Northern Mozambique,"Chapter 12 of the Global Policy triple nexus e-book series, this contribution examines triple nexus dynamics in Cabo Delgado, Northern Mozambique — an under-studied context where armed conflict intersects with major extractive industry projects and complex international interests.

The author identifies three distinct conceptions of the triple nexus operating simultaneously: a securitised/militarised nexus driven by counterinsurgency agendas of the Mozambican government and its military partners; a liberal institutional nexus promoted by the UN and IOM through coordination frameworks and localisation rhetoric; and an emerging emancipatory nexus rooted in local civil society and community-led resilience.

The piece argues that without addressing the dominance of security and economic interests, nexus approaches risk serving agendas other than human security, offering an important critical lens for nexus practitioners working in resource-rich fragile contexts.",Blog,Mozambique,"Humanitarian,Development,Peace","Peace & Security,Localisation,Governance,Conflict Sensitivity","6. Programming: Do no harm,8. Programming: National and local capacities",,,2025,English,https://www.globalpolicyjournal.com/blog/10/09/2025/critical-analysis-war-and-triple-nexus-northern-mozambique,,A Critical Analysis of the War and the Triple Nexus in Northern Mozambique.webp,A Critical Analysis of the War and the Triple Nexus in Northern Mozambique.pdf
A Framework for Fragility,"Working paper developing a quantitative framework for measuring and characterising state fragility, drawing on cross-country data to propose operational definitions and indicators across multiple dimensions of fragility. Provides a rigorous analytical tool for understanding which countries face the structural conditions — weak governance, conflict risk, limited institutional capacity — that make nexus approaches both most relevant and most challenging to implement. Contributes to the conceptual and analytical foundations linking fragility measurement to decisions about how donors and multilateral institutions prioritise, sequence and adapt their engagement across the humanitarian, development and peace pillars.",Policy Paper,,"Development,Peace","Governance,Resilience,Policy & Strategy","1. Coordination: Joint analysis,10. Financing: Develop evidence-based strategies",UNU-WIDER (United Nations University World Institute for Development Economics Research),"Joan Margalef, Laura Mayoral, Hannes Mueller, Christopher Rauh",2025,English,https://www.wider.unu.edu/sites/default/files/Publications/Working-paper/PDF/wp2025-58-framework-for-fragility.pdf,,A Framework for Fragility.webp,A Framework for Fragility.pdf
A guide to market-based livelihood interventions for refugees,"This report, published by the International Labour Organization (ILO), outlines a framework for market-based livelihood interventions aimed at supporting refugees.

The report emphasizes the need for a more integrated approach that combines traditional livelihood methods with market system strategies. This involves empowering refugees with the necessary skills (push factors) and aligning market systems to provide opportunities (pull factors) for refugees, while promoting economic inclusion beneficial to both refugees and host communities.

The report considers the legal, social, and economic circumstances governing refugee access to labor markets and provides methodologies for evaluating market systems, targeting interventions, and developing sustainable livelihood strategies. Specific country examples, such as assessments conducted in Costa Rica, Egypt, and South Africa, illustrate the application of these methodologies to various contexts. Successful interventions focus on applying market analyses to identify opportunities for sustainable livelihoods, thus fostering resilience and economic growth among refugees and their host communities.",Report,"Costa Rica,Egypt","Development,Humanitarian","Economic Development,Livelihoods,Displacement & Migration","4. Programming: Prioritising prevention,8. Programming: National and local capacities,10. Financing: Develop evidence-based strategies","ILO, UNHCR",International Labor Organization,2023,English,https://www.unhcr.org/media/guide-market-based-livelihood-interventions-refugees,,A guide to market-based livelihood interventions for refugees.webp,A guide to market-based livelihood interventions for refugees.pdf
A Learning Journey on the Triple Nexus: SDC Synthesis Report,"This Swiss Agency for Development and Cooperation (SDC) synthesis report (January 2022, revised October 2022) documents a 13-month learning journey (August 2020–September 2021) conducted across SDC to develop a shared institutional understanding of the triple nexus and a common way forward. The process included interviews with FDFA staff, senior management, and Swiss NGOs, plus sector dive-in workshops across peace, governance, education, and humanitarian clusters.

Key findings: SDC is already implementing nexus programmes widely but needs to mainstream nexus thinking institutionally; the peace element requires special attention; 'nexus literacy' (cross-pillar knowledge) and adaptive management are critical success factors; and no 'one-size-fits-all' nexus exists. The report proposes concrete action lines around people, processes, and partnerships, several of which were integrated into SDC's 2022 fit-for-purpose restructuring.",Report,,"Humanitarian,Development,Peace","Policy & Strategy,Coordination,Financing","1. Coordination: Joint analysis,9. Programming: Learning and evidence",Swiss Agency for Development and Cooperation (SDC),SDC,2022,English,https://www.sdc-pge.ch/dam/en/sd-web/4X-ViMH3qC4n/PGE-Peace-LearningJourneyTripleNexus-SDC-2022_EN.pdf,,A Learning Journey on the Triple Nexus SDC Synthesis Report.webp,A Learning Journey on the Triple Nexus SDC Synthesis Report.pdf
A Mapping and Analysis of Tools and Guidance on the H-P Linkages in the HDP Nexus,"This paper was developed by IASC Result Group 4 with pro-bono support from Interpeace. It is an inventory of guidance and tools currently available to humanitarian actors, on peace building and conflict sensitive approach, as well as an analysis on the degree to which these meet the needs of practitioners in the field. The analysis highlighted some substantial gaps in guidance and tools available to staff, but there is also a wealth of methods and in order to better understand the linkages between the peace and the humanitarian pillars of the HDPN. The paper consists of two parts.

The first part presents the analysis by Interpeace on the relevance and usefulness of currently available guidance and tools, and how these may and should be complemented in order to enhance the understanding and operationalizing of the linkages between humanitarian and peace actions. The second part consists of the mapping of available guidance and tools that relate to the peace pillar of the nexus.",Policy Paper,,"Humanitarian,Peace","Peace & Security,Conflict Sensitivity,Coordination,Policy & Strategy","4. Programming: Prioritising prevention,6. Programming: Do no harm,9. Programming: Learning and evidence","IASC Results Group 4, Interpeace","IASC Results Group 4, Interpeace",2022,English,https://interagencystandingcommittee.org/sites/default/files/migrated/2022-03/Mapping%20and%20analysis%20of%20Tools%20and%20Guidance%20Peace%20RG4.pdf,,A Mapping and Analysis of Tools and Guidance on the H-P Linkages in the HDP Nexus.webp,A Mapping and Analysis of Tools and Guidance on the H-P Linkages in the HDP Nexus.pdf
A Peacebuilding Tool for a Conflict-Sensitive Approach to Development: A Pilot Initiative in Nepal,"This publication introduces the Peacebuilding Tool (PBT) — an analytical tool developed jointly by ADB, DFID, and the World Bank — and documents lessons from its pilot application in Nepal during 2010–2011. 

The PBT is designed to help project team leaders and social experts understand the local conflict context, identify risks to project implementation arising from social conflict, and formulate mitigation measures. It comprises structured questions covering the post-conflict environment, formal and informal decision-making structures, peacebuilding opportunities, and socioeconomic and geographic risk factors.

ADB and partners applied the PBT across 13 projects in 15 districts in Nepal. Key lessons include the need for ongoing analysis and flexibility as context changes, the importance of integrating findings into government systems, and the value of PBT training events for improving coordination among development partners. The publication is intended as a replicable model for other fragile and conflict-affected situations.",Report,Nepal,"Development,Peace","Peace & Security,Governance,Resilience","1. Coordination: Joint analysis,6. Programming: Do no harm,7. Programming: Align with risk environment,8. Programming: National and local capacities,9. Programming: Learning and evidence",Asian Development Bank (ADB),Asian Development Bank,2012,English,https://www.adb.org/sites/default/files/publication/29670/nepal-pbt.pdf,,A Peacebuilding Tool for a Conflict-Sensitive Approach to Development A Pilot Initiative in Nepal.webp,A Peacebuilding Tool for a Conflict-Sensitive Approach to Development A Pilot Initiative in Nepal.pdf
A review of Canadian CSO experiences in Humanitarian-Development-Peace Nexus programming in fragile and conflict-affected countries,"This report examines the experiences of Canadian CSOs in implementing the Humanitarian-Development-Peace Nexus (HDP) in fragile and conflict-affected countries. The study identifies opportunities and challenges in the triple nexus approach, aiming to inform Canadian policy discussions. Analysis included literature reviews, surveys, and interviews with CSO representatives and officials from Global Affairs Canada.

Key findings highlight the increased use of the triple nexus, with special attention to gender, localization, and conflict sensitivity. Challenges include financial constraints and the need for better coordination among CSOs, local actors, and policymakers.

The report also discusses Canadian humanitarian trends, with a rise in assistance volume but a decline in its share of Real ODA. While multilateral organizations dominate assistance distribution, Canadian CSOs play a crucial role. Recommendations include strengthening CSO capacities, advocating for the triple nexus approach within GAC, and enhancing evidence bases. Engagement with policy frameworks and improving local partnerships are emphasized as crucial steps forward.",Report,"Ethiopia,Democratic Republic of the Congo","Development,Humanitarian,Peace","Gender,Social Cohesion,Governance","7. Programming: Align with risk environment,8. Programming: National and local capacities,11. Financing: Predictable flexible multi-year","Acted Canada, CARE, CSO Nexus Working Group, Canadian Food Security Policy Group, Canadian foodgrains bank, Cooperation canada, MCC","Brian Tomlinson, Molly den Heyer",2024,English,https://aidwatchcanada.ca/wp-content/uploads/2024/10/Nexus-Review-Highlights-Sept-30.pdf,,A review of Canadian CSO experiences in Humanitarian-Development-Peace Nexus programming in fragile and conflict-affected countries.webp,A review of Canadian CSO experiences in Humanitarian-Development-Peace Nexus programming in fragile and conflict-affected countries.pdf
A review of the triple nexus approach in discourse and practice with a focus on Islamic Relief's triple nexus programme,"The report examines the triple nexus approach combining humanitarian, development, and peacebuilding efforts, using Islamic Relief's programme in fragile contexts as a focal point. It assesses current discourse, implementation practices, and learns from various organizations piloting triple nexus projects. Key challenges include defining the peace component, flexible financial systems, and engagement with national governments. It emphasizes that sustainable peace requires cooperation across aid sectors and warns against the politicization of humanitarian aid. 

Recommendations for Islamic Relief include clearer strategies aligning the nexus components with broader goals, embracing conflict sensitivity, investing in staff learning, and long-term collaboration with local entities. While acknowledging structural barriers, the report advocates for fundamental reforms to achieve lasting change and community resilience.",Report,Indonesia,"Development,Humanitarian,Peace","Gender,Protection,Disaster Risk Reduction,Economic Development,Livelihoods,Governance,Resilience","5. Programming: People at the centre,8. Programming: National and local capacities,11. Financing: Predictable flexible multi-year",Islamic Relief Worldwide,"Rodrigo Mena, Summer Brown",2021,English,https://islamic-relief.org/wp-content/uploads/2022/05/TripleNexusReport-Final.pdf,,A review of the triple nexus approach in discourse and practice with a focus on Islamic Relief's triple nexus programme.webp,A review of the triple nexus approach in discourse and practice with a focus on Islamic Relief's triple nexus programme.pdf
Access to Durable Solutions Among IDPs in Iraq: Six Years in Displacement,"Report examining access to durable solutions — voluntary return, local integration, and settlement elsewhere — among internally displaced persons (IDPs) in Iraq following the ISIL conflict. Based on large-scale survey data, it analyses barriers and enablers to durable solutions across multiple displacement contexts in Iraq, covering shelter, livelihoods, documentation, security, social cohesion and access to services. Provides foundational evidence on the protection and socioeconomic dimensions of displacement that humanitarian-development nexus programming in Iraq — including stabilisation and area-based approaches — has sought to address.",Report,Iraq,"Humanitarian,Development","Displacement & Migration,Resilience,Social Cohesion","5. Programming: People at the centre,8. Programming: National and local capacities","IOM, Institute for the Study of International Migration (ISIM), Center for Contemporary Arab Studies (CSAS)","IOM, ISIM, CSAS",2017,English,https://iraqrecovery.iom.int/durablesolutions/Resources/Publications/Yearly%20Reports/Access%20to%20Durable%20Solutions%20Among%20IDPs%20in%20Iraq%20six%20years%20in%20displacement%20-%2021042022.pdf,,Access to Durable Solutions Among IDPs in Iraq Six Years in Displacement.webp,Access to Durable Solutions Among IDPs in Iraq Six Years in Displacement.pdf
Across the Nexus: A Balancing Act for National NGOs in South Sudan,"This Global Policy article (January 2025), part of the 'Triple Nexus: In Context and Everyday Perspective' e-book series, presents findings from PhD research with 86 interviews of South Sudanese national NGO (NNGO) representatives on how they engage with the internationally-driven HDP nexus.

Three key findings: (1) the government's role as 'project partner' creates multi-ministry complexity; (2) international actors wield disproportionate power over which organisations receive funding; and (3) communities' needs rarely align with the H/D/P silos imposed by donors. The research was conducted over 2021-2022 and contributes unique local and national actor perspectives on the nexus — a voice systematically underrepresented in the literature.",Article,South Sudan,"Humanitarian,Development,Peace","Localisation,Coordination,Governance,Social Cohesion","5. Programming: People at the centre,8. Programming: National and local capacities,9. Programming: Learning and evidence",,,2025,English,https://www.globalpolicyjournal.com/blog/21/01/2025/across-nexus-balancing-act-national-ngos-south-sudan,,Across the Nexus A Balancing Act for National NGOs in South Sudan.webp,Across the Nexus A Balancing Act for National NGOs in South Sudan.pdf
Action Agenda on Internal Displacement of the UNSG Follow-Up to the Report of the UNSGs High-Level Panel on Internal Displacement,"The United Nations Secretary-General's Action Agenda on Internal Displacement addresses the growing crisis of internal displacement driven by conflict, climate change, and disasters.

The document outlines three core goals: finding durable solutions for IDPs, preventing future displacement crises, and providing effective protection and assistance. Sustainable solutions involve reintegration, local integration, and settlement in other regions, requiring national and local leadership and UN support. A comprehensive approach involving humanitarian, development, peacebuilding, human rights, and climate change efforts is emphasized.

The agenda calls for enhanced financing strategies, private sector engagement, and improved data for solutions. Prevention efforts focus on addressing the root causes of conflict, human rights violations, and climate-related risks. The agenda stresses the need for collaboration between all stakeholders, including governments, civil society, and international actors, to ensure effective protection of IDPs and host communities and to achieve lasting impacts.",Guide,Iraq,"Development,Humanitarian,Peace","Climate,Social Cohesion,Displacement & Migration","4. Programming: Prioritising prevention,8. Programming: National and local capacities,11. Financing: Predictable flexible multi-year",UN Secretary-General\'s High Level Panel on Internal Displacement,United Nations,2022,English,https://www.un.org/en/content/action-agenda-on-internal-displacement/assets/pdf/Action-Agenda-on-Internal-Displacement_EN.pdf,,Action Agenda on Internal Displacement of the UNSG Follow-Up to the Report of the UNSGs High-Level Panel on Internal Displacement.webp,Action Agenda on Internal Displacement of the UNSG Follow-Up to the Report of the UNSGs High-Level Panel on Internal Displacement.pdf
Adapting in Adversity: Climate Action in Fragile and Conflict-Affected Situations,"This Mercy Corps practitioner report (2023) examines the barriers and opportunities for climate adaptation programming in fragile and conflict-affected situations (FCS), drawing on surveys and interviews with Mercy Corps programme staff across Sub-Saharan Africa. It identifies the most significant constraints — including limited access to shock-responsive funding, governance challenges, and inflexible donor systems — while documenting innovative approaches country teams are using to overcome them. Country cases from Uganda, Nigeria, Ethiopia, Kyrgyzstan, and DRC illustrate how frontline practitioners are adapting climate programming to FCS realities.

The report argues that climate adaptation in fragile contexts is not only possible but urgently necessary, and that community-based natural resource management institutions and conflict-sensitive approaches are foundational to sustainable outcomes. Designed as a practitioner resource for those implementing at the climate-conflict-nexus interface.",Report,"Uganda,Nigeria,Ethiopia,Democratic Republic of the Congo","Humanitarian,Development,Peace","Climate,Resilience,Coordination,Localisation","6. Programming: Do no harm,7. Programming: Align with risk environment,9. Programming: Learning and evidence",Mercy Corps,Mercy Corps,2023,English,https://www.mercycorps.org/sites/default/files/2025-01/adapting-in-adversity-climate-action-in-conflict.pdf,,Adapting in Adversity Climate Action in Fragile and Conflict-Affected Situations.webp,Adapting in Adversity Climate Action in Fragile and Conflict-Affected Situations.pdf
Addressing Everyday Complexities of the Triple Nexus: Lessons from South Sudan and Ethiopia,"Chapter 2 of the Global Policy e-book on the triple nexus, this contribution by Wilson and Cochrane examines three key risks that emerge when the triple nexus moves from concept to practice in South Sudan and Ethiopia: (1) the nexus may strengthen donor control over local priorities; (2) it can lead to harm through poor coordination and risk transfer between organisations operating under different frameworks; and (3) it can increase operational inefficiency rather than reduce it.

Drawing on extensive field research, the authors call for strong 'guardrails' — including conflict-sensitive approaches, genuine local inclusion in decision-making, and clearer accountability mechanisms — to allow the triple nexus to live up to its promise. Essential reading for practitioners designing nexus programmes in fragile contexts.",Article,"South Sudan,Ethiopia","Humanitarian,Development,Peace","Coordination,Localisation,Conflict Sensitivity,Learning & Evidence","6. Programming: Do no harm,8. Programming: National and local capacities,9. Programming: Learning and evidence","University of Ottawa, HBKU Qatar","Alexandra Wilson, Logan Cochrane",2025,English,https://www.globalpolicyjournal.com/blog/06/01/2025/addressing-everyday-complexities-triple-nexus-lessons-south-sudan-and-ethiopia,,Addressing Everyday Complexities of the Triple Nexus Lessons from South Sudan and Ethiopia.webp,Addressing Everyday Complexities of the Triple Nexus Lessons from South Sudan and Ethiopia.pdf
Addressing The Humanitarian-Development Nexus In The Horn of Africa,"The report discusses the New Way of Working (NWoW) initiative aimed at bridging humanitarian and development efforts in protracted crises within the Horn of Africa, specifically targeting Somalia and Ethiopia. The NWoW seeks to enhance collaboration and coherence among these sectors, focusing on aligning short and long-term educational interventions to support recovery and development.

Despite mixed perceptions, there is a consensus on the need for improved financing models, leadership, and risk management. Education is stressed as a crucial sector requiring prioritization and resources to achieve sustainable development goals.

The report underscores the significance of multi-year planning and financing, joint analysis, and employing a multi-sectoral approach to cater to the diverse needs of affected children. It provides recommendations for better ownership of NWoW reforms, prioritization of education, and enhancing holistic programming for quality learning outcomes.",Report,"Ethiopia,Somalia","Development,Humanitarian","Education,Environment,Displacement & Migration,Governance,Resilience","5. Programming: People at the centre,4. Programming: Prioritising prevention,11. Financing: Predictable flexible multi-year",Save the Children,Save the Children,2018,English,https://resourcecentre.savethechildren.net/document/addressing-humanitarian-development-nexus-horn-africa,,Addressing The Humanitarian-Development Nexus In The Horn of Africa.webp,Addressing The Humanitarian-Development Nexus In The Horn of Africa.pdf
Advancing Emergency Operations in Sri Lanka through the Triple Nexus Framework,"Peer-reviewed journal article examining how the triple nexus framework can be applied to advance emergency operations in Sri Lanka following the country's economic collapse and political crisis. Applies supply chain management and operations research perspectives to nexus theory, exploring how integrated approaches across the humanitarian, development and peace pillars can improve the effectiveness and efficiency of emergency operations. One of very few nexus articles focused on South Asia outside Pakistan and Afghanistan, contributing both a geographic and methodological perspective that is underrepresented in the nexus literature.",Journal Article,Sri Lanka,"Humanitarian,Development,Peace","Coordination,Policy & Strategy,Learning & Evidence","1. Coordination: Joint analysis,9. Programming: Learning and evidence",Copenhagen Business School,Christina Plesner Volkdal,2024,English,https://trcjha.com/wp-content/uploads/2024/12/TRCJDHA_2024_0002.pdf,,Advancing Emergency Operations in Sri Lanka through the Triple Nexus Framework.webp,Advancing Emergency Operations in Sri Lanka through the Triple Nexus Framework.pdf
Advancing Nexus in the MENA Region - Breaking the Silos,"The report explores the operationalization of the Humanitarian, Development, and Peace (HDP) nexus approach in the Middle East and North Africa (MENA) region, focusing on countries like Iraq, Syria, Jordan, Lebanon, Palestine, Yemen, and Libya. It highlights the varying progress in integrating HDP nexus across these countries, noting challenges such as lack of clarity, inadequate coordination, and insufficient quality funding. While some strides have been made, particularly in Jordan and Palestine, structural challenges impede widespread implementation.

The report concludes with recommendations for enhancing leadership, inclusive planning, flexible multi-year funding, and better partnerships among local NGOs and other stakeholders to effectively operationalize the HDP nexus approach. Despite the set standards from the OECD\'s DAC recommendations, adherence and implementation vary significantly across countries, with more joint analysis, collaboration, and policy integration needed to achieve better humanitarian, development, and peace outcomes.",Report,Iraq,"Development,Humanitarian,Peace","Governance,Economic Development,Food Security & Nutrition,Protection,Displacement & Migration,Resilience","7. Programming: Align with risk environment,1. Coordination: Joint analysis,2. Coordination: Empowered leadership,11. Financing: Predictable flexible multi-year",ICVA,ICVA,2022,English,https://www.icvanetwork.org/topics/5532/news/10082141,,Advancing Nexus in the MENA Region - Breaking the Silos.webp,Advancing Nexus in the MENA Region - Breaking the Silos.pdf
Advancing Nexus in Yemen Research Report_2025,,Report,Yemen,"Humanitarian,Development,Peace",Learning & Evidence,2. Coordination: Empowered leadership,Abs Development Organisation for woman & Child,Dr. Aisha Thawab + Dr.Wafa Almadhaji,2025,English,https://yemenexus.org/wp-content/uploads/2025/05/Advancing-Nexus-in-Yemen-Research-Report_2025.pdf,,,Advancing-Nexus-in-Yemen-Research-Report_2025.pdf
Advancing Nexus in Yemen: Breaking the Silos - a follow-up to the ICVA findings ,,Report,Yemen,"Humanitarian,Development,Peace","Conflict Sensitivity,Economic Development,Learning & Evidence","1. Coordination: Joint analysis,2. Coordination: Empowered leadership,5. Programming: People at the centre,10. Financing: Develop evidence-based strategies,8. Programming: National and local capacities",head of abs development organization,Dr. Aisha Thawab,2024,English,https://yemenexus.org/wp-content/uploads/2025/05/Advancing-Nexus-in-Yemen-Research-Report_2025.pdf,,,Advancing-Nexus-in-Yemen-Research-Report_2025.pdf
Advancing the Humanitarian Development Peace Nexus Approach through Inter-Agency Standing Committee (IASC) Global Clusters,"The document outlines a practical approach to advancing the Humanitarian-Development-Peace Nexus (HDPN) through the Inter-Agency Standing Committee (IASC) global clusters at the country level. It emphasizes the coordination among humanitarian, development, and peace actors to achieve collective outcomes that mitigate risks and address root causes of conflict. The nexus approach involves joint or collaborative analysis, planning, and programming while maintaining the separation of roles among actors. 

The document proposes multiple strategies and frameworks, including area-based approaches, durable solutions for internally displaced persons, and conflict sensitivity, to operationalize the nexus. It also highlights the role of governance structures and funding mechanisms to support the HDPN approach. Specific guidelines for country-level implementation are provided, alongside steps for collaborative data collection, planning, monitoring, and evaluation processes to ensure effective responses based on shared priorities.",Guide,"Cameroon,Central African Republic,Chad,Democratic Republic of the Congo,El Salvador,Honduras,Iraq","Development,Humanitarian,Peace","Climate,Disaster Risk Reduction,Protection,Social Cohesion,Displacement & Migration,Governance,Resilience","7. Programming: Align with risk environment,5. Programming: People at the centre,3. Coordination: Political engagement,2. Coordination: Empowered leadership,10. Financing: Develop evidence-based strategies",Inter-Agency Standing Committee (IASC),Inter-Agency Standing Committee (IASC),2023,English,https://interagencystandingcommittee.org/sites/default/files/2023-12/IASC%20Guidance%20Note%2C%20Advancing%20the%20Humanitarian%20Development%20Peace%20Nexus%20Approach%20through%20IASC%20Global%20Clusterss.pdf,,Advancing the Humanitarian Development Peace Nexus Approach through Inter-Agency Standing Committee (IASC) Global Clusters.webp,Advancing the Humanitarian Development Peace Nexus Approach through Inter-Agency Standing Committee (IASC) Global Clusters.pdf
Advancing the Humanitarian‑Development‑Peace (HDP) Nexus and Localisation Across the Aid System,Presents the HDP nexus as a core agenda moving beyond traditional linking of relief and recovery by explicitly integrating peacebuilding and localisation. It highlights evidence-based learning to make assistance more resilience-oriented. Usefulness/New Knowledge: Synthesizes the two biggest trends in modern aid—the Nexus and Localization—proving that neither can succeed at scale without the integration of the other.,Report,,"Peace,Humanitarian,Development","Peace & Security,Resilience,Governance","8. Programming: National and local capacities,9. Programming: Learning and evidence",HDP Nexus Platform,HDP Nexus Platform,2025,English,https://hdpnexus.net/documents,,Advancing the Humanitarian‑Development‑Peace (HDP) Nexus and Localisation Across the Aid System.webp,
"Advancing the Nexus in the MENA Region: Breaking the Silos — HDP Nexus in Iraq, Syria, Jordan, Lebanon, Palestine, Yemen and Libya","This 2022 research report, published by an INGO coalition, documents the state of HDP nexus operationalisation across eight selected MENA countries: Iraq, Syria (including cross-border from Turkey), Jordan, Lebanon, Palestine, Yemen, and Libya. Using desk research, perception surveys, and key informant interviews, the study identifies regional trends, critical strengths, opportunities, and structural challenges.

It finds that while Jordan and, to a lesser extent, Palestine have demonstrated meaningful progress, most MENA countries are in early nexus stages and face structural challenges around definition ambiguity, lack of institutionalisation, weak government engagement, and insufficient flexible funding. The report includes country-by-country workplan recommendations and makes a valuable contribution to the growing evidence base on nexus implementation in the Arab world.",Report,"Iraq,Syria,Jordan,Lebanon,Yemen,Libya,""Palestine, State of""","Humanitarian,Development,Peace","Coordination,Policy & Strategy,Localisation,Displacement & Migration","1. Coordination: Joint analysis,9. Programming: Learning and evidence",,,2022,English,https://alnap.org/help-library/resources/advancing-the-hdp-nexus-in-the-mena-region--breaking-the-silos/,,"Advancing the Nexus in the MENA Region Breaking the Silos — HDP Nexus in Iraq, Syria, Jordan, Lebanon, Palestine, Yemen and Libya.webp","Advancing the Nexus in the MENA Region Breaking the Silos — HDP Nexus in Iraq, Syria, Jordan, Lebanon, Palestine, Yemen and Libya.pdf"
Adverse Economic Impact by Rohingya Refugees on Bangladesh: Some Way Forwards,"This journal article examines the negative economic impact of the Rohingya refugee crisis on Bangladesh. The influx of nearly one million Rohingya refugees since 2017 poses economic, social, and environmental challenges, significantly affecting the national economy.

The government faces increased costs for health and security sectors, rising living expenses in refugee-receiving areas, local employment crises, and a drop in daily wages. Additionally, the tourism sector, particularly in Cox's Bazar, suffers from these pressures, risking long-term adverse effects on national growth. Recommendations include urgent government actions for repatriation assistance from the international community, comprehensive resource mobilization strategies, and enhanced humanitarian support for refugees to alleviate economic burdens.

The paper stresses the importance of timely, coordinated efforts to prevent further damage to Bangladesh\'s economic development objectives caused by the refugee settlement.",Journal Article,Bangladesh,"Development,Humanitarian","Health,Economic Development,Peace & Security,Displacement & Migration","4. Programming: Prioritising prevention,8. Programming: National and local capacities",Istanbul University,"Nasruzzaman Naeem, Syed Magfur Ahmad",2020,English,https://ijosper.uk/index.php/i/article/view/32,,Adverse Economic Impact by Rohingya Refugees on Bangladesh Some Way Forwards.webp,Adverse Economic Impact by Rohingya Refugees on Bangladesh Some Way Forwards.pdf
After Assad: Navigating Syria's Humanitarian Crossroads,"This Humanitarian Advisory Group (HAG) rapid research report (April 2025), commissioned by the UK Humanitarian Innovation Hub (UKHIH) and funded by FCDO, examines the humanitarian landscape in Syria following the fall of the Assad regime in December 2024.

Based on qualitative data collection in January–February 2025 including key informant interviews with local, national and international actors, it analyses the major shifts in humanitarian context, the challenge of transitioning from the cross-border 'Whole of Syria' approach to a 'One Syria' unified Damascus-based coordination structure, the risks of security vacuums and ethno-sectarian violence, and the implications for the humanitarian-development-peace nexus during Syria's critical transition period.",Report,Syria,"Humanitarian,Development,Peace","Coordination,Policy & Strategy,Displacement & Migration,Peace & Security","1. Coordination: Joint analysis,2. Coordination: Empowered leadership,3. Coordination: Political engagement","Humanitarian Advisory Group (HAG), UKHIH, FCDO",Humanitarian Advisory Group,2025,English,https://humanitarianadvisorygroup.org/wp-content/uploads/2025/04/UKHIH_After-Assad_Syria.pdf,,After Assad Navigating Syria's Humanitarian Crossroads.webp,After Assad Navigating Syria's Humanitarian Crossroads.pdf
AICS Operational Manual for Joint context analysis in situations of crisis and fragility,"Operational guidance for joint context analysis, from the viewpoint of a bilateral partner. 
To use as guidance or ressources for partners. ",Toolkit,,"Humanitarian,Development,Peace",,1. Coordination: Joint analysis,AICS,,2025,English,,,,AICS Operational Manual for Joint context analysis in situations of crisis and fragility.pdf
Aid allocation across the Humanitarian-Development-Peace nexus: the role of fragility as a donors' motive,"The article explores the role of fragility in guiding aid allocation across the Humanitarian-Development-Peace (HDP) nexus. Using the Official Development Assistance (ODA) framework, the study evaluates how donor motivations differ between self-interest, recipients' needs, merit, and fragility. Empirical analyses reveal donor heterogeneity in aid distribution, with significant variations in response to fragility depending on the aid type-humanitarian, development, or peace aid. 

Generally, humanitarian aid correlates positively with both the state and degree of fragility, while development aid shows inconsistency. Peace aid allocation more often correlates with the extent of fragility. Findings emphasize the necessity for coordinated and coherent international efforts to address fragility effectively, transcending donors' self-interest and focusing on collective impact across the HDP spectrum. The study suggests that only through cooperative frameworks can aid allocations achieve maximum effectiveness in fragile contexts.",Journal Article,,"Development,Humanitarian,Peace","Protection,Economic Development,Governance","7. Programming: Align with risk environment,3. Coordination: Political engagement,11. Financing: Predictable flexible multi-year",Palacký University Olomouc,"Jaromír Harmáček, Kazuma Yabe, Miroslav Syrovátka, Zdeněk Opršal",2024,English,https://www.nature.com/articles/s41599-024-03512-5,,Aid allocation across the Humanitarian-Development-Peace nexus the role of fragility as a donors motive.webp,Aid allocation across the Humanitarian-Development-Peace nexus the role of fragility as a donors' motive.pdf
Analysing Gaps in the Humanitarian and Disaster Risk Financing Landscape,"This policy paper analyzes the gaps in humanitarian and disaster risk financing landscapes, focusing on predictability, severity, and timing of financial flows. The paper highlights that while many crises are somewhat predictable, less than 1% of UN appeals funding utilizes pre-agreed triggers or plans. Smaller crises comprise most natural hazard-related disasters but are responsible for only a small percentage of affected individuals and funding allocation. Most humanitarian funds are spent on response rather than on anticipatory or preparedness actions, which is a critical gap.

The analysis utilizes data from multiple sources, indicating funding biases and the complexity in categorizing crises into predictable and unpredictable types. It suggests potential improvements in financing mechanisms, such as pre-agreed plans, risk pooling, and multi-year funding commitments, to better align financing with predictable and under-the-radar crises. This analysis underlines the need for better coordination and innovative financial tools to address gaps and enhance crisis responses.",Policy Paper,"Burundi,Cameroon,Chad,Colombia","Development,Humanitarian","Recovery,Disaster Risk Reduction,Displacement & Migration,Resilience","10. Financing: Develop evidence-based strategies,11. Financing: Predictable flexible multi-year",START Network,"Alexandra Spencer, Lena Weingärtner",2019,English,https://www.anticipation-hub.org/Documents/Policy_Papers/ODI_paper_02_ANALYSING_GAPS_IN_THE_HUMANITARIAN_AND_DISASTER_RISK_FINANCING_LANDSCAPE.pdf,,Analysing Gaps in the Humanitarian and Disaster Risk Financing Landscape.webp,Analysing Gaps in the Humanitarian and Disaster Risk Financing Landscape.pdf
Annual Reports: DFI Working Group on Blended Concessional Finance for Private Sector Projects,"The report by the DFI Working Group outlines the development and implementation of blended concessional finance to unlock private sector investment for sustainable development. The focus is on crafting common standards and transparent data practices for private sector operations, addressing market failures, and avoiding market distortion while promoting minimum concessionality and enhancing trust among stakeholders. Key outcomes include the establishment of Enhanced Principles for concessional finance, with considerations for responding to crises like COVID-19 and geopolitical conflicts.

The report highlights the significant increase in concessional commitments in sectors such as finance and infrastructure, with a focus on lower middle-income countries in regions such as Sub-Saharan Africa, reflecting significant project volume increases. Challenges such as addressing climate finance, fragility in middle-income countries, and impacts stemming from the war in Ukraine are discussed alongside innovations and governance improvements to enhance concessional finance deployment. The ongoing commitment of DFIs to harmonize their efforts for greater market impact remains central through collective data analysis and sharing best practices.",Report,"Burkina Faso,Ecuador,India",Development,"Climate,Energy,Environment,Gender,Economic Development,Recovery,Protection,Peace & Security,Urban Planning,Livelihoods,Food Security & Nutrition,Governance,Resilience","7. Programming: Align with risk environment,8. Programming: National and local capacities,10. Financing: Develop evidence-based strategies,11. Financing: Predictable flexible multi-year",DFI Working Group,DFI Working Group,2023,English,https://www.ifc.org/wps/wcm/connect/topics_ext_content/ifc_external_corporate_site/bf/bf-resources/bf-dfi-ifc-annual-reports,,Annual Reports DFI Working Group on Blended Concessional Finance for Private Sector Projects.webp,Annual Reports DFI Working Group on Blended Concessional Finance for Private Sector Projects.pdf
"Applying the “Triple Nexus”; between Humanitarian, Development, and Peace in the Context of Migration Flows from Venezuela",,Case study,,"Humanitarian,Development,Peace","Displacement & Migration,Disaster Risk Reduction,Coordination,Climate,Economic Development","1. Coordination: Joint analysis,2. Coordination: Empowered leadership,3. Coordination: Political engagement,4. Programming: Prioritising prevention,5. Programming: People at the centre,6. Programming: Do no harm","Institute of Studies on Conflicts and
Humanitarian Action (IECAH)","Francisco Rey, Beatriz Abellán and Andrés Gómez",2021,"English,Spanish",https://www.r4v.info/sites/g/files/tmzbdl2426/files/2022-02/AD06-Analysis-Report_inglese.pdf,,ZGglF54SsSKarhGTZZs_l9s5KBI3bS7YdWCxqUIuirs.webp,AD06-Analysis-Report_inglese.pdf
"Applying the ""Triple Nexus""; between Humanitarian, Development, and Peace in the Context of Migration Flows from Venezuela","This report examines the application of the Humanitarian-Development-Peace (HDP) Nexus approach in responding to the Venezuelan migration crisis. The crisis exhibits a protracted nature, suggesting a need for long-term strategies, although existing interventions largely rely on short-term mechanisms due to funding constraints. Coordination through international and local platforms has improved, but common strategic objectives remain insufficiently defined. Local organizations initially played significant roles but are now overshadowed by international actors, limiting internal ownership of disaster responses. Increasing engagement with diaspora organizations is noted, yet concerns about political biases persist. While the triple nexus approach is recognized as suitable, substantial gaps remain in its operational implementation.

Humanitarian aid, addressing basic needs of migrants, still dominates in priority. Development initiatives focus on socio-economic integration, legal support, and regularization, yet face challenges due to resource constraints and regulatory obstacles. The peacebuilding component seeks to address xenophobia and promote cultural integration, but its practical impact is questioned. Recommendations emphasize the need for multi-year funding, enhanced coordination, and a stronger focus on conflict sensitivity, sustainability, and community involvement.",Report,"Argentina,Bolivia,Brazil,Chile,Colombia,Costa Rica,Dominican Republic,Ecuador","Development,Humanitarian,Peace","Recovery,Economic Development,Protection,Social Cohesion,Displacement & Migration,Governance,Resilience","7. Programming: Align with risk environment,8. Programming: National and local capacities,3. Coordination: Political engagement,1. Coordination: Joint analysis,11. Financing: Predictable flexible multi-year",Institute of Studies on Conflicts and Humanitarian Action,Institute of Studies on Conflicts and Humanitarian Action,2022,"English,Spanish",https://iecah.org/en/launching-of-the-applying-the-triple-nexus-between-humanitarian-development-and-peace-report/,,"Applying the Triple Nexus; between Humanitarian, Development, and Peace in the Context of Migration Flows from Venezuela.webp","Applying the Triple Nexus; between Humanitarian, Development, and Peace in the Context of Migration Flows from Venezuela.pdf"
Applying the HDP Nexus Approach to Better Respond to Forced Displacement: Joint Study of GIZ and UNHCR,"This joint GIZ-UNHCR study (2025) examines the implementation of the Humanitarian-Development-Peace (HDP) nexus in contexts of forced displacement through the SUN Global Programme — a multi-year collaborative initiative supporting UNHCR in facilitating the operationalisation of the Global Compact on Refugees in the HDP nexus across eleven countries. Using a Developmental Evaluation approach, the study draws on in-country data collection in Mexico, Mauritania, and Mozambique, desk-based research for Niger, Ethiopia, and Uganda, and workshops with UNHCR and GIZ staff.

Key findings cover partnership enablers and constraints, operationalisation of peace outcomes (often underinvested), and lessons on complementarity with World Bank investments. The study offers recommendations tailored to BMZ, GIZ, UNHCR, and other stakeholders.",Report,"Mexico,Mauritania,Mozambique,Niger,Ethiopia,Uganda","Humanitarian,Development,Peace","Displacement & Migration,Coordination,Financing","1. Coordination: Joint analysis,2. Coordination: Empowered leadership,9. Programming: Learning and evidence,11. Financing: Predictable flexible multi-year","GIZ, UNHCR","GIZ, UNHCR",2025,English,https://www.giz.de/sites/default/files/media/pkb-document/2025-11/hdp-nexus-approach-250821-bf-3.pdf,,Applying the HDP Nexus Approach to Better Respond to Forced Displacement Joint Study of GIZ and UNHCR.webp,Applying the HDP Nexus Approach to Better Respond to Forced Displacement Joint Study of GIZ and UNHCR.pdf
Applying the HDP Nexus in Education: promoting sustained and equitable access in fragile crisis contexts,"The policy paper discusses the application of the Humanitarian-Development-Peace (HDP) Nexus in education, focusing on fragile contexts like Burkina Faso and Mozambique. The document emphasizes the integration of humanitarian aid, development planning, and peacebuilding in education programs as vital for addressing vulnerability drivers, promoting social cohesion, and building peaceful societies. Key challenges include lack of operational understanding of the HDP Nexus, structural inequalities, limited local ownership, and disconnect between local realities and global frameworks.

Recommendations for donors and policymakers advocate for long-term, flexible financing, peace-oriented education programs, local leadership, and improved coordination between local and global actors. Case studies from Burkina Faso and Mozambique highlight successful initiatives in conflict-sensitive education and community-led disaster risk reduction. The paper underscores the need for inclusive, context-sensitive education systems that empower communities and support sustainable peace.",Policy Paper,Burkina Faso,"Development,Humanitarian,Peace","Education,Disaster Risk Reduction,Peace & Security,Protection,Social Cohesion","7. Programming: Align with risk environment,1. Coordination: Joint analysis,2. Coordination: Empowered leadership,11. Financing: Predictable flexible multi-year",Institute of Studies on Conflicts and Humanitarian Action,Institute of Studies on Conflicts and Humanitarian Action,2025,English,https://iecah.org/en/38870/,,Applying the HDP Nexus in Education promoting sustained and equitable access in fragile crisis contexts.webp,Applying the HDP Nexus in Education promoting sustained and equitable access in fragile crisis contexts.pdf
Applying the Humanitarian-Development-Peace (HDP) nexus to food and nutrition security,"Provides a framework for aligning stabilization initiatives with food security in fragile contexts, ensuring conflict-sensitive actions that foster reconciliation and resource management. Usefulness/New Knowledge: Introduces a robust, step-by-step matrix for linking agricultural development directly to conflict mitigation in resource-scarce environments like the Sahel.",Guide,Mali,"Humanitarian,Development,Peace","Food Security & Nutrition,Resilience","1. Coordination: Joint analysis,6. Programming: Do no harm",GIZ,"Carlotta Tinapp, Raymond Mehou",2025,English,https://www.giz.de/en/downloads/giz2025-en-HDP-approach-to-FNS-in-fragile-contexts.pdf,,Applying the Humanitarian-Development-Peace (HDP) nexus to food and nutrition security.webp,Applying the Humanitarian-Development-Peace (HDP) nexus to food and nutrition security.pdf
Approches du Nexus Humanitaire-Développement-Paix dans les Contextes de Conflits et de Catastrophes (French),"Version française de l'évaluation du Bureau d'Évaluation Indépendant du PNUD sur les approches nexus HDP dans les contextes de conflits et de catastrophes. L'évaluation examine l'efficacité de la programmation nexus du PNUD, notamment la coordination avec les acteurs humanitaires et de paix, l'intégration de la sensibilité aux conflits et la réalisation de résultats collectifs.",Evaluation,,"Development,Humanitarian,Peace","Peace & Security,Governance,Resilience","1. Coordination: Joint analysis,9. Programming: Learning and evidence",UNDP Independent Evaluation Office,UNDP,2024,French,https://www.undp.org/sites/g/files/zskgke326/files/2025-02/hdp-nexus-reflections-fr.pdf,,Approches du Nexus Humanitaire-Développement-Paix dans les Contextes de Conflits et de Catastrophes (French).webp,Approches du Nexus Humanitaire-Développement-Paix dans les Contextes de Conflits et de Catastrophes (French).pdf
Assessing Climate Action Interventions along the Humanitarian-Development-Peace Nexus: A Methodology for Evaluating Contributions to Resilience,"Report developing a methodology for evaluating climate action interventions along the HDP nexus — specifically tailored for assessing contributions to resilience in areas of displacement origin or destination. Addresses a monitoring and evaluation gap: how to design assessment frameworks for climate adaptation programming that is intentionally positioned across the nexus, enabling practitioners and evaluators to determine whether climate interventions are also building humanitarian, development and peace outcomes. Offers a practical methodological tool for organisations working at the intersection of climate action and nexus programming in fragile and displacement-affected contexts.",Report,,"Humanitarian,Development,Peace","Climate,Resilience,Learning & Evidence,Displacement & Migration","7. Programming: Align with risk environment,9. Programming: Learning and evidence","CGIAR, Alliance of Bioversity International","A. Savelli, S. Khalid, A. Vaselli, C. Sarzana",2023,English,https://cgspace.cgiar.org/server/api/core/bitstreams/d54ba9d2-f934-4172-821d-2b1067ebe0a2/content,,Assessing Climate Action Interventions along the Humanitarian-Development-Peace Nexus A Methodology for Evaluating Contributions to Resilience.webp,Assessing Climate Action Interventions along the Humanitarian-Development-Peace Nexus A Methodology for Evaluating Contributions to Resilience.pdf
Atelier d'établissement des Résultats collectifs pour le Triple Nexus,Examples of how to develop collective outcomes to operationalise the Triple Nexus approach.,Report,Democratic Republic of the Congo,"Humanitarian,Development,Peace",,"5. Programming: People at the centre,4. Programming: Prioritising prevention,6. Programming: Do no harm,8. Programming: National and local capacities,7. Programming: Align with risk environment",OECD,,2019,French,,,,Atelier d'établissement des Résultats collectifs pour le Triple Nexus.pdf
Beyond Relief: Securing Livelihoods and Agency for Rohingya Refugees in Bangladesh,"This policy paper explores the challenges faced by Rohingya refugees in Bangladesh, particularly those in Cox's Bazar, in securing livelihoods and maintaining agency amidst economic hardship and limited resources.

The research underscores how refugees, while receiving aid, often rely on non-aid resources like remittances and temporary work to meet their needs, reflecting their active efforts to support their families. It highlights the prevalence of family separation and debilitating debt among camp residents. Despite receiving basic food assistance, refugees struggle with expenses for health, education, and communication, accentuated by restrictions on movement, employment, and internet usage.

The paper argues for policy shifts to increase refugees' economic self-reliance, improve communication networks, and engage refugees in planning humanitarian aid. It stresses the importance of creating real livelihood opportunities which could benefit both refugees and host communities by reducing tensions and illegal migration triggers. The paper calls for greater international involvement and consideration of regional dynamics to address the complex situation affecting displaced Rohingya families.",Policy Paper,"Bangladesh,India",Humanitarian,"Gender,Livelihoods,Protection,Social Cohesion,Economic Development,Displacement & Migration,Resilience","7. Programming: Align with risk environment,5. Programming: People at the centre,8. Programming: National and local capacities,10. Financing: Develop evidence-based strategies","Brac University, The Asia Foundation, The Centre for Peace and Justice","Brac University, The Asia Foundation, The Centre for Peace and Justice",2020,English,https://asiafoundation.org/publication/beyond-relief-securing-livelihoods-and-agency-for-rohingya-refugees-in-bangladesh/,,Beyond Relief Securing Livelihoods and Agency for Rohingya Refugees in Bangladesh.webp,Beyond Relief Securing Livelihoods and Agency for Rohingya Refugees in Bangladesh.pdf
Beyond the Box: Rethinking the Nexus for a Changing World,"Chapter 7 of the Global Policy triple nexus e-book, this contribution shifts from macro discourse to examine what the HDP nexus demands from the internal organisational structures of international NGOs. The author argues that the nexus, as a donor-driven policy instrument, is designed to address problems created by the very system it seeks to reform — and that meaningful nexus implementation requires going deeper: confronting one's own organisation, leadership, colleagues, and administrative structures that stifle progress. The piece examines how grassroots organisations embedded in the international aid framework often find nexus policy debates disconnected from their daily working realities, and argues that the nexus must be reclaimed from its macro policy framing and reconstructed around local realities and organisational transformation. A provocative and practically grounded perspective for INGO practitioners.",Article,,"Humanitarian,Development,Peace","Localisation,Governance,Policy & Strategy,Coordination","8. Programming: National and local capacities,9. Programming: Learning and evidence",Centre for Humanitarian Action (CHA),,2025,English,https://www.globalpolicyjournal.com/blog/02/04/2025/beyond-box-rethinking-nexus-changing-world,,Beyond the Box Rethinking the Nexus for a Changing World.webp,Beyond the Box Rethinking the Nexus for a Changing World.pdf
Beyond the Crisis: Strengthening Nexus Coherence for Social Protection in the Occupied Palestinian Territory,"This ILO article (July 2024) documents how humanitarian and development actors working on social assistance in the Occupied Palestinian Territory maintained and accelerated nexus coordination despite the October 2023 outbreak of war in Gaza. Drawing on lessons from the Social Protection, Cash and Voucher Assistance Thematic Working Group (SPCVA TWG) — co-chaired by the Ministry of Social Development and OCHA — it shows how trust built over two years of nexus-oriented coordination prevented the approach from collapsing under extreme stress. Key lessons: flexible donor funding is essential; coordination must be institutionalised before crises hit; and the SPCVA TWG model enabled humanitarian actors to engage in development forums and vice versa. Notably relevant as a nexus resilience story in the most constrained of operating environments.",Article,"""Palestine, State of""","Humanitarian,Development","Coordination,Social Cohesion,Financing,Protection","1. Coordination: Joint analysis,2. Coordination: Empowered leadership,11. Financing: Predictable flexible multi-year",ILO,ILO,2024,English,https://www.ilo.org/resource/article/beyond-crisis-strengthening-nexus-coherence-social-protection-occupied,,Beyond the Crisis Strengthening Nexus Coherence for Social Protection in the Occupied Palestinian Territory.webp,Beyond the Crisis Strengthening Nexus Coherence for Social Protection in the Occupied Palestinian Territory.pdf
Blended Finance Solutions for Clean Energy in Humanitarian and Displacement Settings,"This NRC resource cluster documents the Norwegian Refugee Council's work on innovative financing for humanitarian contexts, centred on the NRC Capital Fund and its blended finance toolkit. The Capital Fund — launched with a Clinton Global Initiative commitment in 2024 — is designed to catalyse sustainable humanitarian funding by leveraging commercial and philanthropic capital alongside traditional ODA. 

The accompanying white paper and blended finance toolkit for clean energy explore how innovative finance instruments can bridge the humanitarian-development financing gap in fragile and conflict-affected settings. These resources are directly relevant to Recommendation 4 of the OECD DAC Nexus recommendation on diversifying and aligning financing, and contribute to the evidence base on alternative financing mechanisms for the nexus.",Report,,"Humanitarian,Development","Financing,Policy & Strategy,Energy","10. Financing: Develop evidence-based strategies,11. Financing: Predictable flexible multi-year",Norwegian Refugee Council (NRC),NRC,2024,English,https://www.nrc.no/what-we-do/capital-fund,,Blended Finance Solutions for Clean Energy in Humanitarian and Displacement Settings.webp,Blended Finance Solutions for Clean Energy in Humanitarian and Displacement Settings.pdf
BRAC in Bangladesh and beyond: bridging the humanitarian-development nexus through localisation,"This journal article explores the evolution and impact of BRAC, a non-governmental organization from Bangladesh, which has successfully bridged the humanitarian-development nexus through local community empowerment. BRAC's approach, deeply rooted in Bangladesh\'s socio-political history and its philosophy of vernacular humanitarianism, focuses on integrating emergency relief with long-term developmental objectives. 

The article examines BRAC's global expansion and adaptation of its model in countries like Afghanistan and Sri Lanka, highlighting challenges in managing expectations and maintaining cultural sensitivity. BRAC's reputation for combining humanitarian aid and development has positioned it as a leading actor in humanitarian responses like the Rohingya refugee crisis.

The article also scrutinizes the concept of localization in humanitarian aid, bringing to light the tension between BRAC's identity as a local and international actor and its role in advocating for local empowerment and decision-making. Ultimately, BRAC's strategies emphasize learning from local contexts and integrating humanitarian and developmental goals, offering significant insights for both localization and the nexus between humanitarian and development sectors.",Journal Article,"Afghanistan,Bangladesh","Development,Humanitarian","Education,Economic Development,Displacement & Migration,Governance,Resilience","5. Programming: People at the centre,8. Programming: National and local capacities,11. Financing: Predictable flexible multi-year","BRAC, University of Manchester","Jérôme Oberreit, K.A.M. Morshed, Md. Akramul Islam, Nicola Banks, Sophie Roborgh",2024,English,https://www.tandfonline.com/doi/full/10.1080/09614524.2023.2273756,,BRAC in Bangladesh and beyond bridging the humanitarian-development nexus through localisation.webp,BRAC in Bangladesh and beyond bridging the humanitarian-development nexus through localisation.pdf
Breaking boundaries: local and national actors' engagement in the humanitarian-development-peace nexus,"The report, authored by Dorothy Mae Albiento, explores local and national actors' (LNAs) engagement in the humanitarian-development-peace (HDP) nexus. It highlights the integration of these three sectors in LNA programming, emphasizing community engagement, gender inclusion, and peace-building, in contrast to the segmented approach of international actors.

The study draws insights from surveys and interviews with LNAs across 22 countries, identifying how LNAs' proximity to communities allows them to address short-term and long-term needs flexibly. Challenges include siloed funding and complex donor requirements, which restrict effective implementation. The report calls for enhanced international support for LNAs, advocating for flexible financing, inclusion in decision-making, and better measurement of program impacts.

Recommendations focus on showcasing LNA practices, involving them in global strategy design, and increasing direct funding to LNAs to support sustainable, holistic solutions.",Report,"Afghanistan,Burundi,Colombia,Ethiopia,Iraq,Democratic Republic of the Congo","Development,Humanitarian,Peace","Gender,Economic Development,Social Cohesion,Peace & Security,Displacement & Migration,Governance,Resilience","5. Programming: People at the centre,8. Programming: National and local capacities,11. Financing: Predictable flexible multi-year","ALNAP, ODI",Dorothy Mae Albiento,2025,English,https://alnap.org/help-library/resources/breaking-boundaries-lnas-engagement-in-the-hdp-nexus/,,Breaking boundaries local and national actors' engagement in the humanitarian-development-peace nexus.webp,Breaking boundaries local and national actors' engagement in the humanitarian-development-peace nexus.pdf
Breaking boundaries: local and national actors' engagement in the humanitarian–development–peace nexus,"While the international system struggles to practically implement humanitarian-development-peace (HDP) nexus approaches, local and national actors (LNAs) are already making it work – naturally integrating the three pillars in their work with communities. Yet still the voices and experiences of LNAs remain sidelined from system discussions and learning around the nexus.

ALNAP’s Learning Curve webinar ‘Breaking Boundaries: Local & National Actors’ Engagement in the HDP Nexus’ took place on March 18 during HNPW (Humanitarian Networks and Partnerships Week). The session brought together LNAs and international actors for a dynamic discussion, confronting the limitations of the current system and exploring the transformative potential of locally-led nexus approaches.",Webinar recording,,"Humanitarian,Development,Peace","Governance,Social Cohesion","8. Programming: National and local capacities,9. Programming: Learning and evidence",ALNAP,ALNAP,2025,English,https://www.youtube.com/live/GNZIJBftLoU,,Breaking boundaries local and national actors' engagement in the humanitarian–development–peace nexus.webp,
Bridging the Divide [Arabic]: A Guide to Implementing the HDP Nexus for Health (Second Edition),"Despite growing consensus on the value of the humanitarian development and peace nexus (HDPNx) approach also known as the New Way of Working practical guidance on how to apply it effectively in the health sector has long been lacking. The HDPNx approach seeks to leverage the comparative advantages of different actors to improve efficiency and sustainability reduce duplication and service delivery gaps address the root causes of emergencies and support transitions from humanitarian response to stabilization recovery and development. To address this gap this guide was developed as a practical tool to support the implementation of the HDPNx approach in health-related contexts.

The first edition published in 2020 aimed to help health actors operationalize the approach in a coordinated multisectoral manner. Since then advances in both understanding and application of the approach have emerged. This second edition builds on the foundation of the original guide incorporating recent developments and operational learning to ensure continued relevance and effectiveness.",Guide,,"Humanitarian,Development,Peace","Health,Coordination,Financing","1. Coordination: Joint analysis,2. Coordination: Empowered leadership,9. Programming: Learning and evidence",WHO Regional Office for the Eastern Mediterranean (EMRO),WHO EMRO,2025,Arabic,https://www.emro.who.int/e-library/latest-publications/bridging-the-divide-a-guide-to-implementing-the-humanitarian-development-peace-nexus-for-health-second-edition.html,,Bridging the Divide [Arabic] A Guide to Implementing the HDP Nexus for Health (Second Edition).webp,Bridging the Divide [Arabic] A Guide to Implementing the HDP Nexus for Health (Second Edition).pdf
Bridging the Divide: A Guide to Implementing the HDP Nexus for Health (Second Edition),"Despite growing consensus on the value of the humanitarian development and peace nexus (HDPNx) approach also known as the New Way of Working practical guidance on how to apply it effectively in the health sector has long been lacking. The HDPNx approach seeks to leverage the comparative advantages of different actors to improve efficiency and sustainability reduce duplication and service delivery gaps address the root causes of emergencies and support transitions from humanitarian response to stabilization recovery and development. To address this gap this guide was developed as a practical tool to support the implementation of the HDPNx approach in health-related contexts.

The first edition published in 2020 aimed to help health actors operationalize the approach in a coordinated multisectoral manner. Since then advances in both understanding and application of the approach have emerged. This second edition builds on the foundation of the original guide incorporating recent developments and operational learning to ensure continued relevance and effectiveness.",Guide,,"Humanitarian,Development,Peace","Health,Coordination,Financing","1. Coordination: Joint analysis,2. Coordination: Empowered leadership,9. Programming: Learning and evidence",WHO Regional Office for the Eastern Mediterranean (EMRO),WHO EMRO,2025,English,https://www.emro.who.int/e-library/latest-publications/bridging-the-divide-a-guide-to-implementing-the-humanitarian-development-peace-nexus-for-health-second-edition.html,,Bridging the Divide A Guide to Implementing the HDP Nexus for Health (Second Edition).webp,Bridging the Divide A Guide to Implementing the HDP Nexus for Health (Second Edition).pdf
Bridging the Fragility Gap: Climate Action in Fragile and Conflict-Affected Situations,"This Mercy Corps report (May 2025) addresses two interrelated challenges: how to increase climate adaptation investments in fragile and conflict-affected situations (FCS), and how to spend such funding on interventions that actually work. Drawing on perspectives from bilateral donors, international financial institutions, peer organisations, and Mercy Corps programme teams in Colombia, Iraq, Kenya, Somalia, and Uganda, the report identifies concrete recommendations to better align climate finance and programming for underserved communities on the frontlines of the climate crisis. It argues that while the fragility barriers to climate finance are real, they are not insurmountable — and examines how conflict-sensitive, flexible, and locally-anchored programme approaches can deliver adaptation outcomes even in the most challenging contexts. Updates the 2023 'Overcoming the Fragility Barrier' series with fresh evidence and new financing landscape analysis.",Report,"Colombia,Iraq,Kenya,Somalia,Uganda","Humanitarian,Development,Peace","Climate,Financing,Resilience,Policy & Strategy","6. Programming: Do no harm,7. Programming: Align with risk environment",Mercy Corps,Mercy Corps,2025,English,https://www.mercycorps.org/research-resources/bridging-fragility-gap,,Bridging the Fragility Gap Climate Action in Fragile and Conflict-Affected Situations.webp,Bridging the Fragility Gap Climate Action in Fragile and Conflict-Affected Situations.pdf
Building Evidence for Climate Adaptation and Peacebuilding: Insights from the Ben ni Baara Programme in Mali,"This Mercy Corps research overview (April 2025) summarises the evidence from the Ben ni Baara ('Work and Peace') programme — a Sida-funded human security initiative implemented in central and southern Mali from 2020 to 2024 by Mercy Corps in collaboration with International Alert and Humanity & Inclusion. The overview synthesises findings from two companion studies (Building Bonds of Trust and Weathering Change) on how locally-led conflict resolution structures and climate adaptation efforts enhance resilience and social cohesion. Key findings demonstrate that integrating conflict-awareness with climate adaptation activities produces greater impact on conflict reduction than either approach alone, and highlight how the Assessment for Adaptation to Conflict and Climate Trends (AACCT) methodology helps practitioners identify context-specific entry points. Directly relevant to Mali-specific and Sahel-wide nexus practitioners.",Report,Mali,"Humanitarian,Development,Peace","Climate,Peace & Security,Resilience,Conflict Sensitivity","6. Programming: Do no harm,9. Programming: Learning and evidence","Mercy Corps, International Alert, Humanity & Inclusion",Mercy Corps,2025,English,https://europe.mercycorps.org/en-gb/research-resources/evidence-climate-adaptation-peacebuilding-mali,,Building Evidence for Climate Adaptation and Peacebuilding Insights from the Ben ni Baara Programme in Mali.webp,Building Evidence for Climate Adaptation and Peacebuilding Insights from the Ben ni Baara Programme in Mali.pdf
Building Institutional Capacity for Conflict Sensitive Practice,"This paper examines how organisations can build the institutional capacity required to implement conflict-sensitive practice systematically and effectively. It goes beyond individual staff training to address the organisational systems, structures, policies and cultures needed to embed conflict sensitivity throughout an institution. Key dimensions addressed include: leadership and management commitment to conflict sensitivity; human resources and staff capacities; programme systems and tools for conflict sensitivity; monitoring and accountability frameworks; and organisational learning.

The paper provides practical guidance for international NGOs, UN agencies and donors seeking to move from ad hoc conflict sensitivity practice to institutional mainstreaming.",Policy Brief,,"Development,Humanitarian,Peace","Governance,Peace & Security,Resilience","6. Programming: Do no harm,7. Programming: Align with risk environment,8. Programming: National and local capacities,9. Programming: Learning and evidence",,,2015,English,https://www.international-alert.org/publications/building-institutional-capacity-conflict-sensitive-practice/,,Building Institutional Capacity for Conflict Sensitive Practice.webp,Building Institutional Capacity for Conflict Sensitive Practice.pdf
"Building peace, building states? Examining the Humanitarian – Development – Peace Nexus in Colombia's PDET regions","This academic publication, listed through Duke University Scholars, examines the intersection between the humanitarian-development-peace nexus and state-building processes in fragile and conflict-affected settings. The nexus framework is inherently political: its emphasis on supporting national authorities, building national capacities, and aligning international assistance with national plans inevitably involves engagement with processes of state formation and state legitimacy.

The paper interrogates what it means to 'build states' through nexus approaches — examining whether the nexus reinforces, challenges, or reconfigures existing state-society relationships in fragile contexts. It analyses the tensions between humanitarian principles of independence and neutrality and the nexus's implicit state-centric orientation, and asks whether the nexus framework adequately accounts for the contested, partial, and sometimes predatory nature of the states with which it engages.

Drawing on theoretical frameworks from international relations and peace studies alongside empirical evidence from nexus implementation, the paper contributes to scholarly debates about the political economy of the triple nexus.",Journal Article,Colombia,"Peace,Humanitarian,Development","Governance,Peace & Security,Social Cohesion","4. Programming: Prioritising prevention,8. Programming: National and local capacities",Duke University,"Angelika Rettberg, Federico Dupont",2025,English,https://scholars.duke.edu/publication/1664546,,"Building peace, building states Examining the Humanitarian – Development – Peace Nexus in Colombia's PDET regions.webp","Building peace, building states Examining the Humanitarian – Development – Peace Nexus in Colombia's PDET regions.pdf"
Can Market Approaches Catalyze Self-Reliance for Forcibly Displaced and Host Populations?,"This journal article examines the potential of market systems approaches to foster self-reliance among forcibly displaced and host populations. As the number of refugees globally reaches staggering proportions and displacement becomes increasingly protracted, traditional aid dependency is unsustainable. Various constraints faced by forcibly displaced populations, such as lack of legal status, limited access to finance, and sociocultural challenges, hinder successful market integration. 

The article emphasizes the need for systems-based solutions that address both displaced and host communities' challenges, while promoting economic opportunities and inclusive growth. Recommendations include conducting detailed assessments to understand target populations, using trusted intermediaries, creatively partnering with refugee-led organizations, and combining direct interventions with broader systemic approaches.

Through case studies and program examples, it illustrates successful strategies to empower displaced populations economically, suggesting ways to overcome barriers and optimize participation in host markets.",Article,Ethiopia,Development,"Livelihoods,Gender,Governance,Protection,Peace & Security,Economic Development,Social Cohesion,Displacement & Migration,Resilience","7. Programming: Align with risk environment,5. Programming: People at the centre,4. Programming: Prioritising prevention,8. Programming: National and local capacities,1. Coordination: Joint analysis,10. Financing: Develop evidence-based strategies",Market Crisis Group & Refugee Self-Reliance Initiative,Refugee Self-Reliance Initiative,2024,English,https://www.refugeeselfreliance.org/resource-database1/can-market-systems-approaches-catalyze-self-reliance-for-forcibly-displaced-and-host-populations,,Can Market Approaches Catalyze Self-Reliance for Forcibly Displaced and Host Populations.webp,Can Market Approaches Catalyze Self-Reliance for Forcibly Displaced and Host Populations.pdf
Capacity and complementarity in the Rohingya response in Bangladesh,"This paper examines capacity and complementarity in the humanitarian response to the Rohingya refugee crisis in Cox\'s Bazar, Bangladesh, following the mass displacement from Myanmar in 2017. It outlines the roles of various stakeholders, including refugees, host communities, state actors, local/national humanitarian actors, and international organizations. Local and national actors have significant capacity in disaster response, but responding to the refugee crisis requires specific humanitarian and protection capacities. Capacity is perceived differently by stakeholders, with international actors viewed as having technical and financial resources, and local actors offering contextual knowledge.

Capacity strengthening through training is common, although it overlooks structural challenges and power dynamics that hinder capacity actualization. Complementarity is limited by parallel coordination systems, divergent objectives, funding constraints, and power imbalances between local and international actors. While isolated instances of complementarity exist, broader efforts are needed to foster cooperation and leverage the strengths of all actors to support effective humanitarian outcomes for affected communities.",Report,Bangladesh,Humanitarian,"Protection,Displacement & Migration,Governance","7. Programming: Align with risk environment,5. Programming: People at the centre,1. Coordination: Joint analysis,10. Financing: Develop evidence-based strategies",ODI,"Caitlin Wake, John Bryant",2018,English,https://odi.org/en/publications/capacity-and-complementarity-in-the-rohingya-response-in-bangladesh/,,Capacity and complementarity in the Rohingya response in Bangladesh.webp,Capacity and complementarity in the Rohingya response in Bangladesh.pdf
CARE Nepal's Strategy on Conflict Sensitivity and Peace Building 2008-2012,"This strategic document outlines CARE Nepal's approach to conflict sensitivity and peacebuilding for the period 2008-2012, during and after Nepal's decade-long Maoist armed conflict. The strategy defines CARE's commitment to conflict-sensitive programming — ensuring that all interventions do no harm, do not inadvertently fuel conflict, and actively contribute to peace where possible. It includes: a conflict analysis of Nepal's context; CARE Nepal's vision for conflict-sensitive programming; operational guidance for programme staff; and specific strategies for integrating peacebuilding into CARE's development and humanitarian programmes. The document provides an early example of an NGO operationalising conflict sensitivity principles within a specific country context.",Strategy,Nepal,"Development,Humanitarian,Peace","Peace & Security,Social Cohesion,Governance,Resilience","4. Programming: Prioritising prevention,5. Programming: People at the centre,6. Programming: Do no harm,7. Programming: Align with risk environment,8. Programming: National and local capacities,9. Programming: Learning and evidence",CARE Nepal,,2008,English,https://www.peaceinfrastructures.org/sites/g/files/zskgke471/files/Home%20Documents/Care%20Nepal%E2%80%99s%20Strategy%20on%20Conflict%20Sensitivity%20Peace%20Building%20(2008-2012)/Care_StrategyConflictSensitivity-Nepal_2008.pdf,,CARE Nepal's Strategy on Conflict Sensitivity and Peace Building 2008-2012.webp,CARE Nepal's Strategy on Conflict Sensitivity and Peace Building 2008-2012.pdf
Case study: Operationalising the 'triple nexus',"The report, produced by Altai Consulting for the European Union, provides an overview of the humanitarian-development-peace (HDP) nexus, or 'triple nexus,' relevant to the European Union Emergency Trust Fund for Africa (EUTF). Through interviews with various stakeholders, the study addresses the HDP nexus\'s effectiveness in coordinating humanitarian, development, and peace actions.

Highlighting initiatives in regions like the Sahel, Lake Chad, Horn of Africa, and North Africa, the report notes the emerging frameworks and programs aimed at aligning actions across sectors. Despite advances, integrating the peace component remains challenging due to risks perceived around operational neutrality.

The report suggests improving coordination through joint analysis and planning, addressing funding cycles misalignments, and stressing the importance of empowering local actors and considering gender and climate change in nexus strategies. Lessons learned are aimed at enhancing coordination and strategic outcomes across the HDP spheres.",Report,"Burkina Faso,Chad","Development,Humanitarian,Peace","Climate,Gender,Disaster Risk Reduction,Livelihoods,Governance,Food Security & Nutrition,Protection,Social Cohesion,Economic Development,Resilience","7. Programming: Align with risk environment,4. Programming: Prioritising prevention,8. Programming: National and local capacities,1. Coordination: Joint analysis,11. Financing: Predictable flexible multi-year","Altai Consulting, European Union (EU)","Altai Consulting, European Union.",2022,English,https://trust-fund-for-africa.europa.eu/document/download/7edc88d8-326b-4bde-8752-10f281a49e4a_en?filename=EUTF%20SLC%202021%20Case%20study%20-%20Triple%20nexus.pdf&amp;prefLang=hr,,Case study Operationalising the 'triple nexus'.webp,Case study Operationalising the 'triple nexus'.pdf
"CEIPAZ Nota de Análisis 1/2025: El Debate Abierto del Consejo de Seguridad sobre Mujeres, Paz y Seguridad","This CEIPAZ analytical note (February 2025) examines the UN Security Council's annual open debate on Women, Peace and Security (WPS), held under the theme 'Women Build Peace in a Changing Environment'. Drawing on the statements of the UN Deputy Secretary-General and UN Women Executive Director, the note documents the alarming global regression on WPS implementation documented in the Secretary-General's 2024 report on Resolution 1325.

It highlights the growing backlash against gender terminology and equality commitments by some governments, and its consequences for UN and civil society work. The note is part of the CEIPAZ project on WPS and the HDP triple nexus in Spanish cooperation.",Policy Brief,,"Humanitarian,Development,Peace","Gender,Peace & Security,Policy & Strategy",6. Programming: Do no harm,CEIPAZ,Manuela Mesa,2025,Spanish,https://ceipaz.org/wp-content/uploads/2025/09/1.-Nota-de-analisis-COnsejo-Seguridad-MPS.pdf,,"CEIPAZ Nota de Análisis 12025 El Debate Abierto del Consejo de Seguridad sobre Mujeres, Paz y Seguridad.webp","CEIPAZ Nota de Análisis 12025 El Debate Abierto del Consejo de Seguridad sobre Mujeres, Paz y Seguridad.pdf"
CEIPAZ Nota de Análisis 2/2025: El Enfoque del Triple Nexo desde una Perspectiva de Género,"This CEIPAZ analytical note (April 2025) examines the triple nexus (HDP) approach from a gender perspective, arguing that integrating gender equality into humanitarian action, development, and peacebuilding is essential to ensure sustainable peace and effective interventions.

The note situates the gender perspective within the OECD DAC Recommendation and traces the historical evolution of the nexus from the double to the triple nexus. It addresses current challenges including funding fragmentation, tensions between humanitarian principles and political objectives, and the critical role of gender-sensitive conflict analysis.

Written in Spanish as part of the CEIPAZ WPS-HDP project, this is the Spanish-language companion to the CEIPAZ English Review Paper on the same theme.",Policy Brief,,"Humanitarian,Development,Peace","Gender,Policy & Strategy,Conflict Sensitivity","6. Programming: Do no harm,9. Programming: Learning and evidence",CEIPAZ,Elena Boschiero,2025,Spanish,https://ceipaz.org/wp-content/uploads/2025/09/2.-Nota-de-analisis-Triple-Nexo.pdf,,CEIPAZ Nota de Análisis 22025 El Enfoque del Triple Nexo desde una Perspectiva de Género.webp,CEIPAZ Nota de Análisis 22025 El Enfoque del Triple Nexo desde una Perspectiva de Género.pdf
"CEIPAZ Nota de Análisis 3/2025: Mujeres, Paz y Seguridad y Acción Humanitaria — hacia la convergencia de agendas","This CEIPAZ analytical note (2025) examines the convergence of the Women, Peace and Security (WPS) agenda and humanitarian action, tracing the evolution of gender integration in humanitarian response from ECOSOC resolutions to the Call to Action on Gender-Based Violence in Emergencies. The note documents how gender-based violence — particularly sexual violence in conflict — has been increasingly integrated into the WPS framework through successive Security Council resolutions (1820, 1888, 1960, 2016), and analyses remaining gaps in funding and implementation. It argues for stronger convergence between the WPS and humanitarian agendas within the triple nexus framework. Part of the CEIPAZ WPS-HDP project in Spanish cooperation.",Policy Brief,,"Humanitarian,Development,Peace","Gender,Peace & Security,Coordination",6. Programming: Do no harm,CEIPAZ,Manuela Mesa,2025,Spanish,https://ceipaz.org/wp-content/uploads/2025/09/3.-Nota-de-analisis-MPS-y-Accion-Humanitaria.pdf,,"CEIPAZ Nota de Análisis 32025 Mujeres, Paz y Seguridad y Acción Humanitaria — hacia la convergencia de agendas.webp","CEIPAZ Nota de Análisis 32025 Mujeres, Paz y Seguridad y Acción Humanitaria — hacia la convergencia de agendas.pdf"
CEIPAZ Nota de Análisis 4/2025: Análisis de Experiencias de Triple Nexo en el Norte de Mozambique — una Experiencia Comunitaria,"This CEIPAZ analytical note (2025), prepared by researchers from Gernika Gogoratuz, the University of Coimbra, and CEAP (Cabo Delgado), offers a critical analysis of triple nexus implementation in northern Mozambique from a feminist and decolonial perspective. It is based on experience presented at the CEIPAZ seminar on WPS and the HDP nexus in Spanish cooperation.

The note argues that the dominant triple nexus approaches remain top-down, reproduce unequal power relations and Western intervention models, and fail to incorporate local knowledge and community agency — particularly that of grassroots women. It calls for a fundamental rethinking of the nexus from the perspective of community agendas and local capacity strengthening, moving beyond colonial and paternalistic frameworks. A rare critical, feminist, and decolonial voice in the Spanish-language nexus literature.",Policy Brief,Mozambique,"Humanitarian,Development,Peace","Gender,Localisation,Conflict Sensitivity,Peace & Security","6. Programming: Do no harm,8. Programming: National and local capacities","CEIPAZ, Gernika Gogoratuz","Jokin Alberdi Bidaguren, Teresa Cunha, Alberto Ernesto",2025,Spanish,https://ceipaz.org/wp-content/uploads/2025/09/4.-Nota-de-analisis-experiencia-Mozambique.pdf,,CEIPAZ Nota de Análisis 42025 Análisis de Experiencias de Triple Nexo en el Norte de Mozambique — una Experiencia Comunitaria.webp,CEIPAZ Nota de Análisis 42025 Análisis de Experiencias de Triple Nexo en el Norte de Mozambique — una Experiencia Comunitaria.pdf
CEIPAZ Review Paper: The Triple Nexus Approach from a Gender Perspective,"This CEIPAZ Review Paper (October 2025) provides a comprehensive analysis of the triple nexus (HDP) approach through a gender lens, examining how integrating the Women, Peace and Security (WPS) agenda into nexus programming can improve equity and effectiveness. The paper traces the historical evolution from the 'double nexus' to the triple nexus, and argues that a gender perspective is an essential cross-cutting issue for ensuring that women, girls and other vulnerable groups are addressed as agents of change — not merely beneficiaries — in humanitarian action, development, and peacebuilding. It situates its analysis within the OECD DAC Recommendation and the UNSC Resolution 1325 framework, and explores current challenges including tensions between humanitarian principles and political objectives, and the fragmentation of gender-responsive financing. Part of the CEIPAZ project on WPS and the HDP nexus in Spanish cooperation, funded by AECID.",Report,,"Humanitarian,Development,Peace","Gender,Policy & Strategy,Coordination","6. Programming: Do no harm,9. Programming: Learning and evidence",CEIPAZ,Elena Boschiero,2025,English,https://ceipaz.org/wp-content/uploads/2025/10/English-CEIPAZ-Review-Paper-HDP-with-gender_compressed.pdf,,CEIPAZ Review Paper The Triple Nexus Approach from a Gender Perspective.webp,CEIPAZ Review Paper The Triple Nexus Approach from a Gender Perspective.pdf
Chad Crisis Response Plan 2025 - 2026,"Outlines IOM's integrated HDP approach to address immediate displacement needs alongside long-term durable solutions, housing, and cross-border humanitarian assistance. Usefulness/New Knowledge: A practical, forward-looking operational blueprint illustrating how to sequence short-term relief with long-term housing solutions in cross-border crises.",Report,"Chad,Sudan","Humanitarian,Development,Peace","Displacement & Migration,Resilience","1. Coordination: Joint analysis,10. Financing: Develop evidence-based strategies",IOM,IOM,2025,English,https://crisisresponse.iom.int/sites/g/files/tmzbdl1481/files/appeal/pdf/2026_Chad_Crisis_Response_Plan_2025__2026.pdf,,Chad Crisis Response Plan 2025 - 2026.webp,Chad Crisis Response Plan 2025 - 2026.pdf
Changing People's Lives from Delivering Aid to Ending Need,"This document captures the commitment to action from the 2016 World Humanitarian Summit to 'transcend humanitarian-development divides' — one of the five Core Responsibilities of the Agenda for Humanity. It commits humanitarian and development actors to implement a 'New Way of Working' that meets immediate humanitarian needs while simultaneously reducing risk and vulnerability and working towards collective outcomes that support the achievement of the 2030 Agenda. 

The document articulates the paradigm shift required: moving from siloed, short-term humanitarian and development programming to integrated, multi-year approaches with a greater diversity of partners. It calls for putting affected people at the centre, anticipating rather than just reacting to crises, and developing national systems rather than parallel delivery structures.",Policy Paper,,"Development,Humanitarian,Peace","Governance,Resilience,Peace & Security","1. Coordination: Joint analysis,2. Coordination: Empowered leadership,3. Coordination: Political engagement,4. Programming: Prioritising prevention,5. Programming: People at the centre,8. Programming: National and local capacities,10. Financing: Develop evidence-based strategies,11. Financing: Predictable flexible multi-year",United Nations (World Humanitarian Summit),,2016,English,https://agendaforhumanity.org/transformation/35.html,,Changing People's Lives from Delivering Aid to Ending Need.webp,
Checklist of Potential Entry Points/Areas to Explore for Cluster: HDP Nexus,"This practical tool provides humanitarian cluster coordinators and members with a structured checklist of potential entry points and areas to explore for integrating the Humanitarian-Development-Peace (HDP) Nexus into cluster coordination and programming. It identifies specific opportunities for clusters to build linkages with development actors, incorporate peace and conflict sensitivity dimensions, align with national development frameworks, and contribute to collective outcomes.

The checklist is organised around key operational areas including joint analysis, planning, resource mobilisation, monitoring and accountability, covering both intra-cluster activities and inter-pillar coordination mechanisms.",Guide,,"Development,Humanitarian,Peace","Governance,Resilience","1. Coordination: Joint analysis,2. Coordination: Empowered leadership,5. Programming: People at the centre,9. Programming: Learning and evidence",Inter-Agency Standing Committee (IASC),,2021,English,https://www.cccmcluster.org/resources/iasc-checklist-advancing-humanitarian-development-peace-nexus-approach,,Checklist of Potential Entry PointsAreas to Explore for Cluster HDP Nexus.webp,Checklist of Potential Entry PointsAreas to Explore for Cluster HDP Nexus.pdf
Chemins pour la paix: Approches inclusives pour la prévention des conflits violents — Résumé exécutif,"French-language executive summary of the joint World Bank and United Nations flagship study on inclusive approaches to preventing violent conflict. The parent publication examines the evidence base for how humanitarian, development and peace efforts can be better aligned to address the drivers of violent conflict and reduce crisis risk. This French executive summary makes the core findings accessible to Francophone practitioners and policymakers, including in the Sahel, Central Africa and the Great Lakes region where French is the primary working language for much of the humanitarian and development community.",Report,,"Development,Peace","Peace & Security,Conflict Sensitivity,Governance,Resilience","4. Programming: Prioritising prevention,3. Coordination: Political engagement","World Bank, United Nations","World Bank, United Nations",2018,French,https://openknowledge.worldbank.org/bitstream/handle/10986/28337/211162ovFR.pdf?sequence=13&isAllowed=y,,Chemins pour la paix Approches inclusives pour la prévention des conflits violents — Résumé exécutif.webp,Chemins pour la paix Approches inclusives pour la prévention des conflits violents — Résumé exécutif.pdf
Climate Action in Conflict and Fragile Settings: Closing the Implementation Gap,"This ICRC blog post (November 2024) reflects on progress — and the continuing gap — in climate action for conflict and fragile settings, written at the onset of COP29. The authors review the COP28 Declaration on Climate, Relief, Recovery and Peace — signed by over 80 states and 40 organisations — and assess how far political commitments have been translated into tangible outcomes. They argue that climate change and conflict compound each other: conflict worsens communities' adaptive capacity while climate stress intensifies conflict risks.

The piece examines structural barriers — institutional aversion to risk, inability to programme in insecure areas, and mismatch between climate fund design and fragile governance contexts — and proposes practical pathways including fit-for-purpose financing instruments and stronger HDP-climate nexus coordination. Directly relevant for practitioners and policymakers working at the intersection of climate, peace, and humanitarian action.",Article,,"Humanitarian,Development,Peace","Climate,Financing,Policy & Strategy",7. Programming: Align with risk environment,International Committee of the Red Cross (ICRC),"Catherine-Lune Grayson, Amir Khouzam",2024,English,https://blogs.icrc.org/law-and-policy/2024/11/12/climate-action-in-conflict-and-fragile-settings-closing-the-implementation-gap/,,Climate Action in Conflict and Fragile Settings Closing the Implementation Gap.webp,Climate Action in Conflict and Fragile Settings Closing the Implementation Gap.pdf
Climate Resilience and the HDP Nexus in Contexts of Protracted Displacement: Lessons from Jordan,"This 115-page CGIAR research report (2024), conducted under the CGIAR Initiative on Fragility, Conflict, and Migration (FCM), explores the intersections of climate resilience, displacement, and development within the HDP nexus framework in Jordan — one of the world's most water-scarce countries and largest refugee-hosting nations per capita.

The study examines how rising temperatures, erratic rainfall, and increasing droughts exacerbate existing vulnerabilities in a context of rapid population growth driven by refugee influxes. It provides evidence-based recommendations for fostering climate resilience and social cohesion in fragile settings affected by protracted displacement, drawing on the Anticipatory Approaches in Host Communities for Emergency Preparedness and Disaster Mitigation (AHEAD) research in Irbid and Ramtha municipalities.",Report,Jordan,"Humanitarian,Development","Climate,Displacement & Migration,Resilience","1. Coordination: Joint analysis,7. Programming: Align with risk environment,9. Programming: Learning and evidence","CGIAR Initiative on Fragility, Conflict and Migration (FCM)","Schapendonk, F.; Jaskolski, M.; Meddings, G.; Läderach, P.; Pacillo, G.; Diebold, N.",2024,English,https://reliefweb.int/report/jordan/climate-resilience-and-humanitarian-development-peace-nexus-contexts-protracted-displacement-lessons-jordan,,Climate Resilience and the HDP Nexus in Contexts of Protracted Displacement Lessons from Jordan.webp,Climate Resilience and the HDP Nexus in Contexts of Protracted Displacement Lessons from Jordan.pdf
Co-ordination across the Humanitarian-Development-Peace Nexus,"This paper provides a detailed analysis of co-ordination amongst organisations engaging in fragile and conflict-affected contexts. Co-ordination is the first pillar of the Development Assistance Committee (DAC) Recommendation on the Humanitarian-Development-Peace (HDP) Nexus adopted by the DAC in 2019. Effective co-ordination is critical to the success of HDP Nexus approaches.

However, despite a limited donor base and implementing entities, challenges persist in co-ordinating actions across humanitarian, development, and peace sectors. Exploring a spectrum of co-ordination approaches, this paper aims to inform policy discussions with a renewed attention on development effectiveness and coherent approaches.",Policy Paper,"Cameroon,Central African Republic,Chad,Democratic Republic of the Congo","Development,Humanitarian,Peace","Protection,Disaster Risk Reduction,Governance,Resilience","1. Coordination: Joint analysis,2. Coordination: Empowered leadership,11. Financing: Predictable flexible multi-year",OECD,"Dan Schreiber, Sophia Swithern",2023,English,https://www.oecd.org/en/publications/co-ordination-across-the-humanitarian-development-peace-nexus_fd302760-en.html,,Co-ordination across the Humanitarian-Development-Peace Nexus.webp,Co-ordination across the Humanitarian-Development-Peace Nexus.pdf
Coherence in Conflict: Bringing Humanitarian and Development Aid Streams Together,"This paper examines the practical challenge of achieving coherence between humanitarian and development aid streams in conflict-affected contexts, drawing on case study evidence. It analyses the systemic, institutional and operational barriers that prevent humanitarian and development actors from effectively coordinating and working towards shared objectives.

Key themes include: structural funding differences between humanitarian and development aid; conflicting mandates and principles; the challenge of transitioning from crisis response to long-term development; and the conditions under which coherence is achievable. The paper provides recommendations for donors, UN agencies and NGOs on how to create enabling conditions for more coherent programming in conflict settings.",Report,,"Development,Humanitarian,Peace","Governance,Resilience,Peace & Security","1. Coordination: Joint analysis,2. Coordination: Empowered leadership,9. Programming: Learning and evidence,10. Financing: Develop evidence-based strategies,11. Financing: Predictable flexible multi-year",,,2018,English,https://um.dk/media/k3qlptkt/coherence-in-conflict_web-1.pdf,,Coherence in Conflict Bringing Humanitarian and Development Aid Streams Together.webp,Coherence in Conflict Bringing Humanitarian and Development Aid Streams Together.pdf
Collaboration for Inclusion and Solutions: Good Practices and Opportunities,"The brief outlines the collaborative efforts between UNDP and UNHCR from 2023-2025 to address issues related to forcibly displaced and stateless persons through the integration of Sustainable Development Goals (SDGs). The collaboration aims to enhance access to livelihoods, uphold the rule of law, and improve governance across national and local institutions within the humanitarian-development-peace (HDP) nexus. 

Key projects include initiatives in Myanmar to facilitate refugee returns with recovery and resilience-focused activities and the Regional Refugee and Resilience Plan (3RP) to manage the Syrian crisis impact in countries like Turkey, Lebanon, and Jordan. Collaboration in countries such as Burkina Faso and Colombia seeks to promote durable solutions, social cohesion, and improve living conditions in host communities affected by displacement and insecurity.

The collaboration underlines the significance of international cooperation, shared responsibility, and innovative financing to address the drivers of forced displacement and support peacebuilding efforts worldwide.",Policy Brief,"Burkina Faso,Colombia","Development,Humanitarian,Peace","Peace & Security,Livelihoods,Displacement & Migration,Resilience","7. Programming: Align with risk environment,1. Coordination: Joint analysis,10. Financing: Develop evidence-based strategies","UNDP, UNHCR, United Nations","UNDP, UNHCR",2023,English,https://www.undp.org/publications/collaboration-inclusion-and-solutions-good-practices-and-opportunities,,Collaboration for Inclusion and Solutions Good Practices and Opportunities.webp,Collaboration for Inclusion and Solutions Good Practices and Opportunities.pdf
Collecting experiences of Humanitarian-Development-Peace (HDP) nexus approaches Part 2: Africa,"The report details Sweden's pursuit of a coherent Humanitarian-Development-Peace (HDP) nexus approach in African countries from 2020-2022, aimed at harmonizing humanitarian, development, and peace efforts. 

Sida has enhanced resilience and nexus capacities, established a nexus committee, and developed guidance to advance HDP priorities, particularly in the Democratic Republic of Congo, Ethiopia, Kenya, Mali, Mozambique, Burkina Faso, and other nations. Emphasis is placed on aligning programming with risks, building resilience, and fostering durable solutions for displaced populations. 

Sida's strategies include coordination among agencies and donors, flexibility in programming, and prioritization of local context. Challenges include adapting to rapidly changing situations, integrating peace components into the nexus, and overcoming coordination hurdles. Embedded lessons underscore the importance of comprehensive planning, conflict sensitivity, and adaptable management frameworks for sustainable impact.",Report,"Burkina Faso,Ethiopia,Democratic Republic of the Congo","Development,Humanitarian,Peace","Environment,Gender,Protection,Food Security & Nutrition,Economic Development,Displacement & Migration,Governance,Resilience","4. Programming: Prioritising prevention,3. Coordination: Political engagement,1. Coordination: Joint analysis","CDA, Global Emergency Group, Life & Peace Institute, STHLM Policy Group, Saferworld, Swisspeace",The Swedish International Development Cooperation Agency (SIDA),2022,English,https://www.preventionweb.net/media/86257/download?startDownload=20250515,,Collecting experiences of Humanitarian-Development-Peace (HDP) nexus approaches Part 2 Africa.webp,Collecting experiences of Humanitarian-Development-Peace (HDP) nexus approaches Part 2 Africa.pdf
Collective Outcomes: Operationalizing the New Way of Working,"The document focuses on operationalizing the concept of ""collective outcomes"" a key component of the New Way of Working (NWOW) that addresses the intersection of humanitarian and development action in crisis contexts. It aims to achieve measurable results over a 3-5 year period that reduce vulnerabilities and increase resilience. 

Examples from Chad and Somalia illustrate collective outcomes, emphasizing collaboration across sectors and alignment with Sustainable Development Goals (SDGs). The process involves joint analysis, defining outcomes, and pooling resources, with steps for implementation based on comparative advantages of involved actors.

Key aspects include multi-year planning, leadership, finance adaptation, and consultation with affected communities.",Collective Outcomes,"Chad,Somalia","Development,Humanitarian","Health,WASH,Food Security & Nutrition,Disaster Risk Reduction,Governance,Resilience","7. Programming: Align with risk environment,5. Programming: People at the centre,8. Programming: National and local capacities,11. Financing: Predictable flexible multi-year","Agenda for Humanity, OCHA",OCHA,2018,English,https://agendaforhumanity.org/sites/default/files/resources/2018/Apr/OCHA%20Collective%20Outcomes%20April%202018.pdf,,Collective Outcomes Operationalizing the New Way of Working.webp,Collective Outcomes Operationalizing the New Way of Working.pdf
Community-led innovation partnership: Impact report from the Regional Humanitarian Partnership Week (RHPW) 2025,"A dialogue report summarizing strategies to enhance locally led actions and integrate community innovations directly into humanitarian-development partnership frameworks. Validates bottom-up innovation models, proving that investing in community-led technological and social innovations yields higher Nexus ROI than top-down solutions.",Report,,"Humanitarian,Development","Resilience,Economic Development","8. Programming: National and local capacities,5. Programming: People at the centre",CWS Japan,CWS Japan,2026,English,https://adrrninnovationhub.org/news/1308/,,Community-led innovation partnership Impact report from the Regional Humanitarian Partnership Week (RHPW) 2025.webp,Community-led innovation partnership Impact report from the Regional Humanitarian Partnership Week (RHPW) 2025.pdf
Conflict-Sensitive Conservation: Practitioners' Manual,"The Conflict-Sensitive Conservation Practitioners' Manual is aimed at helping conservation organizations integrate conflict sensitivity into their operations, particularly in areas affected by conflict. It emphasizes the importance of understanding the interactions between conservation efforts and local conflicts, including how such efforts can inadvertently contribute to conflict.

The manual outlines steps for assessing organizational readiness, allocating resources, and developing conflict-sensitive principles. It also provides tools for conflict analysis, such as conflict trees, conflict maps, and stakeholder profiles, enabling organizations to better address conflict causes and effects.

The manual encourages ongoing monitoring to ensure conservation activities do not exacerbate existing conflicts and promotes peacebuilding through sustainable resource management. It includes a sample plan and report, further illustrating the practical application of these strategies across varied contexts.",Guide,"Burundi,Democratic Republic of the Congo",Peace,"Environment,Peace & Security,Disaster Risk Reduction,Protection,Governance,Resilience","7. Programming: Align with risk environment,9. Programming: Learning and evidence,8. Programming: National and local capacities,10. Financing: Develop evidence-based strategies",International Institute for Sustainable Development (IISD),"Alec Crawford, Anne Hammill, Richard Matthew, Robert Craig, Robert Malpas",2009,English,https://www.iisd.org/publications/guide/conflict-sensitive-conservation-practitioners-manual,,Conflict-Sensitive Conservation Practitioners' Manual.webp,Conflict-Sensitive Conservation Practitioners' Manual.pdf
Connecting Disasters and Climate Change to the Humanitarian- Development-Peace Nexus,"This journal article argues for integrating climate change into the existing humanitarian-development-peace (HDP) nexus instead of establishing it as a separate stream. The authors contend that climate change impacts should be embedded within the framework of disaster risk reduction (DRR), and these components must work together as part of existing humanitarian, development, and peacebuilding efforts.

The article identifies risks in segregating climate change as a standalone aspect and highlights the importance of addressing climate impacts within the broader context of vulnerability reduction. The authors suggest that focusing on integrating climate change adaptation, mitigation, and disaster risk reduction into the HDP nexus can offer a comprehensive strategy to tackle root causes of vulnerability.

This integrated approach leverages existing frameworks like the Sendai Framework, the UN Framework Convention on Climate Change agreements, and the Sustainable Development Goals to enhance the collective impact on reducing vulnerability and promoting resilience.",Journal Article,"Bangladesh,Guatemala","Development,Humanitarian,Peace","Climate,Disaster Risk Reduction,Livelihoods,Protection,Social Cohesion,Governance,Resilience","7. Programming: Align with risk environment,8. Programming: National and local capacities,2. Coordination: Empowered leadership,10. Financing: Develop evidence-based strategies","Erasmus University Rotterdamn, UCL","Hyeonggeun Ji, Ilan Kelman, Laura Peters, Rodrigo Mena, Summer Brown",2022,English,https://doi.org/10.1177/15423166221129633,,Connecting Disasters and Climate Change to the Humanitarian- Development-Peace Nexus.webp,Connecting Disasters and Climate Change to the Humanitarian- Development-Peace Nexus.pdf
Connecting the Pieces of the Puzzle: The EU's Implementation of the Humanitarian-Development-Peace Nexus,"This paper discusses the EU's implementation of the Humanitarian-Development-Peace (HDP) Nexus, which seeks to enhance collaboration among humanitarian, development, and peace actors to address complex crises and strengthen community resilience.

The paper outlines principles and operational challenges, emphasizing the importance of context-specific engagement, conflict sensitivity, and respecting the varying mandates of different actors. It discusses the peace aspect of the nexus, noting the potential issues of integrating humanitarian principles with political objectives.

The paper further explores operational steps like joint context analysis, planning, coordination, funding, and adaptive management, offering examples from countries like Nigeria, Myanmar, and Cameroon. The need for flexible funding and adaptive management practices are highlighted to successfully implement nexus strategies. The document concludes with suggestions for the way forward, including boosting technical capacities and sharing lessons learned via monitoring and evaluation mechanisms.",Policy Paper,"Cameroon,Chad,Iraq","Development,Humanitarian,Peace","Social Cohesion,Governance,Resilience","7. Programming: Align with risk environment,8. Programming: National and local capacities,1. Coordination: Joint analysis,11. Financing: Predictable flexible multi-year",European Centre for Development Policy Management (ECPDM),"Pauline Veron, Volker Hauck",2021,English,https://ecdpm.org/work/connecting-the-pieces-of-the-puzzle-the-eus-implementation-of-the-humanitarian-development-peace-nexus,,Connecting the Pieces of the Puzzle The EUs Implementation of the Humanitarian-Development-Peace Nexus.webp,Connecting the Pieces of the Puzzle The EU's Implementation of the Humanitarian-Development-Peace Nexus.pdf
Context-Sensitive Engagement: Lessons learned from swiss experiences in South Asia for aid effectiveness in fragile scenarios,"This report examines the Swiss Agency for Development and Cooperation\'s (SDC) practices and experiences in South Asia, particularly in Afghanistan, Nepal, Pakistan, and Sri Lanka. It was prepared for the High-Level Forum on Aid Effectiveness in Accra, Ghana, and explores the preconditions for effective aid in fragile contexts.

With a focus on conflict-sensitive programme management, the report underscores the importance of continuous monitoring, strategy adaptation, and engagement with political processes alongside development efforts.

The document emphasizes the significance of context adaptation, comprehensive engagement strategies, and the integration of human security principles. It advocates for a whole-of-government approach in development assistance, stressing collaboration with diverse civil society actors beyond NGOs.

Additionally, the report highlights Switzerland's initiatives promoting peace and human rights and advocates for robust internal and donor harmonization to manage impacts effectively. Continuous adaptation of programmes and strategic recruitment policies are presented as essential to sustaining engagement in fragile and conflict-affected regions.",Report,"Afghanistan,Nepal,Sri Lanka,Pakistan","Development,Peace","Livelihoods,Governance,Protection,Social Cohesion,Resilience","7. Programming: Align with risk environment,6. Programming: Do no harm,8. Programming: National and local capacities,1. Coordination: Joint analysis,2. Coordination: Empowered leadership",Swiss Agency for Development Cooperation (SDC),"O. Jütersonke, T. Paffenholz",2008,English,https://alnap.org/help-library/resources/context-sensitive-engagement-lessons-learned-from-swiss-experiences-in-south-asia-for/,,Context-Sensitive Engagement Lessons learned from swiss experiences in South Asia for aid effectiveness in fragile scenarios.webp,Context-Sensitive Engagement Lessons learned from swiss experiences in South Asia for aid effectiveness in fragile scenarios.pdf
Convergence in the Sahel: How to Link Humanitarian Cash Assistance and National Social Protection Systems?,"Report examining how humanitarian cash assistance programmes can be linked to — and help strengthen — national social protection systems in the Sahel. Based on experience from the Sahel Adaptive Social Programme (SASP) across fragile Sahelian states, it addresses one of the most operationally concrete manifestations of the humanitarian-development nexus: the convergence between short-term, needs-based humanitarian cash transfers and longer-term, rights-based social protection systems.

Examines enabling conditions, coordination mechanisms, financing arrangements and lessons from implementation, with implications for nexus programming in other fragile contexts where nascent social protection systems offer potential bridges between humanitarian response and development investment.",Report,"Burkina Faso,Mali,Niger,Chad,Mauritania","Humanitarian,Development","Financing,Social Cohesion,Resilience,Food Security & Nutrition","10. Financing: Develop evidence-based strategies,11. Financing: Predictable flexible multi-year,5. Programming: People at the centre","World Bank, Sahel Adaptive Social Programme (SASP)","Mira Saidi, Claudia Santamaria Ruiz",2024,English,https://openknowledge.worldbank.org/bitstreams/279fecc9-60e1-4de7-8c1e-cd2d55602eb4/download,,Convergence in the Sahel How to Link Humanitarian Cash Assistance and National Social Protection Systems.webp,Convergence in the Sahel How to Link Humanitarian Cash Assistance and National Social Protection Systems.pdf
Country Brief on the Humanitarian-Development-Peace Nexus in Afghanistan,"While attempts to operationalize the nexus have been active for years in Afghanistan, the onset of the COVID-19 pandemic provided a broad impetus for more joined-up collaboration between humanitarian and development partners.

The overarching strategy to operationalizing the nexus is based on the objectives of the multi-year Humanitarian Response Plan (HRP) and One
UN for Afghanistan Framework. A new UN Sustainable Development Cooperation Framework (UNSDCF, 2022-25) is currently being developed. Nexus efforts currently remain focused on aligning and coordinating planning frameworks rather than on joined-up programming. ",Case Study,Afghanistan,"Development,Humanitarian,Peace",,"4. Programming: Prioritising prevention,8. Programming: National and local capacities,3. Coordination: Political engagement,1. Coordination: Joint analysis,10. Financing: Develop evidence-based strategies",Inter-Agency Standing Committee (IASC),Inter-Agency Standing Committee (IASC),2021,English,https://interagencystandingcommittee.org/sites/default/files/migrated/2021-09/Country%20Brief%20on%20the%20Humanitarian-Development-%20Peace%20Nexus%20%28Afghanistan%29.pdf,,Country Brief on the Humanitarian-Development-Peace Nexus in Afghanistan.webp,Country Brief on the Humanitarian-Development-Peace Nexus in Afghanistan.pdf
Country Brief on the Humanitarian-Development-Peace Nexus in Haiti,"The Country Brief on the Humanitarian-Development-Peace (HDP) Nexus in Haiti highlights the nation's political, economic, and social instability from 2017 to 2022, exacerbated by violence and natural disasters. Despite recognizing the importance of integrating humanitarian aid, development, and peacebuilding efforts, Haiti faces challenges in operationalizing this nexus due to insufficient funding and weak partner dynamics.

The nexus approach has been central to discussions for the last 3-4 years, aiming at joint analysis and coordinated actions. Efforts are being made to align the United Nations Sustainable Development Cooperation Framework (UNSDCF) with Haiti's strategic plans for 2030. Key challenges include data collection limitations and erosion of social cohesion.

Good practices involve structural responses addressing immediate needs and synchronized efforts through internal sessions. Financing debates focus on attracting donors to support comprehensive strategies encompassing peacebuilding and sustainable development, despite existing hurdles. Local actors, including women and youth organizations, are integral in identifying priorities and executing programs. Collaboration among international donors and engaging local actors are emphasized to streamline HDP nexus efforts and ensure inclusive, culturally sensitive programming.",Case Study,Haiti,"Development,Humanitarian,Peace","Education,Health,Economic Development,Protection,Social Cohesion,Food Security & Nutrition,Disaster Risk Reduction,Displacement & Migration,Governance,Resilience","4. Programming: Prioritising prevention,8. Programming: National and local capacities,3. Coordination: Political engagement,1. Coordination: Joint analysis,10. Financing: Develop evidence-based strategies",Inter-Agency Standing Committee (IASC),Inter-Agency Standing Committee (IASC),2021,English,https://interagencystandingcommittee.org/sites/default/files/2024-10/Country%20Brief%20on%20the%20Humanitarian-Development-Peace%20Nexus%202024%20%28Haiti%29.pdf,,Country Brief on the Humanitarian-Development-Peace Nexus in Haiti.webp,Country Brief on the Humanitarian-Development-Peace Nexus 2024 (Haiti).pdf
COVID 19 and conflict sensitivity: Rapid Operational Conflict Risk and Prevention Tool,"The World Food Programme (WFP) released a report on the operational challenges posed by COVID-19, focusing on conflict sensitivity. The report identifies risks emerging from national responses to the pandemic, highlighting potential for heightened tensions and social unrest due to differential responses and the politicization of aid.

The report outlines a Rapid Operational Conflict Risk Tool that includes key questions designed to help identify and mitigate these risks, supporting conflict-sensitive programming adjustments. Mitigation measures suggested include enhancing transparency in targeting vulnerable groups and fostering trust and social cohesion. The involvement of security forces and misinformation are flagged as factors exacerbating tensions.

Overall, the report underscores the risk of COVID-19 exacerbating existing conflicts and tensions, while also providing opportunities to support peace and social cohesion through tailored programming and diagnostics sessions.",Report,"Afghanistan,Burkina Faso,Burundi,Chad,Colombia,El Salvador,Ethiopia,Guinea,India","Humanitarian,Peace","Health,Protection,Social Cohesion,Governance,Resilience","7. Programming: Align with risk environment,11. Financing: Predictable flexible multi-year",WFP,WFP,2020,English,https://reliefweb.int/report/world/covid-19-and-conflict-sensitivity-rapid-operational-conflict-risk-and-prevention-tool,,COVID 19 and conflict sensitivity Rapid Operational Conflict Risk and Prevention Tool.webp,COVID 19 and conflict sensitivity Rapid Operational Conflict Risk and Prevention Tool.pdf
"Critical Evolutions in the Peacebuilding-Development Praxis Nexus: Crisis and Complexity, Synergy and Transformation","This article reflects on paradigmatic shifts in the peacebuilding-development nexus over the two decades since Peter Uvin's landmark 2002 analysis. Drawing on desk research and the author's experience within the UN system and civil society, it maps evolving praxis paradigms across the nexus in response to growing crisis complexity, incorporating fragility, violence, and humanitarian crisis.

The article identifies paradigms with continuing relevance (development axiomatically reduces conflict, conditionality, human security), adapted paradigms (conflict prevention and sustaining peace, peacebuilding in development, global and national system transformation), and prominent new paradigms (statebuilding and social contracts, inclusion, and the triple nexus). It argues that the complexity facing the fields demands inter-paradigm learning, pluralism, and synergy, and that the HDP Nexus's potential success relies on addressing structural causes and drivers of conflict, fragility, and crisis at both national and transnational levels.",Journal Article,,"Development,Humanitarian,Peace","Peace & Security,Governance,Resilience,Social Cohesion","4. Programming: Prioritising prevention,5. Programming: People at the centre,7. Programming: Align with risk environment,6. Programming: Do no harm",University of the Witwatersrand,Erin McCandless,2021,English,https://journals.sagepub.com/doi/10.1177/15423166211017832,,"Critical Evolutions in the Peacebuilding-Development Praxis Nexus Crisis and Complexity, Synergy and Transformation.webp","Critical Evolutions in the Peacebuilding-Development Praxis Nexus Crisis and Complexity, Synergy and Transformation.pdf"
CSRF Analysis: A Review of Area-Based Nexus Programming in South Sudan,"This Conflict Sensitivity Resource Facility (CSRF) analysis reviews area-based HDP Nexus programming in South Sudan, with a focus on the UN Reconciliation, Stabilization, and Resilience Trust Fund (RSRTF) and USAID-funded programmes. The report documents early impact evidence from area-based programming (ABP) and examines how such approaches may address root causes of conflict and contribute to community resilience. It identifies trends and good practices, and provides recommendations to maximise the impact of area-based HDP Nexus programming, noting that both models are beginning to yield short- and medium-term results while revealing both opportunities and limitations to area-based approaches.",Report,South Sudan,"Development,Humanitarian,Peace","Resilience,Peace & Security,Social Cohesion,Governance,Displacement & Migration,Food Security & Nutrition","1. Coordination: Joint analysis,4. Programming: Prioritising prevention,5. Programming: People at the centre,7. Programming: Align with risk environment,8. Programming: National and local capacities,9. Programming: Learning and evidence,10. Financing: Develop evidence-based strategies",Conflict Sensitivity Resource Facility (CSRF),Heidi Dessecker,2025,English,https://reliefweb.int/report/south-sudan/csrf-analysis-review-area-based-nexus-programming-south-sudan,,CSRF Analysis A Review of Area-Based Nexus Programming in South Sudan.webp,CSRF Analysis A Review of Area-Based Nexus Programming in South Sudan.pdf
"CSRF Briefing: Field-based Reflections and Conflict Sensitivity Lessons of the PfPRR in Rubkona, Leer & Mayendit, South Sudan","This CSRF briefing documents conflict sensitivity lessons from the Partnership for Peace, Recovery and Resilience (PfPRR) pilot in Rubkona/Bentiu, Unity State, South Sudan — one of three pilot areas selected to explore HDP Nexus implementation in the country.

The briefing covers the period from November 2022 to mid-2023 and reflects on progress achieved in building a field-based coordination mechanism among UN agencies, international and national NGOs. Key lessons address the development of a shared 'way of working', the importance of conflict-sensitive community engagement, and challenges of translating inter-agency coordination into collective outcomes. The CSRF provided direct accompaniment through an embedded consultant in Bentiu for six months.",Policy Brief,South Sudan,"Development,Humanitarian,Peace","Resilience,Peace & Security,Social Cohesion,Governance,Displacement & Migration,Food Security & Nutrition","1. Coordination: Joint analysis,2. Coordination: Empowered leadership,4. Programming: Prioritising prevention,5. Programming: People at the centre,6. Programming: Do no harm,7. Programming: Align with risk environment,8. Programming: National and local capacities,9. Programming: Learning and evidence",Conflict Sensitivity Resource Facility (CSRF),,2023,English,https://reliefweb.int/report/south-sudan/csrf-briefing-field-based-reflections-and-conflict-sensitivity-lessons-pfprr-rubkona-leer-mayendit-south-sudan-october-2023,,"CSRF Briefing Field-based Reflections and Conflict Sensitivity Lessons of the PfPRR in Rubkona, Leer & Mayendit, South Sudan.webp","CSRF Briefing Field-based Reflections and Conflict Sensitivity Lessons of the PfPRR in Rubkona, Leer & Mayendit, South Sudan.pdf"
DAC Recommendation on the Humanitarian-Development-Peace Nexus,"This updated OECD DAC Recommendation on the Humanitarian-Development-Peace Nexus (2025) builds on the original 2019 Recommendation that established a common standard for coherent action by DAC members in fragile and conflict-affected settings.

The 2025 update reflects five years of implementation learning, monitoring, and adaptation, incorporating new evidence and adjusting the 11 guiding principles in response to emerging challenges including climate change, COVID-19 recovery, and evolving conflict dynamics.

It provides DAC members and UN adherents with updated guidance on coordination, programming, and financing across the HDP nexus, and serves as a living policy framework for collective action to address the root causes of humanitarian crises.",Guide,,"Development,Humanitarian,Peace","Social Cohesion,Economic Development,Displacement & Migration,Governance,Resilience","1. Coordination: Joint analysis,2. Coordination: Empowered leadership,3. Coordination: Political engagement,4. Programming: Prioritising prevention,5. Programming: People at the centre,6. Programming: Do no harm,7. Programming: Align with risk environment,8. Programming: National and local capacities,9. Programming: Learning and evidence,10. Financing: Develop evidence-based strategies,11. Financing: Predictable flexible multi-year",OECD,OECD,2025,English,https://legalinstruments.oecd.org/public/doc/643/643.en.pdf,5,DAC Recommendation on the Humanitarian-Development-Peace Nexus.webp,DAC Recommendation on the Humanitarian-Development-Peace Nexus.pdf
Danish Refugee Council Case Study: A Localized Approach to Nexus Programming,"The Danish Refugee Council Case Study focuses on a localized approach to nexus programming in the Liptako-Gourma region, significantly impacted by insecurity and humanitarian crises. The report highlights the need for multi-sectoral responses due to intertwined humanitarian, developmental, and peace challenges. It emphasizes the value local civil society organizations (CSOs) bring to partnerships through their knowledge of socio-cultural contexts and relationships with local communities.

Key challenges identified include lack of trust and inclusion between international NGOs (INGOs) and CSOs, complicated procedures, limited funding, and power imbalances. The DRC aims to establish equitable, strategic partnerships with CSOs rooted in diverse representation and long-term collaboration. Through integrated programming, the DRC seeks to address vulnerabilities by embedding cross-cutting skills like security and gender into consortia and promoting shared accountability. Successful implementation requires INGOs to invest adequately and share power with CSOs to enable real collaboration and co-ownership of projects aimed at addressing both immediate needs and fostering resilience and social cohesion.",Report,Burkina Faso,"Development,Humanitarian,Peace","Protection,Social Cohesion,Displacement & Migration,Resilience","7. Programming: Align with risk environment,6. Programming: Do no harm,5. Programming: People at the centre,8. Programming: National and local capacities,2. Coordination: Empowered leadership",Danish Refugee Council (DRC),Danish Refugee Council (DRC),2022,English,https://alnap.org/help-library/resources/localized-approach-to-nexus/,,Danish Refugee Council Case Study A Localized Approach to Nexus Programming.webp,Danish Refugee Council Case Study A Localized Approach to Nexus Programming.pdf
Decent Work across the HDP Nexus in the Arab Region: Workshop Report and Recommendations,"This ILO final report documents the outcomes of a four-day workshop (9–12 September 2024, Amman, Jordan) co-organised by ILO and the UNDP Nexus Academy, with Sida support. Bringing together senior HDP practitioners and policymakers from Yemen, Iraq, Jordan, Lebanon, and the Occupied Palestinian Territory, the workshop developed concrete recommendations for promoting decent work within the HDP nexus at country level.

Key themes included: integrating humanitarian cash programming with social protection system-building; transitioning short-term livelihood support into peace-responsive employment; the PROSPECTS partnership model (ILO, UNICEF, UNHCR, WB, IFC) as a nexus financing example; and the critical and underrecognised role of trade unions and employers' organisations as nexus coordination actors. Country-level workplans were developed as follow-up outputs.",Report,"Yemen,Iraq,Jordan,Lebanon,""Palestine, State of""","Humanitarian,Development,Peace","Livelihoods,Protection,Coordination,Financing","1. Coordination: Joint analysis,8. Programming: National and local capacities","International Labour Organization (ILO), UNDP","ILO, UNDP Nexus Academy",2024,English,https://www.ilo.org/sites/default/files/2024-10/Final%20Report%20and%20Annexes%20HDPN%20Workshop%20Amman_0.pdf,,Decent Work across the HDP Nexus in the Arab Region Workshop Report and Recommendations.webp,Decent Work across the HDP Nexus in the Arab Region Workshop Report and Recommendations.pdf
Defining a Humanitarian Shelter and Settlements Research Agenda,"This journal article presents a research agenda for humanitarian shelter and settlements, addressing knowledge gaps crucial for practitioners. Despite advances in post-disaster sheltering over the past decades, there's still a disconnect between evidence needed and research produced.

The authors gathered a Delphi panel of experts to define and prioritize research areas, identifying 96 needs across six themes: approaches to sheltering, programming, design and construction, impacts and outcomes, disaster risk reduction and humanitarian-development nexus, and challenging contexts. Priorities include understanding self-recovery, long-term impacts, and transition from response to recovery.

The article emphasizes the need for evidence to align humanitarian response with developmental goals and faced growing challenges like protracted crises, climate change, and urbanization, necessitating reforms in standards, funding, and practices in the sector.",Journal Article,,"Development,Humanitarian","Environment,Health,Governance,Recovery,Protection,Urban Planning,Disaster Risk Reduction,Livelihoods,Social Cohesion,Economic Development,Resilience","7. Programming: Align with risk environment,8. Programming: National and local capacities,3. Coordination: Political engagement,1. Coordination: Joint analysis","University of Colorado Boulder, University of Sydney","Aaron Opdyke, Amy Javernick-Will, Briar Goldwyn",2021,English,https://www.sciencedirect.com/science/article/pii/S2212420920314527,,Defining a Humanitarian Shelter and Settlements Research Agenda.webp,Defining a Humanitarian Shelter and Settlements Research Agenda.pdf
"Deploying a Humanitarian–Development–Peace Nexus Approach: Exploring, Strengthening and Reviving Dryland Ecosystems","This FAO-CARE-CGIAR joint discussion paper (2021) examines how the HDP nexus can be operationalised in dryland contexts — regions disproportionately affected by climate shocks, environmental degradation, and conflict.

The paper evaluates 18 projects across dryland areas, highlighting the importance of conflict sensitivity, climate change monitoring and resilience, food and nutrition security, and attention to vulnerable people including pastoralists, IDPs, and women. It proposes four key nexus actions for drylands: inclusive targeting, conflict risk reduction, climate change adaptation integration, and enhanced monitoring.

The paper makes the case that addressing climate change, land degradation, and conflict together — rather than in silos — can lead to game-changing solutions for dryland communities, and contributes to the growing climate-conflict-nexus evidence base.",Report,,"Humanitarian,Development,Peace","Climate,Food Security & Nutrition,Conflict Sensitivity,Resilience","6. Programming: Do no harm,7. Programming: Align with risk environment,9. Programming: Learning and evidence","FAO, CGIAR, CARE International","FAO, CGIAR, CARE",2021,English,https://openknowledge.fao.org/server/api/core/bitstreams/8896951f-4153-4e41-97d7-b64f85bd48e8/content,,"Deploying a Humanitarian–Development–Peace Nexus Approach Exploring, Strengthening and Reviving Dryland Ecosystems.webp","Deploying a Humanitarian–Development–Peace Nexus Approach Exploring, Strengthening and Reviving Dryland Ecosystems.pdf"
"Development actors at the nexus: Lessons from crises in Bangladesh, Cameroon and Somalia","This report explores the role of development actors in addressing protracted humanitarian crises in Bangladesh, Cameroon, and Somalia, emphasizing the operationalization of the 'triple nexus' of humanitarian, development, and peace actions. It identifies five key areas: partnerships, coordination and joined-up planning, programming approaches, financing tools, and organizational issues.

Key findings highlight the importance of effective partnerships with governments and local actors, challenges in coordination due to weak integration between humanitarian and development actions, and varied success in embedding risk and resilience into programming. Financing mechanisms and instruments tailored to crisis contexts are crucial for supporting the vulnerable populations, yet they remain underutilized and poorly integrated. Organizational changes are necessary to break down silos within agencies and enhance decentralized decision-making.

The report underscores the need for further research and development of coherent strategies and systems to better align the efforts across the humanitarian, development, and peace sectors.",Report,"Bangladesh,Cameroon,Somalia","Development,Humanitarian,Peace","Protection,Livelihoods,Disaster Risk Reduction,Social Cohesion,Economic Development,Displacement & Migration,Governance,Resilience","7. Programming: Align with risk environment,4. Programming: Prioritising prevention,1. Coordination: Joint analysis,2. Coordination: Empowered leadership,10. Financing: Develop evidence-based strategies","Development Initiatives, FAO, Norwegian Refugee Council (NRC)","Development Initiatives, FAO, Norwegian Refugee Council (NRC)",2021,English,https://reliefweb.int/report/cameroon/development-actors-nexus-lessons-crises-bangladesh-cameroon-and-somalia,,"Development actors at the nexus Lessons from crises in Bangladesh, Cameroon and Somalia.webp","Development actors at the nexus Lessons from crises in Bangladesh, Cameroon and Somalia.pdf"
Development Co-operation Report 2024: Tackling Poverty and Inequalities through the Green Transition,"This annual OECD Development Co-operation Report provides policymakers with evidence, data and insights on how development co-operation can tackle poverty and inequalities in the context of the global green transition.

The report argues that amid the urgency of climate action, development co-operation providers risk losing sight of a deepening poverty and inequality crisis in low- and middle-income countries. It presents new analysis showing that poverty and inequality must be addressed together, rather than in isolation, and identifies three cross-cutting policy priorities: raising ambitions on poverty and inequality reduction, increasing development and green finance, and ensuring human rights and social standards in green transitions. The report also reviews proven policies including social protection expansion, tax system reform, and labour market policies.",Report,,Development,"Economic Development,Resilience,Governance,Gender","5. Programming: People at the centre,8. Programming: National and local capacities,9. Programming: Learning and evidence,10. Financing: Develop evidence-based strategies,11. Financing: Predictable flexible multi-year",OECD Development Assistance Committee (DAC),,2024,English,https://www.oecd.org/en/publications/development-co-operation-report-2024_357b63f7-en.html,,Development Co-operation Report 2024 Tackling Poverty and Inequalities through the Green Transition.webp,Development Co-operation Report 2024 Tackling Poverty and Inequalities through the Green Transition.pdf
Development Discourse and Global History: From Colonialism to the Sustainable Development Goals,"This book uses the archaeological and genealogical methods of Michel Foucault to trace the origins of development discourse back to late colonialism, noting significant discontinuities that led to the establishment of a new development discourse and its accompanying industry.

It describes the contestations, appropriations, and transformations of the concept of development over time, showing how trends since the 1980s crisis — including emphasis on participation and ownership, sustainable development, and free markets — contain Eurocentric, authoritarian, and depoliticizing elements, while also recognizing progressive appropriations.

The author concludes by analysing old and new features of development discourse in the debate on the Sustainable Development Goals and discussing the contribution of discourse analysis to development studies. The book is aimed at researchers and students in development studies, global history, and discourse analysis.",Book / Book Chapter,,Development,"Governance,Economic Development","5. Programming: People at the centre,8. Programming: National and local capacities",University of Kassel,Aram Ziai,2016,English,https://www.taylorfrancis.com/books/oa-mono/10.4324/9781315753782/development-discourse-global-history-aram-ziai,,Development Discourse and Global History From Colonialism to the Sustainable Development Goals.webp,Development Discourse and Global History From Colonialism to the Sustainable Development Goals.pdf
Disarming hunger: the role of peace within Humanitarian-Development-Peace nexus approaches in addressing food crises,"The outcome document from the Stockholm Forum on Peace and Development 2023 highlights the critical role of the Humanitarian-Development-Peace (HDP) nexus in addressing food crises, particularly in conflict-affected regions where acute food insecurity is prevalent due to disruptions in access, markets, and transportation. The discussions emphasize the interconnection between hunger and conflict, advocating for a holistic approach that leverages peace for positive food security outcomes.

Key recommendations include enhancing funding mechanisms for local actors, integrating diverse stakeholders in resilience programming, and leveraging food systems for peace and social cohesion. Localizing interventions and empowering grassroots capacities are crucial for effective action, emphasizing the need for international actors to recognize local capabilities and mitigating risks. This underscores the importance of integrating and understanding local contexts and dynamics to tailor interventions appropriately.",Event Report,Cameroon,"Development,Humanitarian,Peace","Gender,Food Security & Nutrition,Social Cohesion,Displacement & Migration,Resilience","5. Programming: People at the centre,8. Programming: National and local capacities,2. Coordination: Empowered leadership","Fighting Food Crises along the HDP Nexus Coalition, Stockholm Forum on Peace and Development","Fighting Food Crises long the HDP Nexus Coalition, Stockholm Forum on Peace and Development",2023,English,https://www.fightfoodcrises.net/events/stockholm-forum-peace-and-development-expert-roundtable,,Disarming hunger the role of peace within Humanitarian-Development-Peace nexus approaches in addressing food crises.webp,Disarming hunger the role of peace within Humanitarian-Development-Peace nexus approaches in addressing food crises.pdf
Dissolving the Difference Between Humanitarianism and Development: The Mixing of a Rights-Based Solution,"This essay by Hugo Slim argues that the conventional distinction between humanitarianism and development is misconceived and unhelpful. Drawing on examples from Rwanda and Kenya, the author contends that both sectors share the same fundamental value — belief in human dignity and equality — and that the false dichotomy between them was an artefact of Cold War politics.

The paper traces how international humanitarian law and human rights law share common origins, and how a rights-based approach to both humanitarianism and development dissolves the artificial divide. It calls for aid workers across sectors to recognise themselves as human rights workers united by a common ethic.",Book / Book Chapter,"Rwanda,Kenya","Development,Humanitarian","Social Cohesion,Governance,Peace & Security","5. Programming: People at the centre,4. Programming: Prioritising prevention,9. Programming: Learning and evidence",,Hugo Slim,2002,English,https://www.jstor.org/stable/4029575,,Dissolving the Difference Between Humanitarianism and Development The Mixing of a Rights-Based Solution.webp,
Document de travail: La paix dans l'interface action humanitaire-développement-paix (French),"IASC working paper exploring the 'peace' dimension of the humanitarian-development-peace nexus — examining what 'peace' means in practice for different types of organisations and how the peace component relates to humanitarian principles. Available in French only; the English version was published as the IASC Issue Paper 'Exploring Peace within the Humanitarian-Development-Peace Nexus' (2021). Addresses the most contested and underoperationalised element of the triple nexus, with particular relevance for practitioners working in Francophone crisis contexts including the Sahel, Central Africa and the Great Lakes region.",Policy Paper,,"Humanitarian,Development,Peace","Peace & Security,Conflict Sensitivity,Coordination","4. Programming: Prioritising prevention,6. Programming: Do no harm",IASC,IASC,2021,French,https://interagencystandingcommittee.org/sites/default/files/migrated/2021-04/Issue%20paper%20-%20Exploring%20peace%20within%20the%20Humanitarian-Development-Peace%20Nexus%20%28French%29.pdf,,Document de travail La paix dans l'interface action humanitaire-développement-paix (French).webp,Document de travail La paix dans l'interface action humanitaire-développement-paix (French).pdf
"Doing Nexus Differently: How can Humanitarian and Development Actors link or integrate humanitarian action, development, and peace?","The report, 'Doing Nexus Differently,' focuses on the integration of humanitarian action, development, and peace through the Nexus approach in the Middle East and North Africa (MENA) region. It emphasizes the need for localized, bottom-up strategies to enhance resilience, address root causes of conflict, and promote women\'s empowerment. Key challenges include the difficulty of aligning funding streams and organizational structures to support integrated, flexible programming.

The report advocates for a Double/Triple Nexus approach, showcasing successful cases where merging these sectors led to community empowerment and sustainable development. It highlights the importance of adaptive management, local participation, and evidence-based analysis to avoid potential pitfalls like politicization of aid. Critically, it stresses gender equality and the inclusion of women\'s voices in Nexus programming. CARE calls for regional and global partnerships to influence Nexus practices and ensure long-term, empowered community involvement.",Report,Iraq,"Development,Humanitarian,Peace","Gender,Peace & Security,Social Cohesion,Economic Development,Livelihoods,Food Security & Nutrition,Protection,Governance,Resilience","5. Programming: People at the centre,8. Programming: National and local capacities,11. Financing: Predictable flexible multi-year",CARE,"Anan Kittaneh, Antoinette Stolk",2018,English,https://resourcecentre.savethechildren.net/document/doing-nexus-differently-how-can-humanitarian-and-development-actors-link-or-integrate-humanitarian-action-development-and-peace,,"Doing Nexus Differently How can Humanitarian and Development Actors link or integrate humanitarian action, development, and peace.webp","Doing Nexus Differently How can Humanitarian and Development Actors link or integrate humanitarian action, development, and peace.pdf"
Donor Strategies for Addressing the Transition Gap and Linking Humanitarian and Development Assistance,"Analysis of how donors can develop coherent strategies to bridge the 'transition gap' between humanitarian and development assistance in protracted crisis settings. Examines donor policies, financing instruments and coordination mechanisms for linking relief and development, and produces evidence-based recommendations for more effective transition financing. Identifies the structural barriers — earmarked funding, incompatible planning cycles, and separate institutional mandates — that have historically prevented coherent engagement, tracing the origins of challenges that subsequent reform efforts including the Grand Bargain and the OECD DAC Recommendation on the HDP Nexus have sought to address.",Report,,"Humanitarian,Development","Financing,Coordination,Policy & Strategy","10. Financing: Develop evidence-based strategies,11. Financing: Predictable flexible multi-year",Global Public Policy Institute (GPPi),"Julia Steets, Domenica Preysing, Gilla Shapiro",2011,English,https://gppi.net/assets/steets_2011_transition_web.pdf,,Donor Strategies for Addressing the Transition Gap and Linking Humanitarian and Development Assistance.webp,Donor Strategies for Addressing the Transition Gap and Linking Humanitarian and Development Assistance.pdf
Dorcas Strategic plan 2026-2030: Local power creates lasting change,"This is the 2026–2030 strategic plan of Dorcas, a Dutch Christian international development and humanitarian organisation operating in more than 20 fragile and crisis-affected countries. The strategic plan articulates Dorcas's vision for the next five years under the overarching theme 'Local power creates lasting change' — reflecting a fundamental organisational commitment to shifting power and resources to local and national actors as the primary agents of humanitarian, development and peacebuilding work. 

The plan outlines Dorcas's strategic priorities across its three core programme areas — emergency response, resilience building, and long-term development — as well as its approach to the humanitarian-development-peace nexus as an integrated way of working. It describes how Dorcas intends to strengthen local partnerships, invest in local capacity, advocate for more equitable funding flows to local actors, and embed conflict sensitivity and gender equality across all its programming. 

The plan reflects broader trends in the sector towards locally-led humanitarian and development action, and positions Dorcas as a partnership organisation that accompanies local change rather than directing it.",Guide,"Egypt,Lebanon,Syria,Ukraine","Humanitarian,Development,Peace","Livelihoods,Climate,Protection","8. Programming: National and local capacities,4. Programming: Prioritising prevention",Dorcas,Dorcas,2025,English,https://dorcas.org/wp-content/uploads/2025/10/Dorcas-Strategic-plan-Local-power-creates-lasting-change-2026-2030.pdf,,Dorcas Strategic plan 2026-2030 Local power creates lasting change.webp,Dorcas Strategic plan 2026-2030 Local power creates lasting change.pdf
DPG-HCT HDP Nexus Accelerator Group Background & Terms of Reference,"Terms of reference for a technical HDP Nexus working group involving Development, humanitarian and bilateral partners. 
To use as an example for draft ToRs.",Toolkit,Ethiopia,"Humanitarian,Development,Peace",,"3. Coordination: Political engagement,2. Coordination: Empowered leadership,1. Coordination: Joint analysis",DPG-HCT HDP Nexus Accelerator Group,,2023,English,,,,
Durable Solutions and the Humanitarian-Development Nexus: A Literature Review,"This literature review by Merve Erdilmen, published by the Local Engagement Refugee Research Network (LERRN), examines the scholarly and policy literature at the intersection of durable solutions for refugees and the humanitarian-development nexus. It covers the traditional trio of durable solutions (repatriation, local integration, resettlement), emerging alternative pathways (mobility, self-reliance, transnational networks), intersectional and gender-sensitive approaches, and the policies of major international organizations including UNHCR, IOM, UNDP and the World Bank.

The paper identifies three key gaps: the link between durable solutions and the humanitarian-development nexus is underexplored; literature has an 'exilic bias' focusing on displacement rather than solutions; and most research focuses on the Global North rather than the Global South where most refugees reside.",Report,,"Development,Humanitarian,Peace","Displacement & Migration,Resilience,Governance,Gender,Social Cohesion,Peace & Security","5. Programming: People at the centre,8. Programming: National and local capacities,4. Programming: Prioritising prevention,9. Programming: Learning and evidence,1. Coordination: Joint analysis,10. Financing: Develop evidence-based strategies,11. Financing: Predictable flexible multi-year","Local Engagement Refugee Research Network (LERRN), McGill University",Merve Erdilmen,2019,English,https://www.researchgate.net/publication/340362816,,Durable Solutions and the Humanitarian-Development Nexus A Literature Review.webp,Durable Solutions and the Humanitarian-Development Nexus A Literature Review.pdf
Durable Solutions Initiative,"This brief from the Durable Solutions Initiative in Somalia explains the framework and operational approach of this inter-agency initiative, which brings together humanitarian, development, and peace actors to advance durable solutions for Somali IDPs and returnees. It outlines the initiative's theory of change, coordination architecture, joint analysis process, and programming priorities — covering voluntary return, local integration, and long-term settlement. The Somalia Durable Solutions Initiative serves as one of the leading examples globally of how HDP Nexus approaches can be operationalised to achieve sustainable outcomes for displaced populations.",Policy Brief,Somalia,"Development,Humanitarian","Displacement & Migration,Governance,Resilience","1. Coordination: Joint analysis,2. Coordination: Empowered leadership,8. Programming: National and local capacities,10. Financing: Develop evidence-based strategies","United Nations Somalia, Durable Solutions Initiative",United Nations Somalia,2019,English,https://somalia.un.org/sites/default/files/2020-01/DSI%20September%202019.pdf,,Durable Solutions Initiative.webp,Durable Solutions Initiative.pdf
Economic Opportunities for Jordanians and Syrian Refugees: Program for Results,"This World Bank Program for Results (PforR) document details the $300 million program supporting Jordan's efforts to improve economic opportunities for both Jordanians and Syrian refugees. Launched in 2016 following the Jordan Compact, the program supports: investment climate reforms; labor market reform to allow Syrians access to formal employment through work permits; trade facilitation and investment promotion in special economic zones; Jordanian and Syrian entrepreneurship activities; and financial inclusion.

The program operationalises a development approach to the refugee crisis, demonstrating how development financing mechanisms can complement humanitarian assistance to support self-reliance, formal employment, and economic integration of displaced populations.",Other,"Jordan,Syria","Development,Humanitarian","Economic Development,Resilience,Displacement & Migration,Livelihoods,Governance","5. Programming: People at the centre,8. Programming: National and local capacities,10. Financing: Develop evidence-based strategies,11. Financing: Predictable flexible multi-year",World Bank Group,,2016,Arabic,https://documents.worldbank.org/en/publication/documents-reports/documentdetail/359731477935246872/jordan-economic-opportunities-for-jordanians-and-syrian-refugees-program-for-results-project,,Economic Opportunities for Jordanians and Syrian Refugees Program for Results.webp,Economic Opportunities for Jordanians and Syrian Refugees Program for Results.pdf
"Ecosystem Assessment of Food, Land, and Water Actors in the Humanitarian, Development, and Peace Nexus","The CGIAR Initiative on Fragility, Conflict, and Migration conducts an ecosystem assessment on Food, Land, and Water Systems (FLWS) within the Humanitarian, Development, and Peace (HDP) Nexus across 14 countries in sub-Saharan Africa, the Middle East, and South Asia. The evaluation highlights the challenges faced by the 1.5 billion people living in Fragility and Conflict-Affected Settings (FCAS) due to food insecurity and poverty traps.

The report identifies over 600 innovators, focusing predominantly on food production with an emphasis on strengthening innovation through private sector funding, public-private partnerships, and international involvement. However, the ecosystem remains nascent, with innovations predominantly concentrated in food production and underrepresentation in areas like water resources and migrant services.

Recommendations include prioritizing local actors, better coordination with research organizations, context-specific innovations, and substantial private sector engagement to achieve sustainable growth in the FCAS markets.",Evaluation,"Bangladesh,Burkina Faso,Eritrea,Ethiopia","Development,Humanitarian,Peace","Recovery,Economic Development,Food Security & Nutrition,Governance,Resilience","7. Programming: Align with risk environment,5. Programming: People at the centre,8. Programming: National and local capacities,10. Financing: Develop evidence-based strategies","CGIAR, International Water Management Institute","Anne Oderoh, Clara Sarangé, Hangyul Song, Hauke Dahl, Inga Jacobs-Mata",2023,English,https://cgspace.cgiar.org/server/api/core/bitstreams/66dd281e-9712-42c1-835e-c3bf0409d94a/content,,"Ecosystem Assessment of Food, Land, and Water Actors in the Humanitarian, Development, and Peace Nexus.webp","Ecosystem Assessment of Food, Land, and Water Actors in the Humanitarian, Development, and Peace Nexus.pdf"
Education and the Humanitarian-Development-Peace (HDP) Nexus,"An analysis of how the Nexus framework is shifting crisis management towards context-sensitive approaches. It emphasizes cross-sectoral collaboration, local ownership, and flexible financing to support sustained engagement in education. Pioneers the application of the HDP Nexus specifically within the education sector, filling a critical gap in sectoral Nexus literature.",Other,,"Humanitarian,Development,Peace","Resilience,Social Cohesion","8. Programming: National and local capacities,11. Financing: Predictable flexible multi-year",NORRAG,Inter-agency Network for Education in Emergencies,2025,English,https://www.norrageducation.org/education-and-the-humanitarian-development-peace-hdp-nexus/,,Education and the Humanitarian-Development-Peace (HDP) Nexus.webp,Education and the Humanitarian-Development-Peace (HDP) Nexus.pdf
Education and the Humanitarian-Development-Peace Nexus at 10,"This Policy Insights collection examines how the Humanitarian-Development-Peace (HDP) Nexus can inform—and has informed—education programming in diverse geographies, offering rich perspectives the reality of implementing a nexus approach, 10 years since the term entered the policy discourse. 

Bringing together over 40 contributions from more than 80 authors from diverse geographies, half of whom are from the Global South, the publication offers rich perspectives on successes and ongoing challenges in practice and policy. It takes account of the impact of dramatic funding cuts in international aid during 2025, and aligns with new strategic directions set by the Inter-agency Network for Education in Emergencies (INEE) which supports quality, safe, and relevant education for all persons affected by emergencies as it marks its 25th anniversary.",Policy Paper,,"Humanitarian,Development,Peace","Education,Coordination,Financing,Localisation,Learning & Evidence","8. Programming: National and local capacities,9. Programming: Learning and evidence,11. Financing: Predictable flexible multi-year","NORRAG, INEE","NORRAG, INEE",2025,English,https://www.norrageducation.org/education-and-the-humanitarian-development-peace-nexus-at-10/,,Education and the Humanitarian-Development-Peace Nexus at 10.webp,Education and the Humanitarian-Development-Peace Nexus at 10.pdf
El Enfoque de Triple Nexo HDP en las Intervenciones Financiadas por eLankidetza,"This IECAH study analyses the degree to which the HDP triple nexus approach is incorporated in interventions financed by eLankidetza — the Basque Country development cooperation agency. 

Using document analysis of humanitarian strategies, development projects, and cooperation frameworks funded by eLankidetza, the study assesses how well the humanitarian, development, and peace pillars are integrated across the portfolio. It analyses convergence between Spain's national cooperation frameworks (Ley de Cooperación, Plan Director, Estrategia de Acción Humanitaria) and the triple nexus as defined in the OECD DAC recommendation, and provides recommendations for strengthening nexus coherence in Basque development cooperation financing. Published in Spanish by IECAH with support from eLankidetza.",Report,,"Humanitarian,Development,Peace","Financing,Policy & Strategy,Coordination","9. Programming: Learning and evidence,10. Financing: Develop evidence-based strategies",IECAH (Instituto de Estudios sobre Conflictos y Acción Humanitaria),IECAH,2025,Spanish,https://iecah.org/el-enfoque-de-triple-nexo-humanitario-desarrollo-paz-hdp-en-las-intervenciones-financiadas-por-elankidetza/,,El Enfoque de Triple Nexo HDP en las Intervenciones Financiadas por eLankidetza.webp,El Enfoque de Triple Nexo HDP en las Intervenciones Financiadas por eLankidetza.pdf
"El Enfoque de Triple Nexo Humanitario-Desarrollo-Paz en Colombia: Realidades, Reflexiones y Propuestas","This IECAH study (2025), supported by AECID's Office of Humanitarian Action, analyses the implementation of the triple nexus (TN) approach in Colombia — a country grappling with decades of armed conflict, forced displacement, and the current 'paz total' (total peace) process. Using mixed methods including field research and interviews with actors from local to international level, the study documents advances, obstacles, and proposals for strengthening the nexus.

Key findings highlight the need for flexible financing, better cross-sectoral coordination, more effective gender mainstreaming, and stronger community leadership. One of the first Spanish-language empirical studies of triple nexus implementation in a Latin American context, providing lessons relevant for nexus practitioners across Latin America and the Spanish-speaking world.",Report,Colombia,"Humanitarian,Development,Peace","Coordination,Financing,Gender,Localisation,Peace & Security","6. Programming: Do no harm,8. Programming: National and local capacities,9. Programming: Learning and evidence,10. Financing: Develop evidence-based strategies",IECAH (Instituto de Estudios sobre Conflictos y Acción Humanitaria),"Francisco Rey Marcos, Andrés Felipe Gómez, Gloria Miranda",2025,Spanish,https://iecah.org/estudio-el-enfoque-de-triple-nexo-humanitario-desarrollo-paz-en-colombia-realidades-reflexiones-y-propuestas/,,"El Enfoque de Triple Nexo Humanitario-Desarrollo-Paz en Colombia Realidades, Reflexiones y Propuestas.webp","El Enfoque de Triple Nexo Humanitario-Desarrollo-Paz en Colombia Realidades, Reflexiones y Propuestas.pdf"
Emergency Watchlist 2025: A World out of balance,"A forward-looking analysis of regions at highest risk of humanitarian deterioration, urging international actors to invest in early warning, climate adaptation, and peacebuilding. A premier predictive document for 2025 that explicitly uses the Nexus framework to justify preemptive, anticipatory financing rather than reactive aid.",Report,Global,"Humanitarian,Development,Peace","Disaster Risk Reduction,Peace & Security","4. Programming: Prioritising prevention,7. Programming: Align with risk environment",IRC,IRC,2025,English,https://www.rescue.org/watchlist2025,,Emergency Watchlist 2025 A World out of balance.webp,Emergency Watchlist 2025 A World out of balance.pdf
Employment and Decent Work in the Humanitarian Development Peace Nexus,"In a world of multiple crises, conflict and violence interact with the conditions created by additional stress such as climate change, that give rise to fragility, and the increasing frequency and intensity of disasters. This in turn can create more grievances, with limited opportunities, also leading at times to more violence and conflicts.

This guide reiterates the central role and capacity of the ILO in situations of fragility, conflict and disaster and specifically in the Humanitarian Development-Peace Nexus. It introduces key concepts and definitions characterizing situations of this kind, providing practical instructions and guidance, and outlines multidisciplinary approaches to recovering, creating and protecting decent work opportunities in these settings",Guide,,"Humanitarian,Development,Peace","Livelihoods,Protection,Coordination,Policy & Strategy","7. Programming: Align with risk environment,8. Programming: National and local capacities",International Labour Organization (ILO),ILO,2024,English,https://www.ilo.org/publications/employment-and-decent-work-humanitarian-development-peace-nexus,,Employment and Decent Work in the Humanitarian Development Peace Nexus.webp,Employment and Decent Work in the Humanitarian Development Peace Nexus.pdf
Empowering Women as Peacebuilders: The Heart of the Humanitarian-Development-Peace Nexus,"This Global Policy journal contribution from UNDP examines the critical role of women as peacebuilders within HDP nexus programming, drawing on practical case studies from the Philippines and Somalia. It argues that women's meaningful participation in peace processes increases the likelihood of lasting peace agreements by up to 35%, with ripple effects across community resilience and nexus linkages. 

In the Bangsamoro region of the Philippines, the Women's Institute for Peace – Rido Ayad Multi-Purpose Association (WIM-RAMP) demonstrates how women's leadership in conflict prevention can anchor nexus efforts locally.

In Somalia, UNDP-supported Alternative Dispute Resolution centres show how empowering women through access to justice contributes to social cohesion.

The piece offers concrete lessons for integrating gender responsiveness into nexus programme design.",Article,"Philippines,Somalia","Humanitarian,Development,Peace","Gender,Peace & Security,Localisation,Social Cohesion",8. Programming: National and local capacities,UNDP,Rehab Al-Sanabani,2025,English,https://www.globalpolicyjournal.com/blog/09/06/2025/empowering-women-peacebuilders-heart-humanitarian-development-peace-nexus,,Empowering Women as Peacebuilders The Heart of the Humanitarian-Development-Peace Nexus.webp,Empowering Women as Peacebuilders The Heart of the Humanitarian-Development-Peace Nexus.pdf
Enfoques del Nexo Humanitario-Desarrollo-Paz en Contextos de Conflicto y Desastre (Spanish),"Versión en español de la evaluación de la Oficina de Evaluación Independiente del PNUD sobre los enfoques del nexo HDP en contextos de conflicto y desastre. La evaluación examina la eficacia de la programación nexo del PNUD, incluyendo la coordinación con actores humanitarios y de paz, la integración de la sensibilidad a los conflictos, y el logro de resultados colectivos.",Evaluation,,"Development,Humanitarian,Peace","Peace & Security,Governance,Resilience","1. Coordination: Joint analysis,9. Programming: Learning and evidence",UNDP Independent Evaluation Office,UNDP,2024,Spanish,https://www.undp.org/sites/g/files/zskgke326/files/2025-02/hdp_nexus_reflections-es.pdf,,Enfoques del Nexo Humanitario-Desarrollo-Paz en Contextos de Conflicto y Desastre (Spanish).webp,Enfoques del Nexo Humanitario-Desarrollo-Paz en Contextos de Conflicto y Desastre (Spanish).pdf
Enhancing gender equality and women's empowerment in the Humanitarian-Development-Peace nexus in countries affected by the Russian full-scale invasion of Ukraine,"The brief examines the implementation of the Women, Peace and Security (WPS) agenda in countries affected by Russia's full-scale invasion of Ukraine, focusing on Georgia, Poland, Republic of Moldova, Romania, Slovakia, and Ukraine. It explores the integration of the WPS agenda within the Humanitarian-Development-Peace (HDP) nexus, emphasizing the advancement of gender equality and women's empowerment amid collaborative partnerships. 

Key aspects include gender-sensitive analyses and comprehensive approaches to humanitarian response, development, and peacebuilding. The brief highlights the importance of National Action Plans (NAPs) for implementing WPS agenda pillars and integrating gender perspectives into the HDP nexus, alongside the challenges faced such as limited representation, fragmented coordination, and insufficient data. It discusses the role of feminist foreign policy and suggests ways forward for effective gender-responsive integration of refugees and coordination among regional actors.

Recommendations include boosting women's participation, coordinating resources and efforts, and advancing multi-stakeholder regional dialogues for more inclusive, resilient societies. Efforts to improve policy coherence, joint planning, and financing are deemed essential for addressing conflict and building peace.",Policy Brief,Georgia,"Development,Humanitarian,Peace","Gender,Peace & Security,Disaster Risk Reduction,Protection,Social Cohesion,Displacement & Migration,Governance,Resilience","5. Programming: People at the centre,4. Programming: Prioritising prevention,1. Coordination: Joint analysis,11. Financing: Predictable flexible multi-year","For all women and girls, UN Women",UN Women,2025,English,https://eca.unwomen.org/sites/default/files/2025-04/ecaro_policy_brief_for_expert_meeting.pdf,,,Enhancing gender equality and women's empowerment in the Humanitarian-Development-Peace nexus in countries affected by the Russian full-scale invasion of Ukraine.pdf
Enough Theory! A Somali Consortium Putting Nexus Programming into Action,"This report documents the experience of the Nexus Platform — a consortium of eight Somali NGOs (CPD, GREDO, HAVOYOCO, KAALO, SSWC, SADO, TASCO, WASDA) alongside Oxfam and Save the Children International — in operationalising Triple Nexus programming in Somalia and Somaliland. Founded in 2019, the consortium aimed to pioneer locally-led humanitarian, development, and peacebuilding initiatives. Through a literature review and workshops, consortium members articulated integrated programming goals and a vision for a locally-led humanitarian system. The report provides insights and lessons learned from the consortium's initial phase to support others advocating for or implementing Triple Nexus projects.",Report,Somalia,"Development,Humanitarian,Peace","Resilience,Social Cohesion,Governance,Peace & Security,Food Security & Nutrition,Displacement & Migration","1. Coordination: Joint analysis,5. Programming: People at the centre,8. Programming: National and local capacities,4. Programming: Prioritising prevention,6. Programming: Do no harm,7. Programming: Align with risk environment,9. Programming: Learning and evidence","NEXUS Platform (Somalia Consortium), Oxfam, Save the Children",,2021,English,https://heca.oxfam.org/latest/policy-paper/enough-theory-somali-consortium-putting-nexus-programming-action,,Enough Theory! A Somali Consortium Putting Nexus Programming into Action.webp,Enough Theory! A Somali Consortium Putting Nexus Programming into Action.pdf
Envisioning the Humanitarian-Development-Peace Nexus in the Rohingya Response in Bangladesh: Implementation Challenges and Suggestions for the Future,"The article focuses on the implementation challenges of the Humanitarian-Development-Peace (HDP) Nexus in the Rohingya humanitarian response in Cox's Bazar, Bangladesh. It discusses the reliance of over a million Rohingya refugees on humanitarian aid since 2017 and identifies five main challenges hindering the HDP nexus approach. These include the undefined 'peace' component, dominance of international organizations undermining local capacities, ambiguities in multi-year funding, coordination gaps between the nexus pillars, and the reluctance of the Bangladesh government to design long-term refugee policies.

The article emphasizes the need for stronger political commitment from the Government of Bangladesh, effective national policy, and better integration of conflict-sensitive peace elements. It also provides insights for other forced migration and refugee crises globally, recommending collaboration, multi-year financing, and local capacity building to enhance the effectiveness of HDP nexus programming in crisis situations.",Journal Article,Bangladesh,"Development,Humanitarian,Peace","Gender,Peace & Security,Protection,Governance,Social Cohesion,Displacement & Migration,Resilience","8. Programming: National and local capacities,3. Coordination: Political engagement,11. Financing: Predictable flexible multi-year",University of Jyväskylä,Abdul Kadir Khan,2024,English,https://onlinelibrary.wiley.com/doi/full/10.1111/dpr.12803?fbclid=IwY2xjawEwjD1leHRuA2FlbQIxMQABHebk7Q1s0Ayc2StZA7a2t_e_yNbY3Sd76_5uTd8CM_Uzk-F5GXISlMw6IA_aem_D6qcz7cNyrD0JYmWoDGmFA,,Envisioning the Humanitarian-Development-Peace Nexus in the Rohingya Response in Bangladesh Implementation Challenges and Suggestions for the Future.webp,Envisioning the Humanitarian-Development-Peace Nexus in the Rohingya Response in Bangladesh Implementation Challenges and Suggestions for the Future.pdf
Ethiopia's Nutrition Centric Triple Nexus Approach: A Summary,"Ethiopia\'s Nutrition Centric Triple Nexus Approach addresses long-standing humanitarian challenges through a coordinated framework integrating humanitarian, development, and peace initiatives. Launched by the Government of Ethiopia (GoE) in May 2023, the approach aims to enhance community resilience, decrease malnutrition, and mitigate conflicts. The Implementation Roadmap outlines three phases: inception (2023-2024), implementation (2025-2029), and dissemination (from 2030). Key goals include reducing child stunting, improving dietary diversity, and fostering local peacebuilding. Governance is centered around the Food System and Nutrition Council (FSNC) with oversight by various ministries.

The operational guide outlines requirements for Nexus compliance, such as joint assessments, multi-year financing, and conflict sensitivity. The initial roll-out targets six woredas in crisis-prone regions, with a three-year budget estimated at US\$27 million. Emphasis is placed on flexible financing, multi-sectoral collaboration, and local empowerment. The approach advocates for systemic changes in financing and governance strategies to sustainably address Ethiopia\'s nutrition and conflict challenges.",Guide,Ethiopia,"Development,Humanitarian,Peace","Disaster Risk Reduction,Peace & Security,Food Security & Nutrition,Protection,Social Cohesion,Governance,Resilience","7. Programming: Align with risk environment,5. Programming: People at the centre,4. Programming: Prioritising prevention,11. Financing: Predictable flexible multi-year","Ethiopia Ministry of Health, Ethiopian Disaster Risk Management Commision","Ethiopia Ministry of Health, Ethiopian Disaster Risk Management Commision",2024,English,https://n4d.group/wp-content/uploads/2024/10/Ethiopia-Nexus_Summary-of-OG-and-IR.pdf,,Ethiopia's Nutrition Centric Triple Nexus Approach A Summary.webp,Ethiopia's Nutrition Centric Triple Nexus Approach A Summary.pdf
Evaluación de UNICEF sobre la vinculación de la programación humanitaria y de desarrollo (Spanish),"Versión en español de la evaluación corporativa de UNICEF sobre los esfuerzos de la organización para vincular la programación humanitaria y de desarrollo. La evaluación examina el progreso y los desafíos en la operacionalización de un enfoque nexo en la cartera global de UNICEF, incluyendo la transición entre la respuesta de emergencia y la programación de desarrollo a largo plazo.",Evaluation,,"Development,Humanitarian","Governance,Resilience","1. Coordination: Joint analysis,8. Programming: National and local capacities,9. Programming: Learning and evidence",UNICEF,UNICEF,2021,Spanish,https://docs.un.org/es/e/icef/2021/28,,Evaluación de UNICEF sobre la vinculación de la programación humanitaria y de desarrollo (Spanish).webp,Evaluación de UNICEF sobre la vinculación de la programación humanitaria y de desarrollo (Spanish).pdf
Evaluaciones Conjuntas de Recuperación y Consolidación de la Paz: Nota Práctica (Spanish),"Versión en español de la nota práctica sobre Evaluaciones Conjuntas de Recuperación y Consolidación de la Paz (RPBA), producida conjuntamente por la UE, el Banco Mundial y las Naciones Unidas. La nota proporciona orientación sobre la metodología, la gobernanza y los arreglos de coordinación para llevar a cabo las RPBA, y explica cómo estas evaluaciones pueden servir como plataforma para la planificación conjunta HDP y para el logro de resultados colectivos en contextos post-conflicto y de recuperación.",Guide,,"Development,Humanitarian,Peace","Governance,Peace & Security,Resilience","1. Coordination: Joint analysis,2. Coordination: Empowered leadership,9. Programming: Learning and evidence","European Union, World Bank, United Nations","EU, World Bank, United Nations",2017,Spanish,https://documents1.worldbank.org/curated/en/935131531460139534/pdf/128333-WP-P162630-PUBLIC-SPANISH-RPBA-Guidance-Spanish-PDF.pdf,,Evaluaciones Conjuntas de Recuperación y Consolidación de la Paz Nota Práctica (Spanish).webp,Evaluaciones Conjuntas de Recuperación y Consolidación de la Paz Nota Práctica (Spanish).pdf
Évaluation formative de l’action menée par l’UNICEF pour corréler les programmes humanitaires et les programmes de développement,"Version française de l'évaluation institutionnelle de l'UNICEF sur les efforts de l'organisation pour relier la programmation humanitaire et le développement. L'évaluation examine les progrès réalisés et les défis persistants dans l'opérationnalisation d'une approche nexus dans le portefeuille mondial de l'UNICEF, notamment la transition entre la réponse d'urgence et la programmation de développement à long terme.",Evaluation,,"Development,Humanitarian","Governance,Resilience","1. Coordination: Joint analysis,8. Programming: National and local capacities,9. Programming: Learning and evidence",UNICEF,UNICEF,2021,French,https://docs.un.org/fr/e/icef/2021/28,,Évaluation formative de l’action menée par l’UNICEF pour corréler les programmes humanitaires et les programmes de développement.webp,Évaluation formative de l’action menée par l’UNICEF pour corréler les programmes humanitaires et les programmes de développement.pdf
Evaluation of Armenia WFP Country Strategic Plan 2019–2025,"Evaluates WFP's transition towards more sustainable development and peace-oriented strategies to improve resilience and food security in Armenia. A practical evaluation of pivoting a legacy food-aid program into a resilience-building operation within a middle-income, conflict-adjacent country. It includes a reveiw of how the HDP Nexus approach was delivered in the country. ",Evaluation,Armenia,"Humanitarian,Development,Peace","Food Security & Nutrition,Resilience","10. Financing: Develop evidence-based strategies,9. Programming: Learning and evidence",WFP,WFP,2025,English,https://alnap.hacdn.io/media/documents/WFP_Armenia_CSPE_ER_Final_formatted.pdf,,Evaluation of Armenia WFP Country Strategic Plan 2019–2025.webp,Evaluation of Armenia WFP Country Strategic Plan 2019–2025.pdf
Evaluation of FAO's Contribution to the Humanitarian–Development–Peace Nexus 2014–2020,"This FAO external evaluation (2021) reviews how FAO addressed the HDP nexus across its operations from 2014 to 2020, bringing together in a coherent narrative FAO's approaches to conflict management, peace-sustaining work on natural resources, rights-based frameworks, and emergency activities in crisis and conflict contexts. 

The evaluation finds that FAO's nexus contribution has been primarily at country level and draws on examples from across FAO's portfolio to generate lessons. The overarching finding is that FAO is ideally placed to mainstream and institutionalise HDP nexus ways of working as part of its organisational DNA, with specific recommendations on conflict-sensitive programming, technical diplomacy, joint analysis, and coordination. An important institutional learning document for dual-mandate food and agriculture actors working at the nexus.",Evaluation,,"Humanitarian,Development,Peace","Food Security & Nutrition,Policy & Strategy,Coordination,Conflict Sensitivity","1. Coordination: Joint analysis,9. Programming: Learning and evidence",FAO,FAO,2021,English,https://openknowledge.fao.org/server/api/core/bitstreams/a4b16ec0-9f39-4ef2-bb00-c44b979acb31/content,,Evaluation of FAO's Contribution to the Humanitarian–Development–Peace Nexus 2014–2020.webp,Evaluation of FAO's Contribution to the Humanitarian–Development–Peace Nexus 2014–2020.pdf
Evaluation of IOM's Institutional Approach to the Implementation of the Humanitarian Development Peace Nexus,"This evaluation examines the International Organization for Migration (IOM)'s institutional approach to the Humanitarian Development Peace Nexus (HDPN). It assesses IOM's strategic and operational integration of the HDPN framework across various contexts. The evaluation finds that while IOM has progressed in aligning with global HDPN strategies, internal challenges such as siloed operations, limited funding streams, and inconsistent field-level application persist. 

Key dimensions of operationalization, such as planning, assessment, programming, and partnerships, have shown varied effectiveness. There is a need for enhanced internal coherence, sustainable funding, integrated programming, and strengthened partnerships, especially with local actors. Recommendations include issuing high-level institutional guidance, fostering integrated programming, enhancing M&E frameworks, and prioritizing strategic donor engagement.

The report underscores the importance of coherent leadership and systemic approaches to ensure HDPN becomes a more effective and sustainable framework within IOM\'s operations.",Evaluation,"Colombia,Iraq","Development,Humanitarian,Peace","Disaster Risk Reduction,Social Cohesion,Economic Development,Displacement & Migration,Governance,Resilience","5. Programming: People at the centre,11. Financing: Predictable flexible multi-year,2. Coordination: Empowered leadership,1. Coordination: Joint analysis",IOM,IOM,2022,English,https://evaluation.iom.int/sites/g/files/tmzbdl151/files/docs/resources/HDPN%20Evaluation%20IOM%20EVA%20final.pdf,,Evaluation of IOM's Institutional Approach to the Implementation of the Humanitarian Development Peace Nexus.webp,Evaluation of IOM's Institutional Approach to the Implementation of the Humanitarian Development Peace Nexus.pdf
"Evaluation of the Interaction between Humanitarian, Development and Peace (HDP) Efforts in Norwegian Aid — Synthesis Report","Evaluation synthesis summarising findings across a five-report series examining how Norwegian humanitarian aid, development cooperation and peace efforts interact in practice. Taking a bottom-up perspective grounded in country-level realities in DRC, Ethiopia and Lebanon, the evaluation addresses the question: how can linkages between the three pillars be reinforced without undermining humanitarian principles?

The series comprises three country evaluations, a geospatial country analysis covering four contexts including Syria, and this synthesis report drawing together findings relevant to Norwegian aid policy. Covers context-specificity of nexus implementation, practical coordination barriers, conflict sensitivity, and the gap between policy commitment and field reality.",Evaluation,"Ethiopia,Lebanon,Democratic Republic of the Congo","Humanitarian,Development,Peace","Coordination,Financing,Conflict Sensitivity,Learning & Evidence","9. Programming: Learning and evidence,10. Financing: Develop evidence-based strategies,1. Coordination: Joint analysis",NORAD (Norwegian Agency for Development Cooperation),NORAD,2023,English,https://www.norad.no/contentassets/1933cb09da674c2e945a2cd3de0784f1/5.2023_synthesis_evaluation-of-the-interaction-between-norwegian-humanitarian-aid-development-cooperation-and-peace-efforts.pdf,,"Evaluation of the Interaction between Humanitarian, Development and Peace (HDP) Efforts in Norwegian Aid — Synthesis Report.webp","Evaluation of the Interaction between Humanitarian, Development and Peace (HDP) Efforts in Norwegian Aid — Synthesis Report.pdf"
"Evaluation of the Interaction between Norwegian Humanitarian Aid, Development Cooperation and Peace Efforts: Democratic Republic of Congo","Country evaluation report assessing how Norwegian humanitarian aid, development cooperation and peace efforts have interacted in the Democratic Republic of Congo — part of a five-report Norwegian HDP evaluation series. The DRC hosts one of the world's largest and most protracted humanitarian crises alongside an active nexus coordination architecture, including a multi-stakeholder nexus core team and dedicated coordination capacity in the Resident Coordinator Office. 

The evaluation examines interaction between Norwegian programming across the three pillars from a bottom-up perspective, with findings on conflict sensitivity, power dynamics in aid coordination, and the gap between nexus policy commitments and field-level practice.",Evaluation,Democratic Republic of the Congo,"Humanitarian,Development,Peace","Coordination,Conflict Sensitivity,Learning & Evidence,Governance","9. Programming: Learning and evidence,1. Coordination: Joint analysis,6. Programming: Do no harm",NORAD,NORAD,2023,English,https://www.norad.no/contentassets/1933cb09da674c2e945a2cd3de0784f1/7.2023_evaluation-of-the-interaction-between-norwegian-humanitarian-aid-development-cooperation-and-peace-efforts_country-report_democratic-republic-of-the-congo.pdf,,"Evaluation of the Interaction between Norwegian Humanitarian Aid, Development Cooperation and Peace Efforts Democratic Republic of Congo.webp","Evaluation of the Interaction between Norwegian Humanitarian Aid, Development Cooperation and Peace Efforts Democratic Republic of Congo.pdf"
"Evaluation of the Interaction between Norwegian Humanitarian Aid, Development Cooperation and Peace Efforts: Ethiopia","Country evaluation report assessing how Norwegian humanitarian aid, development cooperation and peace efforts have interacted in Ethiopia — part of a five-report Norwegian HDP evaluation series. Ethiopia presents a context of dramatically escalating humanitarian needs over the evaluation period, driven by the Tigray conflict (2020–2022), recurrent displacement crises, and drought, alongside development programming of significant scale.

The report examines how Norwegian programming across the three pillars has engaged with these overlapping challenges, what has worked in terms of nexus coherence, and what structural and operational barriers have prevented more integrated approaches.",Evaluation,Ethiopia,"Humanitarian,Development,Peace","Coordination,Conflict Sensitivity,Learning & Evidence","9. Programming: Learning and evidence,1. Coordination: Joint analysis",NORAD,NORAD,2023,English,https://www.norad.no/contentassets/1933cb09da674c2e945a2cd3de0784f1/8.2023_evaluation-of-the-interaction-between-norwegian-humanitarian-aid-development-cooperation-and-peace-efforts_country-report_ethiopia.pdf,,"Evaluation of the Interaction between Norwegian Humanitarian Aid, Development Cooperation and Peace Efforts Ethiopia.webp","Evaluation of the Interaction between Norwegian Humanitarian Aid, Development Cooperation and Peace Efforts Ethiopia.pdf"
"Evaluation of the Interaction between Norwegian Humanitarian Aid, Development Cooperation and Peace Efforts: Geospatial Country Analysis","Geospatial country analysis forming part of the Norwegian HDP evaluation series. Maps and analyses Norwegian humanitarian, development and peace programming in DRC, Ethiopia, Lebanon and Syria using quantitative geospatial data sources, enabling comparison of geographic targeting across the three pillars. 

The spatial analysis allows assessment of whether humanitarian and development actors are operating in the same geographic areas — a basic condition for nexus complementarity — and identifies zones where nexus approaches are most needed but least present. A methodologically distinctive contribution that brings quantitative spatial evidence to bear on coordination and coherence questions typically assessed through qualitative methods.",Evaluation,"Ethiopia,Lebanon,Syria,Democratic Republic of the Congo","Humanitarian,Development,Peace","Coordination,Learning & Evidence,Policy & Strategy","1. Coordination: Joint analysis,9. Programming: Learning and evidence",NORAD,NORAD,2023,English,https://www.norad.no/contentassets/1933cb09da674c2e945a2cd3de0784f1/9.2023_geospatial-country-analysis_evaluation-of-the-interaction-between-norwegian-humanitarian-aid-development-cooperation-and-peace-efforts.pdf,,"Evaluation of the Interaction between Norwegian Humanitarian Aid, Development Cooperation and Peace Efforts Geospatial Country Analysis.webp","Evaluation of the Interaction between Norwegian Humanitarian Aid, Development Cooperation and Peace Efforts Geospatial Country Analysis.pdf"
"Evaluation of the Interaction between Norwegian Humanitarian Aid, Development Cooperation and Peace Efforts: Lebanon","Country evaluation report assessing how Norwegian humanitarian aid, development cooperation and peace efforts have interacted in Lebanon — part of a five-report Norwegian HDP evaluation series. Lebanon presents one of the most complex nexus operating environments globally: among the world's highest per-capita refugee populations, compounded by an acute economic and political crisis, and from October 2023 active conflict in the south escalating to full-scale war by September 2024.

The report examines practical barriers and enabling factors for nexus coherence from a bottom-up perspective, drawing on evidence from Norwegian-funded programming across all three pillars and the wider coordination architecture including the Regional Refugee and Resilience Plan (3RP).",Evaluation,Lebanon,"Humanitarian,Development,Peace","Coordination,Financing,Conflict Sensitivity,Learning & Evidence","9. Programming: Learning and evidence,1. Coordination: Joint analysis",NORAD,NORAD,2023,English,https://www.norad.no/contentassets/1933cb09da674c2e945a2cd3de0784f1/6.2023_evaluation-of-the-interaction-between-norwegian-humanitarian-aid-development-cooperation-and-peace-efforts_country-report_lebanon.pdf,,"Evaluation of the Interaction between Norwegian Humanitarian Aid, Development Cooperation and Peace Efforts Lebanon.webp","Evaluation of the Interaction between Norwegian Humanitarian Aid, Development Cooperation and Peace Efforts Lebanon.pdf"
Evaluation of UNDP Support to Conflict-Affected Countries,"This evaluation report by the UNDP Independent Evaluation Office assesses UNDP's support to conflict-affected countries from 2014-2020. It highlights UNDP\'s contributions to stabilizing, building, and strengthening institutions while enabling statebuilding and peacebuilding processes across diverse conflict contexts.

The report acknowledges UNDP's agility in adapting to various conflict situations and effectiveness in its interventions regarding recovery and stabilization. However, it notes areas for improvement, such as the need for a more proactive approach to conflict prevention, long-term engagement in governance, and private sector development.

The report stresses the necessity for integrated humanitarian-development-peace nexus programming, and the importance of addressing gender equality and enhancing youth roles in peacebuilding. It concludes with recommendations for UNDP to help align its strategies with the UN peace reform agenda, prioritize long-term governance and livelihood support, and strengthen partnerships with other UN agencies.",Evaluation,"Afghanistan,Colombia,Guatemala,Iraq,Central African Republic,Democratic Republic of the Congo","Development,Humanitarian,Peace","Climate,Gender,Peace & Security,Social Cohesion,Economic Development,Disaster Risk Reduction,Protection,Governance,Resilience","7. Programming: Align with risk environment,8. Programming: National and local capacities,3. Coordination: Political engagement,10. Financing: Develop evidence-based strategies,11. Financing: Predictable flexible multi-year",UNDP Independent Evaluation Office,UNDP Independent Evaluation Office,2020,English,https://www.undp.org/evaluation/publications/evaluation-undp-support-conflict-affected-countries,,Evaluation of UNDP Support to Conflict-Affected Countries.webp,Evaluation of UNDP Support to Conflict-Affected Countries.pdf
Evaluation of UNDP Support to Social Protection,"The UNDP evaluation on social protection highlights its role in addressing social protection gaps through strengthening governance and systems to reach vulnerable populations. It acknowledges challenges in coverage, financing, among others, exacerbated by COVID-19.

The evaluation underscores the importance of leveraging UNDP's multisectoral approach to link social protection with governance, inclusive growth and environmental sustainability, while noting that programming is often fragmented and inconsistent.

Major contributions include targeting beneficiaries for cash transfers, building digital registries, and supporting health systems, but interventions remain limited in low-income countries. Recommendations focus on strengthening linkages with other sectors, enhancing private sector engagement, and better utilizing data and digital tools to improve social protection systems, particularly in low-income and least developed countries, while integrating environmental and labor market considerations for a just and green transition.",Evaluation,"Argentina,Cambodia,Dominican Republic","Development,Humanitarian","Gender,Health,Economic Development,Disaster Risk Reduction,Social Cohesion,Resilience","7. Programming: Align with risk environment,3. Coordination: Political engagement,1. Coordination: Joint analysis,2. Coordination: Empowered leadership",UNDP Independent Evaluation Office,UNDP Independent Evaluation Office,2023,English,https://www.undp.org/evaluation/publications/evaluation-social-protection,,Evaluation of UNDP Support to Social Protection.webp,Evaluation of UNDP Support to Social Protection.pdf
Evaluation of UNDP Support to the Syrian Refugee Crisis Response,"The evaluation by the UNDP Independent Evaluation Office scrutinizes the UNDP's response to the Syrian refugee crisis over 2015-2019. It underscores the importance of an integrated resilience approach combining humanitarian aid with long-term development goals amid this protracted crisis. 

The UNDP coordinated the 3RP framework alongside UNHCR to simultaneously address refugee and host communities' needs, achieving significant successes in mobilizing resources. Nevertheless, challenges persist in bridging the humanitarian-development divide due to constraints in institutional capacity and policy-level engagement.

The implementation of resilience strategies revealed limitations in achieving large-scale employment and adequately strengthening social services. Collaborative efforts with national and local governments proved essential in improving infrastructures and livelihoods, though heightened focus on private sector engagement was found lacking.

The evaluation stresses the urgent need for a strategic and coherent refugee response, balancing immediate humanitarian needs with sustainable development. It encourages leveraging UNDP\'s role in fostering long-term peace and development through multi-stakeholder partnerships and institutional strengthening.",Evaluation,"Egypt,Iraq","Development,Humanitarian","Economic Development,Livelihoods,Social Cohesion,Displacement & Migration,Governance,Resilience","7. Programming: Align with risk environment,8. Programming: National and local capacities,10. Financing: Develop evidence-based strategies",UNDP Independent Evaluation Office,UNDP Independent Evaluation Office,2021,English,https://www.undp.org/evaluation/publications/evaluation-syrian-refugee-crisis,,Evaluation of UNDP Support to the Syrian Refugee Crisis Response.webp,Evaluation of UNDP Support to the Syrian Refugee Crisis Response.pdf
"Evaluation of UNICEF's Integration of Humanitarian, Development and Peace Approaches (HDP Nexus)","Terms of Reference for the UNICEF Evaluation Office commissioned independent evaluation (underway as of 2025), examining how UNICEF operationalises the HDP nexus across its programmes and institutional systems. It will assess how the HDP nexus is reflected in UNICEF's strategies and guidance; whether it has improved outcomes for children; whether it has strengthened systems and resilience; and how it has been adapted to protracted crisis settings.

UNICEF operates across humanitarian, development, and peacebuilding contexts and this evaluation represents the first comprehensive institutional assessment of nexus integration within UNICEF. Findings will inform UNICEF's institutional positioning and programming approach in fragile and crisis-affected settings globally.",Evaluation,,"Humanitarian,Development,Peace","Coordination,Policy & Strategy,Health","2. Coordination: Empowered leadership,9. Programming: Learning and evidence",UNICEF,UNICEF Evaluation Office,2025,English,https://www.unicef.org/evaluation/evaluation-unicefs-integration-humanitarian-development-and-peace-approaches-hdp-nexus,,"Evaluation of UNICEF's Integration of Humanitarian, Development and Peace Approaches (HDP Nexus).webp","Evaluation of UNICEF's Integration of Humanitarian, Development and Peace Approaches (HDP Nexus).pdf"
Évaluations communes pour le relèvement et la consolidation de la paix : Une note pratique sur les évaluations et la planification,"Version française de la note pratique sur les Évaluations Conjointes de Relèvement et de Consolidation de la Paix (RPBA), produite conjointement par l'UE, la Banque Mondiale et les Nations Unies. La note fournit des orientations sur la méthodologie, la gouvernance et les modalités de coordination pour conduire les RPBA, et explique comment elles peuvent servir de plateforme pour la planification conjointe HDP et l'atteinte de résultats collectifs dans les contextes post-conflit et de relèvement.",Guide,,"Development,Humanitarian,Peace","Governance,Peace & Security,Resilience","1. Coordination: Joint analysis,2. Coordination: Empowered leadership,9. Programming: Learning and evidence","European Union, World Bank, United Nations","EU, World Bank, United Nations",2017,French,https://fpi.ec.europa.eu/system/files/2021-05/rpba_guidance_french_pdf.pdf,,Évaluations communes pour le relèvement et la consolidation de la paix Une note pratique sur les évaluations et la planification.webp,Évaluations communes pour le relèvement et la consolidation de la paix Une note pratique sur les évaluations et la planification.pdf
Event Highlights: INEE & NORRAG Session — The Humanitarian-Development-Peace Nexus and Education: Not Just Another Buzzword,"Event highlights from a hybrid INEE/NORRAG session held at Humanitarian Networks and Partnerships Week (HNPW) in Geneva on 10 March 2026, drawing on the NORRAG Policy Insights publication Education and the Humanitarian-Development-Peace Nexus at 10.

The session explored how education in humanitarian and fragile contexts can be strengthened through a nexus approach, with presentations covering the publication's five thematic sections and cross-cutting themes: the importance of local leadership, the central role of teachers, and the need for flexible long-term financing. Documents the key takeaways and practitioner exchanges from one of the main education-nexus events of the 2026 humanitarian calendar.",Webinar recording,,"Humanitarian,Development,Peace","Education,Coordination,Financing,Localisation","8. Programming: National and local capacities,11. Financing: Predictable flexible multi-year","NORRAG, INEE (Inter-Agency Network for Education in Emergencies)","NORRAG, INEE",2026,English,https://www.norrageducation.org/humanitarian-networks-and-partnerships-weeks-hnpw-2026-the-humanitarian-development-peace-nexus-and-education-not-just-another-buzzword/,,Event Highlights INEE & NORRAG Session — The Humanitarian-Development-Peace Nexus and Education Not Just Another Buzzword.webp,
Evidence base for EU action on fragility and HDP nexus,"This VOICE paper synthesises the available evidence base for EU action on fragility and the humanitarian-development-peace nexus, providing a critical assessment of what the research tells us about what works, what doesn't, and where the evidence is weak.

As the EU has made the HDP nexus central to its external action in fragile and conflict-affected states — through the 2017 Integrated Approach, the EU Neighbourhood, Development and International Cooperation Instrument (NDICI-Global Europe), and successor financing frameworks — the quality and strength of the evidence base underpinning its nexus commitments is essential. 

The paper reviews evidence from evaluations, academic research, and grey literature on EU nexus implementation across pilot countries, examining where coherence and complementarity across the EU's humanitarian, development and political instruments have been achieved and where significant gaps remain. It makes evidence-based recommendations for how the EU can strengthen its nexus approach, particularly in relation to civil society engagement, humanitarian principles, and the quality of contextual analysis.",Report,"South Sudan,Afghanistan,Burkina Faso,Mali,Myanmar,Niger","Humanitarian,Development,Peace","Climate,Resilience,Governance","7. Programming: Align with risk environment,11. Financing: Predictable flexible multi-year",VOICE,"World Vision, NRC",2026,English,https://voiceeu.org/publications/evidence-base-for-eu-action-on-fragility-and-the-hdp-nexus.pdf,,Evidence base for EU action on fragility and HDP nexus.webp,Evidence base for EU action on fragility and HDP nexus.pdf
Evidence Brief: Key Takeaways from HDP Nexus Partnerships Supporting Displaced Populations and Host Communities,"This evidence brief synthesises key findings from the multi-year UNHCR Evaluation Office evaluation and the GIZ-UNHCR Joint Study on the SUN Global Programme, which tested HDP nexus approaches in eleven countries. It zooms in on three dimensions highlighted in the Global Compact on Refugees: reducing pressure on host communities; enhancing refugee self-reliance; and strengthening durable solutions through nexus approaches.

The brief provides accessible, evidence-based takeaways for practitioners and policymakers on what has worked in practice when humanitarian and development actors collaborate in displacement settings, and what institutional and operational conditions enable effective nexus partnerships.",Report,,"Humanitarian,Development,Peace","Displacement & Migration,Resilience,Coordination","1. Coordination: Joint analysis,8. Programming: National and local capacities","UNHCR, Deutsche Gesellschaft für Internationale Zusammenarbeit (GIZ)","UNHCR, GIZ",2023,English,https://reliefweb.int/report/world/evidence-brief-key-takeaways-hdp-nexus-partnerships-supporting-displaced-populations-and-host-communities,,Evidence Brief Key Takeaways from HDP Nexus Partnerships Supporting Displaced Populations and Host Communities.webp,Evidence Brief Key Takeaways from HDP Nexus Partnerships Supporting Displaced Populations and Host Communities.pdf
Evidence for Prevention: A Study on National Prevention Strategies and UNDP Contribution to Conflict Prevention,"Study documenting knowledge and lessons learned on conflict and crisis prevention, structured in two parts. Part 1 reviews nationally led prevention and peace strategies across 15 countries, with in-depth case studies of Mauritania, Norway and Kenya — examining how national prevention works in practice and what institutional, political and socioeconomic conditions enable it to succeed. Part 2 reviews UNDP's programmatic contribution to prevention efforts through eight country cases.

Drawing on diverse settings and qualitative evidence, the study identifies transferable principles and practices to inform risk-informed development, peacebuilding and governance reform. Key findings highlight how combining political inclusion, trusted institutions, socioeconomic opportunity and anticipatory governance can address structural and emerging drivers of instability.",Report,"Mauritania,Norway,Kenya","Development,Peace","Peace & Security,Governance,Conflict Sensitivity,Resilience","4. Programming: Prioritising prevention,3. Coordination: Political engagement,9. Programming: Learning and evidence",UNDP,UNDP,2026,English,https://www.undp.org/sites/g/files/zskgke326/files/2026-04/undp-evidence-for-prevention-v2.pdf,,Evidence for Prevention A Study on National Prevention Strategies and UNDP Contribution to Conflict Prevention.webp,Evidence for Prevention A Study on National Prevention Strategies and UNDP Contribution to Conflict Prevention.pdf
Explain (Quick Read): Essential Briefings For Humanitarian Decision-Makers: The Humanitarian-Development-Peace Nexus,"A quick read exploring why turning coordination efforts into tangible outcomes remains a challenge. It highlights the need for stronger political leadership, joined-up financing, and locally-led approaches to overcome persistent silos. Acts as a critical 2025 health-check on the Nexus agenda, identifying persistent systemic blockers and offering localized approaches as the primary solution.",Policy Brief,,"Humanitarian,Development,Peace","Governance,Resilience","3. Coordination: Political engagement,8. Programming: National and local capacities,11. Financing: Predictable flexible multi-year",ALNAP,"Jennifer Doherty, Mae Albiento",2025,English,https://alnap.hacdn.io/media/documents/ALNAP_Explain_HDPNexus_Quickread_052025.pdf,,Explain (Quick Read) Essential Briefings For Humanitarian Decision-Makers The Humanitarian-Development-Peace Nexus.webp,Explain (Quick Read) Essential Briefings For Humanitarian Decision-Makers The Humanitarian-Development-Peace Nexus.pdf
Explain: Essential Briefings for Humanitarian Decision-Makers ,,Policy Brief,,,,,,"Jennifer Doherty, Senior Research Fellow, ALNAP and Mae Albiento, Research Officer, ALNAP.",2025,,https://alnap.org/help-library/resources/explain-hdp-nexus/,,,Explain_HDPNexus_Briefing_052025.pdf
Explain: Essential Briefings For Humanitarian Decision-Makers: The Humanitarian-Development-Peace Nexus,"A briefing exploring why turning coordination efforts into tangible outcomes remains a challenge. It highlights the need for stronger political leadership, joined-up financing, and locally-led approaches to overcome persistent silos. Acts as a critical 2025 health-check on the Nexus agenda, identifying persistent systemic blockers and offering localized approaches as the primary solution.",Policy Brief,,"Humanitarian,Development,Peace","Governance,Resilience","3. Coordination: Political engagement,8. Programming: National and local capacities,11. Financing: Predictable flexible multi-year",ALNAP,"Jennifer Doherty, Mae Albiento",2025,English,https://alnap.org/help-library/resources/explain-hdp-nexus/,,Explain (Quick Read) Essential Briefings For Humanitarian Decision-Makers The Humanitarian-Development-Peace Nexus.webp,Explain Essential Briefings For Humanitarian Decision-Makers The Humanitarian-Development-Peace Nexus.pdf
Exploring Peace within the Humanitarian-Development-Peace Nexus (HDPN),"The paper explores the integration of peace within the Humanitarian-Development-Peace Nexus (HDPN), emphasizing the need for simultaneous and collaborative approaches to crises such as conflicts, disasters, and socio-economic shocks. It argues that humanitarian, development, and peace actions are vital and should align for effective crisis intervention.

The document distinguishes between \'negative\' and \'positive\' peace, and 'little p' and 'Big P' peace actions, discussing their roles in sustaining peace. It stresses the importance of context and conflict analysis and conflict-sensitive programming in avoiding negative impacts and fostering complementary outcomes. Furthermore, the paper addresses the challenges of adhering to humanitarian principles while collaborating with peace actions.

Case studies exemplify successful collaboration across the nexus, illustrating how humanitarian actions can indirectly contribute to peace and guide programmatic design to enhance longer-term outcomes that mitigate conflict and bolster resilience.",Report,"Cameroon,Central African Republic","Development,Humanitarian,Peace","Protection,Social Cohesion,Disaster Risk Reduction,Economic Development,Governance,Resilience","1. Coordination: Joint analysis,10. Financing: Develop evidence-based strategies,7. Programming: Align with risk environment,8. Programming: National and local capacities",Inter-Agency Standing Committee (IASC),Inter-Agency Standing Committee (IASC),2024,English,https://interagencystandingcommittee.org/sites/default/files/migrated/2020-10/Issue%20paper%20-%20Exploring%20peace%20within%20the%20Humanitarian-Development-Peace%20Nexus%20%28HDPN%29.pdf,,Exploring Peace within the Humanitarian-Development-Peace Nexus (HDPN).webp,Exploring Peace within the Humanitarian-Development-Peace Nexus (HDPN).pdf
Exploring Systemic Risk Management as a Contribution to the HDP Nexus,"This ODI report, produced with GIZ/BMZ support, proposes a set of priorities to enhance HDP Nexus action by exploring the use of systemic risk management within the nexus framework. Building on ODI's 'When Disasters and Conflict Collide' work, the report examines how disaster risk reduction (DRR) and peacebuilding can generate dual outcomes in fragile and conflict-affected contexts, addressing a gap identified by the OECD's 2022 HDP Nexus Interim Progress Review regarding natural hazard-related and climate-related disaster risks within the peace and security agenda.

The report sets out priorities for integrating systemic risk management into HDP nexus approaches, advocates for inclusion of DRR-peacebuilding links in the Sendai Framework Mid-Term Review, and proposes improved 'nexus literacy' on the interconnections between DRR and peacebuilding.",Report,,"Development,Humanitarian,Peace","Resilience,Peace & Security,Governance","1. Coordination: Joint analysis,4. Programming: Prioritising prevention,7. Programming: Align with risk environment,9. Programming: Learning and evidence,3. Coordination: Political engagement",Overseas Development Institute (ODI),,2023,English,https://odi.org/en/publications/exploring-systemic-risk-management-as-a-contribution-to-the-hdp-nexus/,,Exploring Systemic Risk Management as a Contribution to the HDP Nexus.webp,Exploring Systemic Risk Management as a Contribution to the HDP Nexus.pdf
Falling short? Humanitarian funding and reform,"The report 'Falling Short? Humanitarian Funding and Reform' critically analyzes the current state and future of humanitarian financing, emphasizing funding challenges and reform efforts amidst increasing global humanitarian needs. Despite historic levels of international humanitarian assistance, a significant funding gap of USD 32 billion was recorded in 2023. The trend shows declining donor contributions, with significant cuts from major donors like the UK, Germany, and Canada, while a narrowing donor base raises concerns about financial sustainability.

The report highlights the lack of substantial progress in directing resources to local and national actors, with only 4.4% of funding reaching them directly. Additionally, while cash and voucher assistance (CVA) has grown, its adoption in humanitarian settings has stalled, indicating a need for more localized approaches. Funding for anticipatory action remains limited, making up less than 1% of total international humanitarian assistance, signaling the need for more investment in anticipatory frameworks.

The overarching challenge remains the protracted nature of crises, which now account for 91% of global funding needs, prompting a call for multi-year funding approaches and connection with the humanitarian-development-peace nexus.",Report,Bangladesh,Humanitarian,"Economic Development,Governance,Disaster Risk Reduction,Livelihoods,Food Security & Nutrition,Social Cohesion,Displacement & Migration,Resilience","5. Programming: People at the centre,4. Programming: Prioritising prevention,8. Programming: National and local capacities,2. Coordination: Empowered leadership,10. Financing: Develop evidence-based strategies,11. Financing: Predictable flexible multi-year",Development Initiatives,"Elise Belcher, Mike Pearson, Niklas Rieger, Suzanna Nelson-Pollard",2024,English,https://devinit.org/resources/falling-short-humanitarian-funding-reform/,,Falling short Humanitarian funding and reform.webp,Falling short Humanitarian funding and reform.pdf
FAO Corporate Framework to Support Sustainable Peace in the Context of Agenda 2030,"FAO corporate framework articulating the organisation's institutional approach to contributing to sustainable peace through its food, agriculture, forestry and fisheries mandate. Positions food security, sustainable natural resource management and equitable rural livelihoods as peace dividends and conflict prevention tools, linking FAO's development mandate explicitly to the peace pillar of the triple nexus. 

Covers FAO's comparative advantages in conflict-sensitive programming, the theory of change connecting food systems work with peace outcomes, and how this framework guides engagement in fragile and conflict-affected contexts.",Guide,,"Development,Peace","Food Security & Nutrition,Peace & Security,Resilience,Governance","4. Programming: Prioritising prevention,8. Programming: National and local capacities",FAO,FAO,2018,English,https://openknowledge.fao.org/server/api/core/bitstreams/eac6b2ac-a7c2-4bda-9018-ba474b31c4d2/content,,FAO Corporate Framework to Support Sustainable Peace in the Context of Agenda 2030.webp,FAO Corporate Framework to Support Sustainable Peace in the Context of Agenda 2030.pdf
FAO Guide to Context Analysis: Informing FAO Decision-Making – Approaches to Working in Fragile and Conflict-Affected Contexts,"In 2018 FAO approved its Corporate Framework to Support Sustainable Peace in the Context of Agenda 2030, committing FAO to a more deliberate and transformative impact on sustaining peace, within the scope of its mandate. The foundational element for FAO supported interventions to - at a minimum - do no harm, or to identify where they may contribute to sustaining peace, is to understand contextual dynamics and how they could interact with a proposed intervention. This is essential to effective conflict-sensitive programming. The Guide to Context Analysis is a key step in operationalising this, being an accessible and practical learning tool for non-conflict specialists in FAO decentralised offices to document and institutionalise their knowledge of the local context, and thus inform conflict-sensitive design of FAO interventions.

The wider objective is to minimise the risk of any negative or harmful impacts, as well as maximise any positive contributions towards strengthening and consolidating conditions for sustainable local peace. The Guide to Context Analysis is sufficiently flexible to suit a variety of potential audiences or reporting formats, including a rapid context analysis for a specific project, an area-based intervention, joint programming with other UN agencies, as well as a standalone strategic analysis to inform decentralised office planning. The Guide can be read both a standalone instructional aid on context analysis, as well as an essential precursor to FAO’s Programme Clinic approach to design conflict-sensitive interventions (comprising both a facilitators’ and participants’ guides).",Guide,,"Development,Humanitarian,Peace","Food Security & Nutrition,Governance,Peace & Security,Livelihoods,Resilience","1. Coordination: Joint analysis,6. Programming: Do no harm,7. Programming: Align with risk environment,4. Programming: Prioritising prevention,9. Programming: Learning and evidence",Food and Agriculture Organization of the United Nations (FAO),,2019,English,https://www.fao.org/agrifood-economics/publications/detail/en/c/1208523/,,FAO Guide to Context Analysis Informing FAO Decision-Making – Approaches to Working in Fragile and Conflict-Affected Contexts.webp,FAO Guide to Context Analysis Informing FAO Decision-Making – Approaches to Working in Fragile and Conflict-Affected Contexts.pdf
"FAQ - Frequently Asked Questions On Humanitarian, Development And Peace Nexus","A comprehensive guide designed to clarify the principles, practical implementation strategies, and differences between the pillars of the HDP Nexus for development practitioners. Usefulness/New Knowledge: Functions as a vital 2025 primer and standardization tool to ensure all stakeholders share the same operational definitions and metrics for success.",Guide,,"Humanitarian,Development,Peace","Governance,Peace & Security",9. Programming: Learning and evidence,AICS,Leonardo Carmenati,2025,English,https://www.aics.gov.it/wp-content/uploads/2023/09/FAQ_REV3_INGLESE.pdf,,"FAQ - Frequently Asked Questions On Humanitarian, Development And Peace Nexus.webp","FAQ - Frequently Asked Questions On Humanitarian, Development And Peace Nexus.pdf"
Financing Food Security: Promises and Pitfalls of the Humanitarian-Development-Peace Nexus in South Sudan,"This SIPRI policy report explores the potential for donor governments and institutions to support operationalisation of the HDP nexus to address South Sudan's severe food insecurity crisis, where 70% of the population is severely food insecure despite nearly $13 billion in ODA since independence in 2011. 

The study finds that despite commitments to work across the HDP nexus, donor financing remains largely siloed in separate humanitarian, development and peacebuilding funding streams. It examines donors' perspectives on HDP nexus financing approaches to food security, identifies structural constraints — including inflexible funding cycles, short programming horizons, and risk aversion — and proposes ways forward for ensuring food security through better-integrated financing.",Policy Brief,South Sudan,"Development,Humanitarian,Peace","Food Security & Nutrition,Governance,Resilience,Peace & Security","1. Coordination: Joint analysis,4. Programming: Prioritising prevention,7. Programming: Align with risk environment,9. Programming: Learning and evidence,10. Financing: Develop evidence-based strategies,11. Financing: Predictable flexible multi-year",Stockholm International Peace Research Institute (SIPRI),"Kristina Tschunkert, Caroline Delgado, Vongai Murugani, Marie Riquier",2023,English,https://www.sipri.org/publications/2023/policy-reports/financing-food-security-promises-and-pitfalls-humanitarian-development-peace-nexus-south-sudan,,Financing Food Security Promises and Pitfalls of the Humanitarian-Development-Peace Nexus in South Sudan.webp,Financing Food Security Promises and Pitfalls of the Humanitarian-Development-Peace Nexus in South Sudan.pdf
Financing Food Security: Promises And Pitfalls of The Humanitarian–Development–Peace Nexus In South Sudan,"This study explores the potential for donor governments and institutions to support the operationalization of the humanitarian, development
and peacebuilding (HDP) nexus to respond to the food insecurity crisis in South Sudan and the challenges it presents.

South Sudan faces one of the worst hunger crises in the world. Violent conflict, climate shocks and widespread economic crisis have left 70 per cent of the population severely food insecure. Donors have provided nearly $13 billion in official development assistance (ODA) since the country’s independence in 2011, of which a large proportion has been allocated to the food security sector, but the number of food insecure people is higher than ever.

Despite commitments to work across the HDP nexus, donor financing remains largely siloed in humanitarian, development and peacebuilding funding streams. Almost all the ODA provided is earmarked, which prevents much-needed collaboration among implementing actors and limits the ability to pool resources and adapt to ever-changing conflict and peacebuilding dynamics.",Case Study,South Sudan,"Development,Humanitarian,Peace","Governance,Peace & Security,Displacement & Migration,Resilience,Food Security & Nutrition","1. Coordination: Joint analysis,2. Coordination: Empowered leadership,3. Coordination: Political engagement,4. Programming: Prioritising prevention,5. Programming: People at the centre,6. Programming: Do no harm,7. Programming: Align with risk environment,9. Programming: Learning and evidence",SIPRI,"Kristina Tschunkert, Dr Caroline Delgado, Dr Vongai Murugani, Marie Riquier",2023,English,https://www.sipri.org/sites/default/files/2023-01/nexus_south_sudan_1.pdf,,Financing Food Security Promises And Pitfalls of The Humanitarian–Development–Peace Nexus In South Sudan.webp,nexus_south_sudan_1.pdf
Financing for stability,"This OECD Policy Paper, 'Financing for Stability,' provides guidelines for developing financing strategies in fragile contexts. It underscores the necessity of new financing approaches to address the complexities of the Agenda 2030 goals, particularly within contexts that require both urgent humanitarian aid and long-term development investment. The guidance emphasizes the importance of a coordinated strategy that includes diverse actors and financing sources, advocating for a shift from funding to financing for sustainable results.

Key elements of the strategy involve understanding the current financial landscape, assessing and forecasting needs, matching appropriate financing tools, and developing resources mobilization plans. Importantly, it stresses adaptive governance and coordination mechanisms, with an emphasis on leveraging private sector investments and fostering national leadership.

The document identifies critical challenges such as overcoming fragmentation in donor approaches and prioritizing actions that have significant impacts on stability and growth. Additionally, the paper recommends practical steps and the importance of risk-informed planning to enhance resilience.",Policy Paper,Central African Republic,"Development,Humanitarian,Peace","Climate,Disaster Risk Reduction,Protection,Economic Development,Governance,Resilience","7. Programming: Align with risk environment,6. Programming: Do no harm,4. Programming: Prioritising prevention,11. Financing: Predictable flexible multi-year",OECD,OECD,2018,English,https://www.oecd-ilibrary.org/development/financing-for-stability_5f3c7f33-en,,Financing for stability.webp,Financing for stability.pdf
Financing fragile contexts: What can development finance institutions do better?,"The paper explores how development finance institutions (DFIs) invest in fragile and conflict-affected countries (FCACs). Currently, FCACs are lagging in achieving Sustainable Development Goals due to fragility, conflict, poor governance, and weak macroeconomic conditions.

Although official development assistance is the primary external financing for FCACs, DFIs are crucial for driving private sector development and economic recovery. DFIs confront challenges such as high transaction costs, political and financial risks, and inadequate expertise, limiting their effectiveness in FCACs.

Recommendations include adopting conflict sensitivity strategies, improving the investment climate, developing specific mandates for FCACs, and utilizing blended finance approaches. The paper advocates for strategic partnerships, enhanced expertise, and joint efforts to build resilient markets and facilitate socio-economic development in FCACs.",Policy Paper,"Burkina Faso,Ethiopia,Democratic Republic of the Congo","Development,Peace","Economic Development,Governance,Resilience","7. Programming: Align with risk environment,4. Programming: Prioritising prevention,8. Programming: National and local capacities,11. Financing: Predictable flexible multi-year",ECDPM,"Lidet Tadesse Shiferaw, Pamella Ahairwe, San Bilal",2022,English,https://ecdpm.org/publications/financing-fragile-contexts-what-can-development-finance-institutions-do-better/,,Financing fragile contexts What can development finance institutions do better.webp,Financing fragile contexts What can development finance institutions do better.pdf
Financing the Humanitarian-Development-Peace Nexus,"The briefing from the Multi-Partner Trust Fund Office highlights the role of pooled funds in bridging the humanitarian-development-peace nexus. These flexible financial instruments are essential for addressing protracted crises, which result in increased humanitarian needs and challenges to achieving Sustainable Development Goals in volatile settings.

The document discusses the creation and significance of pooled funding mechanisms that blend, sequence, and combine financial resources across crisis-affected countries. It emphasizes the benefits of pooled funds, including improved efficiency, risk management, and collective outcomes. Examples like the South Sudan Multi-Partner Trust Fund and the UN Post-Conflict MPTF for Colombia showcase successful applications. Innovations such as the Humanitarian Window of the Malawi One Fund illustrate the ability of pooled funds to swiftly respond to emergencies and coordinate effective interventions.

The office aims to refine these funding instruments to better support the humanitarian-development-peace nexus with enhanced flexibility and coherence for future interventions.",Policy Brief,"Afghanistan,Colombia","Development,Humanitarian,Peace","Recovery,Peace & Security,Disaster Risk Reduction,Protection,Social Cohesion,Governance,Resilience","5. Programming: People at the centre,4. Programming: Prioritising prevention,1. Coordination: Joint analysis,11. Financing: Predictable flexible multi-year",UNDP,United Nations MPTF Office,2019,English,https://mptf.undp.org/sites/default/files/documents/2021-09/fact_sheet_nexus_july_2019.pdf,,Financing the Humanitarian-Development-Peace Nexus.webp,Financing the Humanitarian-Development-Peace Nexus.pdf
Financing the Nexus - Gaps and opportunities from a field perspective,"The report 'Financing the Nexus - Gaps and opportunities from a field perspective' investigates the availability and role of predictable, multi-year, flexible financing to support humanitarian, development, and peacebuilding efforts (the 'triple nexus') in crisis-affected settings. It studies the alignment of funding with collective outcomes in humanitarian and development strategies, based on case studies of Cameroon, Central African Republic (CAR), Chad, Democratic Republic of the Congo (DRC), and Ukraine. Despite political support, practical application is unclear due to non-adapted funding tools, mixed government engagement, and coordination challenges.

The report highlights the rise of multilateral development banks and new financing instruments, but identifies issues with transparency, policy coherence, and insufficient engagement from bilateral donors. Recommendations include defining the nexus scope, enhancing coordination, addressing donor disincentives, ensuring strategic and flexible financing, and improving institutional capabilities for better programming.",Report,"Cameroon,Central African Republic,Chad,Democratic Republic of the Congo","Development,Humanitarian,Peace","Environment,Economic Development,Protection,Governance,Social Cohesion,Displacement & Migration,Resilience","7. Programming: Align with risk environment,3. Coordination: Political engagement,11. Financing: Predictable flexible multi-year,2. Coordination: Empowered leadership,10. Financing: Develop evidence-based strategies","FAO, Norwegian Refugee Council (NRC), UNDP","FAO, Norwegian Refugee Council (NRC), UNDP",2019,English,https://www.undp.org/publications/financing-nexus-gaps-and-opportunities-field-perspective,,Financing the Nexus - Gaps and opportunities from a field perspective.webp,Financing the Nexus - Gaps and opportunities from a field perspective.pdf
Flagship Initiative First Year Learning Report,"The Flagship Initiative (FI) represents a reform effort aimed at centralizing and responding to the priorities of affected communities in humanitarian settings, with pilot projects in Niger, South Sudan, Philippines, and Colombia. In its first year, the FI focused on community engagement and decentralized coordination, highlighting an existing gap in aligning humanitarian responses with community needs. 

Key insights suggest transactional community interactions currently dominate humanitarian processes, which do not prioritize or incorporate community capacities effectively. Each country advanced unique tools for community engagement and area-based coordination, allowing for varied learning opportunities. 

The document underscores the challenge of harmonizing qualitative community data with traditional, quantitative needs assessments and advocates for improved integration to enable responsive programming. Financing models, including country-based pooled funds, showed potential but remained traditional, with emphasis needed on supporting local actors and aligning funds with community-driven priorities. In its next phase, the FI aims to focus on scaling best practices, fostering sub-national presence, and ensuring programming reflects community needs, bolstered by flexible financial support strategies.",Report,Colombia,Humanitarian,"Economic Development,Protection,Social Cohesion,Displacement & Migration,Governance,Resilience","5. Programming: People at the centre,4. Programming: Prioritising prevention,8. Programming: National and local capacities,10. Financing: Develop evidence-based strategies","Flagship Initiative, Institute for Development Studies, OCHA","Lewis Sida, Manual De Vera, Mariah Cannon, Mónica Almanza, Nyachangkuoth Rambang Tai, Philip Proudfoot",2024,English,https://reliefweb.int/report/colombia/flagship-initiative-first-year-learning-report-march-2024,,Flagship Initiative First Year Learning Report.webp,Flagship Initiative First Year Learning Report.pdf
"Forcibly Displaced: Toward a Development Approach Supporting Refugees, the Internally Displaced, and Their Hosts","This World Bank report, produced in close partnership with UNHCR, argues that forced displacement must be understood and addressed as a development challenge — not solely a humanitarian one. With over 65 million forcibly displaced persons at time of publication, 95% in developing countries and over half displaced for more than four years, the report advocates for a development approach that complements humanitarian emergency response. It focuses on addressing medium- and long-term socioeconomic challenges — employment, education, social cohesion, gender equity — for both the displaced and their host communities.

The report identifies four core dimensions: addressing specific vulnerabilities of the displaced, supporting host communities, maintaining a medium-to-long-term perspective, and building broad partnerships.",Report,,"Development,Humanitarian","Displacement & Migration,Resilience,Governance,Economic Development,Social Cohesion,Gender","4. Programming: Prioritising prevention,5. Programming: People at the centre,7. Programming: Align with risk environment,8. Programming: National and local capacities,9. Programming: Learning and evidence,10. Financing: Develop evidence-based strategies,11. Financing: Predictable flexible multi-year","World Bank, UNHCR",,2017,English,https://documents.worldbank.org/en/publication/documents-reports/documentdetail/104161500277314152/forcibly-displaced-toward-a-development-approach-supporting-refugees-the-internally-displaced-and-their-hosts,,"Forcibly Displaced Toward a Development Approach Supporting Refugees, the Internally Displaced, and Their Hosts.webp","Forcibly Displaced Toward a Development Approach Supporting Refugees, the Internally Displaced, and Their Hosts.pdf"
Formative Evaluation of the Integration by UNDP of the Principles of Leaving No One Behind,"This report evaluates the integration of the 'Leave No One Behind' (LNOB) principles within the UNDP\'s programs and operations. It highlights the significance of the LNOB and Reaching the Furthest Behind First (RFBF) commitments in addressing global inequality and poverty. 

The evaluation covers UNDP's strategic positioning, effectiveness, and programmatic performance from 2018 to mid-2022 across its Signature Solutions: poverty and inequality, governance, resilience, environment, energy, and gender equality. It finds that UNDP has made contributions to conceptual clarity and data analytics for inequality, strengthening governance structures, climate adaptation programming, and energy access.

However, there is a need to prioritize reaching the furthest behind and operationalize LNOB in a more coherent manner with clearer guidance and resources. Recommendations include adopting an 'equality+' promise, building strategic leadership on LNOB/RFBF, fostering partnerships with non-governmental actors, and ensuring better financing strategies to support LNOB initiatives.",Report,"Central African Republic,Ecuador,Egypt,India",Development,"Energy,Environment,Gender,Economic Development,Protection,Social Cohesion,Displacement & Migration,Governance,Resilience","8. Programming: National and local capacities,10. Financing: Develop evidence-based strategies",UNDP Independent Evaluation Office,UNDP Independent Evaluation Office,2022,English,https://www.undp.org/evaluation/publications/evaluation-integration-lnob,,Formative Evaluation of the Integration by UNDP of the Principles of Leaving No One Behind.webp,Formative Evaluation of the Integration by UNDP of the Principles of Leaving No One Behind [Full report].pdf
Formative evaluation of UNICEF work to link humanitarian and development programming,"This formative evaluation by UNICEF assesses efforts to link humanitarian and development programming (LHD), giving insights and recommendations for improvements. The organization's advancements include notable progress through the 2019 mandatory Procedure on Linking Humanitarian and Development Programming and the revision of Core Commitments for Children in Humanitarian Action in 2020. However, inconsistencies remain in understanding and implementing the Procedure across the organization.

The evaluation examines the policy coherence, partnership roles, planning and programming processes, internal systems and structures, and the impact of COVID-19 on nexus approaches. It calls for better integration of peacebuilding efforts and enhanced staff capacity in nexus areas. It also highlights the need for improved systems for monitoring, funding, and reporting nexus efforts to ensure efficient and consistent implementation across UNICEF's global programming.",Evaluation,"Ethiopia,Indonesia","Development,Humanitarian,Peace","Health,Peace & Security,Disaster Risk Reduction,Social Cohesion,Protection,Governance,Resilience","7. Programming: Align with risk environment,4. Programming: Prioritising prevention,3. Coordination: Political engagement,1. Coordination: Joint analysis,11. Financing: Predictable flexible multi-year","UNICEF, United Nations Economic and Social Council",United Nations Economic and Social Council,2021,English,https://evaluationreports.unicef.org/GetDocument?documentID=17156&fileID=41228,,Formative evaluation of UNICEF work to link humanitarian and development programming.webp,Formative evaluation of UNICEF work to link humanitarian and development programming.pdf
Fragile and Conflict-Affected Situations and Small Island Developing States Approach,"The report outlines the Asian Development Bank's (ADB) approach to address the unique challenges faced by fragile and conflict-affected situations (FCAS) and small island developing states (SIDS). These regions have distinct issues such as governance deficits, geographic isolation, small populations, narrow asset bases, and sometimes armed conflict or other fragilities including climate change.

The FCAS and SIDS approach (FSA) involves flexible and tailored interventions aiming to improve governance, strengthen project implementation, and build resilience in these areas. The strategy emphasizes risk-informed decision-making, improved classification criteria, enhanced institutional capacity, and strategic partnerships. It aims to better coordinate ADB\'s resources and build on lessons learned from previous plans and operations.

The approach integrates factors like fragility and resilience into project cycles, promoting inclusive and responsive strategies to ensure sustainable development outcomes.",Report,"Afghanistan,Federated States of Micronesia","Development,Humanitarian","Climate,Governance,Disaster Risk Reduction,Resilience","7. Programming: Align with risk environment,5. Programming: People at the centre,1. Coordination: Joint analysis",Asian Development Bank,Asian Development Bank,2021,English,https://www.adb.org/sites/default/files/institutional-document/699041/fragile-conflict-affected-sids-approach.pdf,,Fragile and Conflict-Affected Situations and Small Island Developing States Approach.webp,Fragile and Conflict-Affected Situations and Small Island Developing States Approach.pdf
Fragility and displacement: a people-centred approach to working across the nexus,"This VOICE paper makes the case for a fundamentally people-centred approach to the humanitarian-development-peace nexus in contexts of fragility and displacement. It argues that much nexus programming remains system- and institution-focused — oriented around coordination mechanisms, collective outcomes, and donor frameworks — rather than genuinely centred on the rights, agency, and priorities of displaced and crisis-affected people.

Drawing on evidence from multiple fragile contexts, the paper identifies what a people-centred nexus approach requires in practice: meaningful participation of affected populations in decision-making, accountability mechanisms that work for communities rather than donors, and programming that starts from the assets and capacities of displaced people rather than treating them as passive recipients.

It makes concrete recommendations for NGOs, UN agencies, and bilateral donors on redesigning nexus approaches around people's real needs and lived experiences.",Policy Brief,"Syria,Ukraine","Humanitarian,Development,Peace","Displacement & Migration,Protection,Social Cohesion","5. Programming: People at the centre,8. Programming: National and local capacities","DRC, VOICE",Danish Refugee Council,2025,English,https://voiceeu.org/publications/fragility-and-displacement-a-people-centered-approach-to-working-across-the-nexus.pdf,,Fragility and displacement a people-centred approach to working across the nexus.webp,Fragility and displacement a people-centred approach to working across the nexus.pdf
Fragility and Resilience Policy,"Institutional policy document setting out the Islamic Development Bank's approach to engaging in fragile and conflict-affected settings across its 57 member countries. Outlines how the IsDB balances short-term humanitarian priorities with longer-term development and resilience-building investments, and how the bank's financing instruments are adapted for fragile contexts. Provides a non-Western multilateral development bank perspective on nexus-adjacent financing, reflecting the priorities and institutional approach of a major Islamic development finance institution whose membership includes many of the world's most fragile states.",Policy Paper,,"Humanitarian,Development","Financing,Resilience,Policy & Strategy,Governance","10. Financing: Develop evidence-based strategies,11. Financing: Predictable flexible multi-year",Islamic Development Bank (IsDB),Islamic Development Bank,2019,English,https://www.isdb.org/sites/default/files/media/documents/2022-02/Fragility%20and%20Resilience%20Policy.pdf,,Fragility and Resilience Policy.webp,Fragility and Resilience Policy.pdf
Fragility Risk and Resilience Analysis Tool (FRAAT),"The Fragility Risk and Resilience Analysis Tool (FRRAT) is designed to facilitate the evaluation of fragility risks and resilience systems in countries where Denmark is actively engaged, especially in the contexts of the Humanitarian-Development-Peacebuilding (HDP) Nexus.

The tool is informed by the OECD/DAC framework and consists of two matrices which enable teams to conduct comprehensive analyses of mult-dimensional fragility risks across five spheres: political, economic, societal, environmental, and security. Matrix 1 addresses 'problem-side' analysis focusing on the various stresses and risks contributing to fragility, while Matrix 2 combines this with 'solution-focused' analyses of coping capacities and resilience systems, thus guiding strategic decisions for Danish engagement.

The tool emphasizes secondary source utilization and collaborative team sessions to synthesize insights efficiently, integrating considerations like the Women Peace and Security agenda, climate variability risks, forced displacement, and migration aspects. FRRAT supports anticipatory decision-making and aims to enhance collaboration and effectiveness in Danish engagements across priority countries.",Toolkit,,"Development,Humanitarian,Peace","Climate,Displacement & Migration,Governance,Resilience","6. Programming: Do no harm,5. Programming: People at the centre,8. Programming: National and local capacities",Danish International Development Agency (DANIDA),Danish International Development Agency (DANIDA),2020,English,https://um.dk/media/2ezlukxw/frrat-final-doc-june-2020.pdf,,Fragility Risk and Resilience Analysis Tool (FRAAT).webp,Fragility Risk and Resilience Analysis Tool (FRAAT).pdf
Framework For Conflict-Sensitive Programming In Iraq,"The Framework for Conflict-Sensitive Programming in Iraq report, drafted by various UN agencies and NGOs under UNHCR coordination, aims to address Iraq's pervasive violence from multiple dimensions. The report engages in a detailed analysis of Iraq's complex conflict dynamics, encompassing sectarian violence, insurgency, counter-insurgency, organized crime, and domestic violence. It highlights the causes such as political vacuums and weak law enforcement and explores the roles of 'conflict promoters' alongside 'peacemakers,' including civil society players and religious figures.

The report suggests integrating conflict management into aid and development efforts, emphasizing a need for 'Do No Harm' principles and the reformation of structural approaches to humanitarian aid to mitigate further conflict. Additionally, it calls for increased funding and the incorporation of existing peace mechanisms into programming. The report recommends mainstreaming conflict management activities within developmental initiatives to avoid exacerbating existing intergroup tensions and promote reconciliation.",Report,Iraq,Humanitarian,"Peace & Security,Social Cohesion,Displacement & Migration,Governance","7. Programming: Align with risk environment,6. Programming: Do no harm,8. Programming: National and local capacities,3. Coordination: Political engagement,11. Financing: Predictable flexible multi-year",UNHCR,UNHCR,2007,English,https://reliefweb.int/report/iraq/framework-conflict-sensitive-programming-iraq,,Framework For Conflict-Sensitive Programming In Iraq.webp,Framework For Conflict-Sensitive Programming In Iraq.pdf
Framework for Health in the Humanitarian-Development-Peace Nexus in Africa,"This WHO framework publication (2024) provides comprehensive guidance for operationalising health in the HDP nexus in African countries with fragile, conflict and violence (FCV) contexts. Developed jointly with the African Union Commission, it is described as the first of its kind globally to guide health policy and planning across the nexus.

The framework defines cross-cutting areas of change and guiding principles; outlines roles of governments, WHO, the African Union, regional economic communities, and bilateral and multilateral partners; and provides recommendations for operationalisation with the goal of attaining collective health outcomes.

Key areas include health sector development planning, budgeting, intersectoral coordination, services delivery, and monitoring. Designed to accelerate translation of the HDPN approach into practice in Africa and beyond.",Guide,,"Humanitarian,Development,Peace","Health,Coordination,Financing,Policy & Strategy","1. Coordination: Joint analysis,2. Coordination: Empowered leadership,8. Programming: National and local capacities","WHO, African Union Commission",WHO,2024,English,https://www.who.int/publications/i/item/9789240104556,,Framework for Health in the Humanitarian-Development-Peace Nexus in Africa.webp,Framework for Health in the Humanitarian-Development-Peace Nexus in Africa.pdf
French-German development collaboration in MENA: Options for humanitarian-development-peace (HDP) and triple nexus cooperation in Libya and Iraq,"This German Institute of Development and Sustainability (IDOS) Discussion Paper examines the potential for enhanced French-German development cooperation in the Middle East and North Africa (MENA) region specifically through the humanitarian-development-peace nexus framework. France and Germany are among the largest bilateral donors active in the MENA region, where protracted conflicts in Syria, Yemen, Libya, and Iraq have generated massive humanitarian needs alongside major development financing requirements.

The paper analyses existing French-German collaboration modalities, identifies where their respective comparative advantages — in humanitarian assistance, development cooperation, and political engagement — could be better aligned through a nexus approach, and explores specific options for joint programming, co-financing mechanisms, and coordinated political engagement.

It makes concrete recommendations for how the two countries could strengthen their bilateral nexus collaboration in MENA as a model for broader European donor coordination in fragile contexts.",Policy Paper,"Libya,Iraq","Humanitarian,Development,Peace","Peace & Security,Governance","1. Coordination: Joint analysis,3. Coordination: Political engagement",IDOS,Wolfgang Mühlberger,2025,English,https://www.idos-research.de/fileadmin/user_upload/pdfs/publikationen/discussion_paper/2025/DP_30.2025.pdf,,French-German development collaboration in MENA Options for humanitarian-development-peace (HDP) and triple nexus cooperation in Libya and Iraq.webp,French-German development collaboration in MENA Options for humanitarian-development-peace (HDP) and triple nexus cooperation in Libya and Iraq.pdf
From Concept to Practice: The Rise and Uncertainty of the Triple Nexus Approach,"Chapter 6 of the Global Policy triple nexus e-book series, this contribution by Ferrero Baselga and Mena features a rich conversation with Dr. Sylvia Brown, a practitioner with extensive experience thinking, implementing, and evaluating triple nexus projects across multiple organisations. The chapter traces the evolution of the triple nexus from its conceptual origins at the World Humanitarian Summit through to current uncertainties about its viability under changing political tides.

Brown discusses the structural challenge of the peace pillar — where no single actor has taken clear responsibility — and examines how organisations like Oxfam have developed their own understanding of 'positive peace' to drive nexus implementation. She argues that, despite the funding gap and systemic obstacles, country office demand for the nexus remains strong, and organisations must adapt it to new contexts including climate programming.",Article,,"Humanitarian,Development,Peace","Peace & Security,Policy & Strategy,Coordination,Financing","6. Programming: Do no harm,9. Programming: Learning and evidence",,"Marina Ferrero Baselga, Rodrigo Mena, Sylvia Brown",2025,English,https://www.globalpolicyjournal.com/blog/18/03/2025/concept-practice-rise-and-uncertainty-triple-nexus-approach,,From Concept to Practice The Rise and Uncertainty of the Triple Nexus Approach.webp,From Concept to Practice The Rise and Uncertainty of the Triple Nexus Approach.pdf
From Convening to Impact: Lessons from the HDP Nexus Coalition,"A learning brief distilling lessons from the HDP Nexus Coalition (2021-2025). It outlines successes in elevating the food security-conflict nexus in global dialogues and recommends approaches for future multi-stakeholder partnerships. Usefulness/New Knowledge: Captures longitudinal lessons from a major multi-year coalition, providing a highly relevant post-mortem on what works in food security partnerships.",Report,,"Humanitarian,Development,Peace","Food Security & Nutrition,Peace & Security","9. Programming: Learning and evidence,1. Coordination: Joint analysis",Netherlands Food Partnership,NFP,2026,English,https://www.nfpconnects.com/conversations/the-hdp-nexus-coalition-closing-a-chapter-carrying-the-agenda-forward,,From Convening to Impact Lessons from the HDP Nexus Coalition.webp,From Convening to Impact Lessons from the HDP Nexus Coalition.pdf
From Emergency Relief to Development Holds: The Developmental Shift in the ICRC's Humanitarian Assistance in Protracted Conflict,"Published in the Journal of Conflict and Security Law (Oxford Academic, 2025), this legal-academic article examines the developmental shift in ICRC humanitarian assistance from a novel legal perspective. It analyses how the ICRC's mandate and operations have expanded over time beyond emergency relief — to essential services, infrastructure rebuilding, livelihood support, and institutional capacity building — in response to protracted conflict settings where the traditional relief-development binary breaks down.

The article traces the evolution of the World Bank-ICRC partnership through successive MOUs and Operational Framework Agreements, including the 2024 renewal, and examines how this institutional shift is reshaping the legal frameworks governing humanitarian action. Essential reading for scholars and senior practitioners interested in how the ICRC navigates the nexus between humanitarian principles and developmental programming.",Journal Article,,"Humanitarian,Development","Policy & Strategy,Financing,Coordination","6. Programming: Do no harm,9. Programming: Learning and evidence",,Asli Ozcelik,2025,English,https://academic.oup.com/jcsl/advance-article/doi/10.1093/jcsl/kraf017/8405803,,From Emergency Relief to Development Holds The Developmental Shift in the ICRC's Humanitarian Assistance in Protracted Conflict.webp,From Emergency Relief to Development Holds The Developmental Shift in the ICRC's Humanitarian Assistance in Protracted Conflict.pdf
From Protracted Conflict to Sustainable Peace? The Humanitarian-Development-Peace Nexus and International Law,"This Oxford University Press academic book provides a comprehensive scholarly examination of the humanitarian-development-peace nexus as a framework for responding to protracted conflicts and supporting transitions towards sustainable peace.

Bringing together contributions from leading scholars and practitioners, the book interrogates the theoretical foundations, political economy, and operational realities of the triple nexus in diverse conflict and post-conflict contexts. It examines the intellectual genealogy of nexus thinking — tracing its roots through LRRD, resilience, early recovery, and previous relief-development debates — and assesses the extent to which the current HDP nexus framework represents a genuine conceptual and operational advance. Individual chapters examine nexus implementation across different sectors and contexts, critically assess its political assumptions, and explore the structural tensions between humanitarian principles, development effectiveness, and political peacebuilding.

The book provides an essential scholarly reference for academics, advanced students, and sophisticated practitioners seeking to understand the nexus at depth.",Book / Book Chapter,,"Humanitarian,Development,Peace","Governance,Protection","9. Programming: Learning and evidence,7. Programming: Align with risk environment",Oxford Academic,Prof Heike Krieger,2026,English,https://academic.oup.com/book/62553,,From Protracted Conflict to Sustainable Peace The Humanitarian-Development-Peace Nexus and International Law.webp,From Protracted Conflict to Sustainable Peace The Humanitarian-Development-Peace Nexus and International Law.pdf
From Silos to Synergies: Partnering for Social Cohesion in the Sahel,"This SIPRI Policy Paper examines how international actors can move from siloed approaches to genuine synergies in supporting social cohesion in the Sahel — one of the world's most complex and deteriorating humanitarian-development-peace contexts.

Social cohesion — understood as the capacity of communities and societies to manage their differences peacefully, maintain trust, and cooperate across ethnic, religious, and political lines — is increasingly recognised as both a prerequisite for and an outcome of effective HDP nexus programming in the Sahel.

The paper analyses why social cohesion programming has often been fragmented across humanitarian, development and peace actors in the Sahel, with each sector pursuing distinct approaches with limited coordination. It examines specific partnership models that have enabled more synergistic action, including examples from Burkina Faso, Mali, Niger, and Chad, and draws lessons on the enabling conditions — including flexible financing, adaptive programming, and genuine local partnership — that make synergistic social cohesion programming possible.",Policy Paper,"Burkina Faso,Chad,Mali,Mauritania,Niger","Humanitarian,Development,Peace","Social Cohesion,Resilience,Environment","1. Coordination: Joint analysis,2. Coordination: Empowered leadership",SIPRI,Dr Simone Bunse,2025,English,https://www.sipri.org/publications/2025/sipri-policy-papers/silos-synergies-partnering-social-cohesion-sahel,,From Silos to Synergies Partnering for Social Cohesion in the Sahel.webp,From Silos to Synergies Partnering for Social Cohesion in the Sahel.pdf
Funding Cuts and Nexus Thinking: What Can Aid Actors Learn from the 'Beautiful Game'?,"This ODI think piece uses the metaphor of football to interrogate current approaches to the humanitarian-development-peace nexus and why they fall short. Written against the backdrop of record aid funding cuts in 2025, it argues that the relay race model of nexus — where the baton passes sequentially from humanitarian to development to peace actors — is unhelpful in fragile and conflict-affected settings where all three must act simultaneously. 

Drawing on the analogy of team sports, it calls for a shift from sectoral thinking to genuine teamwork: coordination that respects operational boundaries while pursuing complementarity. It also argues that local voices and actors must be brought to the centre of nexus thinking, as they already work holistically across the full HDP range of needs without the silos that constrain international actors.",Article,,"Humanitarian,Development,Peace","Coordination,Localisation,Financing,Policy & Strategy","1. Coordination: Joint analysis,8. Programming: National and local capacities",ODI Global,ODI Humanitarian Policy Group,2025,English,https://odi.org/en/insights/funding-cuts-nexus-thinking-humanitarian-development-peacebuilding-football/,,Funding Cuts and Nexus Thinking What Can Aid Actors Learn from the 'Beautiful Game'.webp,Funding Cuts and Nexus Thinking What Can Aid Actors Learn from the 'Beautiful Game'.pdf
Gender equality across the Humanitarian-Development-Peace nexus,"This OECD paper discusses the integration of gender equality within the Humanitarian-Development-Peace (HDP) Nexus. It highlights the importance of addressing gender inequalities, which are drivers of vulnerabilities and fragility.

The paper reviews selected Development Assistance Committee members' strategies, revealing that gender equality is widely reflected but needs further emphasis. It advocates for gender-sensitive analysis, the incorporation of women into peace processes, and consideration of the role of masculinities. Increased attention to gender is linked to strengthening coherence across the nexus, supporting women's empowerment, and addressing gender-based violence.

The paper urges better collaboration, analysis, and practical guidance, emphasizing the 'do no harm' principle in nexus approaches for SEAH prevention and response.",Policy Paper,,"Development,Humanitarian,Peace","Gender,Protection,Governance,Resilience","6. Programming: Do no harm,9. Programming: Learning and evidence,5. Programming: People at the centre,1. Coordination: Joint analysis",OECD,OECD,2021,English,https://www.oecd.org/en/publications/gender-equality-across-the-humanitarian-development-peace-nexus_7fd1c59f-en.html,,Gender equality across the Humanitarian-Development-Peace nexus.webp,Gender equality across the Humanitarian-Development-Peace nexus.pdf
"Give 'P' a Chance: Peacebuilding, Peace Operations and the HDP Nexus","This report by the Center for International Peace Operations (ZIF) and the German Development Cooperation (GIZ) examines how peacebuilding and peace operations actors can be better integrated into HDP Nexus frameworks. It argues that the 'P' — peace — dimension of the nexus is consistently underdeveloped, poorly resourced, and operationally fragmented. The paper analyses the structural and institutional reasons for this marginalisation, examines how peace operations and peacebuilding actors can bring comparative advantages, and proposes concrete recommendations for better integration of peace in joint analysis, programming, and financing across the HDP Nexus.",Report,,"Development,Humanitarian,Peace","Peace & Security,Governance","1. Coordination: Joint analysis,2. Coordination: Empowered leadership,3. Coordination: Political engagement,4. Programming: Prioritising prevention,9. Programming: Learning and evidence","Center for International Peace Operations (ZIF), Stiftung Wissenschaft und Politik (SWP)","Carina Böttcher, Andreas Wittkowsky",2021,English,https://reliefweb.int/report/world/give-p-chance-peacebuilding-peace-operations-and-hdp-nexus,,"Give 'P' a Chance Peacebuilding, Peace Operations and the HDP Nexus.webp","Give 'P' a Chance Peacebuilding, Peace Operations and the HDP Nexus.pdf"
"Glimmers of Confidence in Pibor, South Sudan — Where the Triple Nexus Grows Unscripted","Chapter 10 of the Global Policy triple nexus e-book series, this practitioner contribution from Van Hall Larenstein University examines how the triple nexus manifests spontaneously and organically in the everyday lives of communities and local NGOs in Pibor, South Sudan — without being explicitly labelled or planned as such. Drawing on field experience with Help a Child and local partners, the author argues that international actors often fail to recognise that local solidarity mechanisms already embody nexus logic, and that labelling and framing by international actors can distort rather than support these organic processes. 

The piece shows how linking humanitarian, development, and peace approaches naturally occurs through local actors' strategies to address their struggles, offering important lessons for how international nexus programming should learn from and build on local practice rather than imposing external frameworks.",Article,South Sudan,"Humanitarian,Development,Peace","Localisation,Peace & Security,Coordination","8. Programming: National and local capacities,9. Programming: Learning and evidence",Van Hall Larenstein University of Applied Sciences,Jaap Vuijk,2025,English,https://www.globalpolicyjournal.com/blog/29/07/2025/glimmers-confidence-pibor-south-sudan-where-triple-nexus-grows-unscripted,,"Glimmers of Confidence in Pibor, South Sudan — Where the Triple Nexus Grows Unscripted.webp","Glimmers of Confidence in Pibor, South Sudan — Where the Triple Nexus Grows Unscripted.pdf"
Global Collaboration Framework for Inclusion and Solutions 2023-2025,"The UNDP-UNHCR Global Collaboration Framework for Inclusion and Solutions 2023-2025 aims to address the growing challenges of forced displacement and statelessness exacerbated by conflicts, climate change, and other global crises. It emphasizes the need for combined humanitarian and development actions along with peacebuilding efforts to foster stability and sustainable solutions.

The framework builds on previous collaborative efforts and targets seven areas: livelihoods, SDG integration, rule of law/local governance, conflict prevention/peacebuilding, climate change/environment, internal displacement, and statelessness. By leveraging the comparative advantages of UNDP and UNHCR, the framework seeks to boost development financing, technical assistance, and advocacy to support displaced populations and host communities. It advocates for inclusive growth, gender equality, and sustainable resource management in displacement settings, with a focus on policy integration, capacity building, and joint resource mobilization at both regional and country levels.",Guide,"Afghanistan,Central America","Development,Humanitarian,Peace","Climate,Gender,Peace & Security,Protection,Livelihoods,Social Cohesion,Economic Development,Displacement & Migration,Governance,Resilience","7. Programming: Align with risk environment,8. Programming: National and local capacities,1. Coordination: Joint analysis,10. Financing: Develop evidence-based strategies","UNDP, UNHCR","UNDP, UNHCR",2022,English,https://www.undp.org/publications/global-collaboration-framework-inclusion-and-solutions-2023-2025,,Global Collaboration Framework for Inclusion and Solutions 2023-2025.webp,Global Collaboration Framework for Inclusion and Solutions 2023-2025.pdf
Global Compact on Refugees,"The Global Compact on Refugees, adopted by the UN General Assembly in December 2018, provides a framework for more equitable and predictable burden- and responsibility-sharing among states for large refugee movements and protracted situations. Informed by the 1951 Refugee Convention and grounded in international law, the Compact establishes four objectives: ease pressures on host countries; enhance refugee self-reliance; expand access to third-country solutions; and support conditions for return in safety and dignity. It calls for a 'whole-of-society' approach and increased development actor engagement, making it a key policy anchor for HDP Nexus approaches in displacement contexts.",Guide,,"Development,Humanitarian","Displacement & Migration,Governance,Economic Development","2. Coordination: Empowered leadership,3. Coordination: Political engagement,5. Programming: People at the centre,8. Programming: National and local capacities","UN General Assembly, UNHCR","United Nations General Assembly, UNHCR",2018,English,https://www.unhcr.org/the-global-compact-on-refugees,,Global Compact on Refugees.webp,Global Compact on Refugees.pdf
Global Humanitarian Assistance Report 2025,"The 2025 Global Humanitarian Assistance (GHA) Report — the world-leading annual assessment of international humanitarian financing, now produced by ALNAP (formerly by Development Initiatives) — documents the largest-ever recorded fall in humanitarian funding. International humanitarian assistance declined by almost USD 5 billion (10%) in 2024, and scenarios suggest government donor funding could drop between 34% and 45% by end-2025 compared to the 2023 peak.

A dedicated chapter analyses the shifting 'tectonic plates' of broader crisis financing across the HDP nexus and climate, revealing that peace funding in protracted HRP contexts has reached historic lows as a share of ODA — directly contrary to the aims of the OECD DAC Recommendation. Essential reading for any practitioner engaging with nexus financing arguments.",Report,,"Humanitarian,Development,Peace","Financing,Coordination,Policy & Strategy",9. Programming: Learning and evidence,"ALNAP, ODI Global",Mike Pearson et al.,2025,English,https://alnap.org/help-library/resources/global-humanitarian-assistance-gha-report-2025-e-report/,,Global Humanitarian Assistance Report 2025.webp,Global Humanitarian Assistance Report 2025.pdf
Global WASH cluster: Joined-up Action for Collective Outcomes,"The document emphasizes the urgent need for a joint approach to tackle humanitarian crises through effective water, sanitation, and hygiene (WASH) interventions amidst significant funding shortages. The strategy advocates for coordinated efforts across humanitarian, development, and peace sectors to achieve collective outcomes that align with the 2030 Agenda.

The approach calls for enhanced partnerships, comprehensive planning, and recalibration of funding mechanisms. The Global WASH Cluster (GWC) is pivotal in driving these collaborative efforts with a focus on resilience, conflict sensitivity, and peacebuilding.

The document also highlights the importance of data sharing, analysis, and the empowerment of local actors to enhance WASH outcomes. The goal is to foster sustainable development and peace, leveraging a multi-year, predictable financing strategy to support over 30 countries by 2025.",Collective Outcomes,,"Development,Humanitarian,Peace","Environment,Health,WASH,Protection,Displacement & Migration,Resilience","11. Financing: Predictable flexible multi-year,2. Coordination: Empowered leadership,7. Programming: Align with risk environment",Global WASH Cluster,Global WASH Cluster,2024,English,https://www.washcluster.net/sites/gwc.com/files/inline-files/GWC%20Collective%20Outcomes%20Advocacy%20Note_2nd%20edition.pdf,,Global WASH cluster Joined-up Action for Collective Outcomes.webp,Global WASH cluster Joined-up Action for Collective Outcomes.pdf
Good Practice Guide for HDP Nexus Operationalisation,"This practical guide from BICC (Bonn International Centre for Conflict Studies) compiles evidence-based good practices for operationalising the humanitarian-development-peace nexus at the country and programme level.

Drawing on extensive field research conducted across multiple fragile and conflict-affected contexts — including Mali, Iraq, South Sudan and others — the guide distils lessons from both successful and unsuccessful nexus implementation efforts. It covers the full programme cycle from joint situation analysis through to planning, implementation, monitoring and learning, with a particular focus on locally-led peace, gender dynamics, and the specific challenge of integrating the peace dimension meaningfully rather than treating it as an afterthought. 

The guide addresses structural enablers and barriers including coordination mechanisms, financing architecture, and organisational mandates, and provides concrete, actionable recommendations for practitioners, coordination bodies, and donors seeking to advance genuine nexus coherence rather than mere rhetorical alignment.",Toolkit,,"Humanitarian,Development,Peace","Peace & Security,Governance","1. Coordination: Joint analysis,6. Programming: Do no harm",BICC,"Esther Meininghaus, Birgit Kemmerling",2025,English,https://www.bicc.de/Publikationen//20250918_Practical-Guide-online.pdf,,Good Practice Guide for HDP Nexus Operationalisation.webp,Good Practice Guide for HDP Nexus Operationalisation.pdf
Good practices in the operationalisation of the humanitarian-developmentpeace nexus,"This guide provides practical recommendations for implementing the humanitarian-development-peace nexus within EU external action, specifically through the Team Europe Approach. It draws on field experiences from six EU pilot countries: Chad, Iraq, Myanmar, Nigeria, Sudan, and Uganda, and other fragile contexts. Key practices include strengthening coordination among actors, conducting joint analyses to understand conflict drivers, and developing integrated programs to enhance resilience. It emphasizes the importance of supporting peace-building efforts in conflict areas and ensuring sufficient funding for risk-reducing activities.

The guide also encourages developing 'soft' security strategies to address instability and complex crises. Specific financing mechanisms are recommended to support hybrid actions transcending traditional humanitarian and development boundaries. Additionally, joint monitoring and evaluation are highlighted to improve ongoing interventions and contribute to collective learning and sharing. These practices aim to address root causes of crises, enhance the operationalization of the nexus, and build long-term community resilience.",Guide,"Chad,Iraq,Myanmar,Nigeria,Sudan,Uganda","Development,Humanitarian,Peace","Economic Development,Protection,Disaster Risk Reduction,Social Cohesion,Displacement & Migration,Governance,Resilience","11. Financing: Predictable flexible multi-year,8. Programming: National and local capacities,3. Coordination: Political engagement",Council of Europe,Council of Europe,2022,English,https://data.consilium.europa.eu/doc/document/ST-15274-2022-INIT/en/pdf,,Good practices in the operationalisation of the humanitarian-developmentpeace nexus.webp,Good practices in the operationalisation of the humanitarian-developmentpeace nexus.pdf
"Governing Complexity in Complex Times: The HDP Nexus and the Role of the UN, the EU and the World Bank","This journal article analyzes the Nexus-based approach of the United Nations, European Union, and World Bank in addressing complex humanitarian-development-security crises through coordinated efforts. The Triple Nexus concept is explored for its potential in experimentalist governance, showcasing increased institutional cooperation but highlighting ongoing challenges, particularly with peacebuilding integration.

Case studies of Cameroon, Myanmar, and the Democratic Republic of Congo demonstrate varied success in Nexus implementation, emphasizing the need for local community empowerment and more comprehensive coordination amongst donors. Despite improved dialogue, the article identifies persistent hurdles, such as the peace dimension, in ensuring inclusive, rights-based governance. Future progress relies heavily on enhancing bottom-up components and diplomatic engagement for sustainable development and conflict resolution.",Journal Article,"Cameroon,Democratic Republic of the Congo,Myanmar","Development,Humanitarian,Peace","Climate,Economic Development,Governance,Disaster Risk Reduction,Protection,Social Cohesion,Displacement & Migration,Resilience","7. Programming: Align with risk environment,8. Programming: National and local capacities,2. Coordination: Empowered leadership,11. Financing: Predictable flexible multi-year",University of Bologna,Eugenia Baroncelli,2024,English,https://www.tandfonline.com/doi/full/10.1080/03932729.2024.2376041?src=recsys,,"Governing Complexity in Complex Times The HDP Nexus and the Role of the UN, the EU and the World Bank.webp","Governing Complexity in Complex Times The HDP Nexus and the Role of the UN, the EU and the World Bank.pdf"
Grand Bargain Implementation Agenda 2025-2026,"An implementation agenda outlining strategic goals for major donors and agencies. Key focus areas include scaling up innovative financing models and increasing predictable, flexible funding to empower locally led nexus actions. The authoritative timeline and commitment framework for global humanitarian financing reform for the next two years, essential for aligning institutional strategies.",Guide,,"Humanitarian,Development","Governance,Resilience","11. Financing: Predictable flexible multi-year,10. Financing: Develop evidence-based strategies,8. Programming: National and local capacities",IASC,IASC,2025,English,https://interagencystandingcommittee.org/sites/default/files/2024-11/Grand%20Bargain%20Implementation%20Agenda%202025-2026_1.pdf,,Grand Bargain Implementation Agenda 2025-2026.webp,Grand Bargain Implementation Agenda 2025-2026.pdf
Guidance Note: Human Rights and Do No Harm,"This guidance note examines the relationship between human rights frameworks and the 'Do No Harm' principle in humanitarian and development programming. It provides practical guidance on integrating human rights due diligence into programme design, implementation and monitoring to ensure that interventions do not inadvertently contribute to human rights violations or exacerbate existing inequalities and discrimination.

The note addresses: the complementarity between rights-based approaches and conflict sensitivity; how human rights analysis strengthens Do No Harm practice; specific considerations for programming in conflict-affected and fragile contexts; and accountability mechanisms for human rights compliance in nexus programming.",Guide,,"Development,Humanitarian,Peace","Governance,Peace & Security,Social Cohesion","5. Programming: People at the centre,6. Programming: Do no harm,7. Programming: Align with risk environment,9. Programming: Learning and evidence",,,2018,English,https://www.cdacollaborative.org/publication/guidance-note-human-rights-and-do-no-harm,,Guidance Note Human Rights and Do No Harm.webp,Guidance Note Human Rights and Do No Harm.pdf
Guidance: The UN at Country level,"In-depth guidance on how to navigate the UN system at country level, with a dedicated section on the HDPN. Useful for advisors to share with implementing partners unfamiliar with the system. ",Toolkit,,"Humanitarian,Development,Peace",,"3. Coordination: Political engagement,2. Coordination: Empowered leadership",Federal Department of Foreign Affairs of Switzerland,,2025,English,,,,Guidance The UN at Country level.pdf
Guidelines for integrating gender-based violence interventions in humanitarian action,"These guidelines provide practical guidance and effective tools for humanitarians and communities affected by armed conflict, natural disasters and other humanitarian emergencies to coordinate, plan, implement, monitor and evaluate essential actions for the prevention and mitigation of gender-based violence (GBV), accross all stages of disaster and emergency management: from preparedness to recovery.

The document outlines how, in order to save lives and maximize protection, essential actions must be undertaken in a coordinated manner from the earliest stages of emergency preparedness.

These actions are necessary in every humanitarian crisis and are focused on three overarching and interlinked goals described in this document: 

1. To reduce risk of GBV by implementing GBV prevention and mitigation strategies across all areas of humanitarian response from pre-emergency through to recovery stages;
2. To promote resilience by strengthening national and community-based systems that prevent and mitigate GBV, and by enabling survivors and those at risk of GBV to access care and support; and
3. To aid recovery of communities and societies by supporting local and national capacity to create lasting solutions to the problem of GBV.",Toolkit,,Humanitarian,"Protection,Social Cohesion,Gender","6. Programming: Do no harm,5. Programming: People at the centre",UN-Women,,,English,https://wrd.unwomen.org/sites/default/files/2021-11/GBV-Implementation-Strategy-Guide-2015_0.pdf,,Guidelines for integrating gender-based violence interventions in humanitarian action.webp,Guidelines for integrating gender-based violence interventions in humanitarian action.pdf
"Guidelines on the Humanitarian, Development and Peace Nexus","Official guidelines (MAECI-DGCS and AICS, 2023) setting out the strategic approach and operational methods through which the Italian development cooperation system implements the HDP Nexus in fragile and protracted crisis contexts. Developed through a working group involving the Ministry of Foreign Affairs, the Italian Agency for Development Cooperation (AICS), civil society organisations and universities, the guidelines operationalise the 2019 OECD DAC Recommendation within Italy's domestic legal framework (Law 125/2014). 

They define how the Italian system approaches coordination (joint context analysis, collective outcomes, pilot fragile country processes), programming (joined-up planning across the three pillars using comparative advantages), and financing (evidence-based, multi-annual, flexible instruments including pooled funds and innovative financing). Includes the full text of the 2019 OECD DAC Recommendation as an annex. An important example of a bilateral donor translating the DAC Recommendation into a nationally-specific operational framework.",Guide,,"Humanitarian,Development,Peace","Policy & Strategy,Coordination,Financing,Governance","1. Coordination: Joint analysis,2. Coordination: Empowered leadership,10. Financing: Develop evidence-based strategies,11. Financing: Predictable flexible multi-year","AICS (Italian Agency for Development Cooperation), MAECI-DGCS (Italian Ministry of Foreign Affairs)","Cristina Carenza, Andrea Celentano, Giovanni Baticci, Valeria Mazzacane, Marta Collu, Marco Falcone et al.",2023,English,https://www.aics.gov.it/wp-content/uploads/2024/02/IMPAGINATO_LGAUSP_ENG-1.pdf,,"Guidelines on the Humanitarian, Development and Peace Nexus.webp","Guidelines on the Humanitarian, Development and Peace Nexus.pdf"
GWC Humanitarian-Development-Peace (HDP) Nexus and Collective Outcomes Guidance Note,"This Global WASH Cluster (GWC) guidance document provides practical direction for humanitarian WASH coordination platforms on advancing nexus approaches and collective outcomes within the WASH sector. The GWC — the largest multi-stakeholder humanitarian WASH platform, with over 90 global members and 1,200 humanitarian partners in more than 30 countries — has championed 'joined-up' action for collective outcomes as a central part of its 2022–2025 Strategic Plan.

This guidance translates that commitment into operational practice, explaining how WASH cluster coordinators can help bridge humanitarian response with longer-term WASH development goals, promote joint analysis and joint planning across the three nexus pillars, and contribute to sustainable, resilience-oriented WASH outcomes.

It includes tools for articulating WASH-specific collective outcomes, linking humanitarian response plans to national development frameworks, and advocating for multi-year, flexible financing that supports the humanitarian-development transition in WASH.",Toolkit,,"Humanitarian,Development,Peace","Environment,Resilience","1. Coordination: Joint analysis,2. Coordination: Empowered leadership",Global WASH Cluster,Global WASH Cluster,2025,English,https://www.washcluster.net/node/32841,,GWC Humanitarian-Development-Peace (HDP) Nexus and Collective Outcomes Guidance Note.webp,GWC Humanitarian-Development-Peace (HDP) Nexus and Collective Outcomes Guidance Note.pdf
HDP Nexus and Conflict Sensitivity: Changing the Aid System for Good?,"This swisspeace 'Essential' publication examines the synergies and overlaps between the Humanitarian-Development-Peace (HDP) Nexus and conflict sensitivity approaches, arguing that both share underlying objectives of improving aid effectiveness in conflict-affected contexts. 

The paper contends that while conflict sensitivity has been implemented in a minimalist way and the HDP Nexus remains largely conceptual, together they can produce transformative change. It identifies key overlapping dimensions including: context as the starting point, community engagement, transfer of power to the local level, adaptability, and coordination.

The paper concludes that both approaches must be adopted as genuine mindsets rather than institutional tick-boxes to meaningfully reform the aid system.",Policy Brief,,"Development,Humanitarian,Peace","Resilience,Peace & Security,Social Cohesion,Governance","1. Coordination: Joint analysis,4. Programming: Prioritising prevention,5. Programming: People at the centre,6. Programming: Do no harm,7. Programming: Align with risk environment,8. Programming: National and local capacities,9. Programming: Learning and evidence",swisspeace,"Tania Hörler, Nora Schmidlin, Tino Wehrle",2023,English,https://www.swisspeace.ch/assets/publications/Essentials/20230515_Essential_HDP-Nexus_final.pdf,,HDP Nexus and Conflict Sensitivity Changing the Aid System for Good.webp,HDP Nexus and Conflict Sensitivity Changing the Aid System for Good.pdf
HDP Nexus Coalition Learning Brief: Lessons from the Operational Period 2021-2025,"This learning brief distils institutional lessons from the HDP Nexus Coalition's operational period from 2021 to 2025. The Coalition was established as a multi-stakeholder platform linking humanitarian, development, and peace actors in the fight against food crises, with a focus on the Sahel and Lake Chad Basin.

The brief examines what the Coalition achieved, why certain ambitions remained unmet, and what can be done differently to design more effective multistakeholder partnerships for food systems transformation in complex settings. Drawing on interviews, Secretariat documentation, and the Wageningen University multi-stakeholder partnership (MSP) framework, the brief preserves institutional memory and provides guidance for future coalition design — offering practical lessons for any actor working at the intersection of food security, the HDP nexus, and multistakeholder governance.",Report,,"Humanitarian,Development,Peace","Food Security & Nutrition,Coordination,Policy & Strategy,Financing","1. Coordination: Joint analysis,9. Programming: Learning and evidence",Global Network Against Food Crises (GNAFC),HDP Nexus Coalition Secretariat,2025,English,https://www.fightfoodcrises.net/sites/default/files/resource/file/HDP_FINAL_LearningBrief_EN.pdf,,HDP Nexus Coalition Learning Brief Lessons from the Operational Period 2021-2025.webp,HDP Nexus Coalition Learning Brief Lessons from the Operational Period 2021-2025.pdf
HDP Nexus for Forced Displacement Response,"Combines field missions to document the practical application of the HDP nexus through peace circles, GBV services, and joint environmental planning to integrate refugees. Details specific operational micro-tactics (like 'peace circles' and joint resource planning) that successfully mitigate host-community vs. refugee frictions.",Other,"Mozambique,Mauritania,Mexico","Humanitarian,Development,Peace","Protection,Displacement & Migration","1. Coordination: Joint analysis,6. Programming: Do no harm",Global Compact on Refugees,"UNHCR, GIZ",2025,English,https://globalcompactrefugees.org/good-practices/hdp-nexus-forced-displacement-response,,HDP Nexus for Forced Displacement Response.webp,HDP Nexus for Forced Displacement Response.pdf
HDP Nexus Implementation in South Sudan — Localisation from a Decolonial Perspective,"This BICC Spotlight Paper (2024) provides in-depth analysis of the HDP nexus in South Sudan from a decolonial perspective. It is one of three country spotlights accompanying the broader BICC Discussion Paper on bottom-up nexus implementation. Key findings show that the HDP nexus in South Sudan emerged as a top-down process, driven by the UN system in collaboration with the transitional government, raising questions of accountability and local ownership.

The paper examines how localisation has largely been interpreted as a resource shift to national and local NGOs, without substantively transforming power structures or decision-making processes. It highlights the need to rethink localisation through a decolonial lens — ensuring that communities are genuinely centred and that power imbalances within the aid system are confronted rather than reproduced.",Report,South Sudan,"Humanitarian,Development,Peace","Localisation,Conflict Sensitivity,Policy & Strategy","6. Programming: Do no harm,8. Programming: National and local capacities",Bonn International Centre for Conflict Studies (BICC),Birgit Kemmerling,2024,English,https://www.bicc.de/Publications/Report/Spotlight-on-Humanitarian-Development-Peace-Nexus-Implementation-in-South-Sudan/pu/14405,,HDP Nexus Implementation in South Sudan — Localisation from a Decolonial Perspective.webp,HDP Nexus Implementation in South Sudan — Localisation from a Decolonial Perspective.pdf
HDP Nexus in Practice: Good Neighbors' Nexus Approach to Building Social Cohesion in Ethiopia,"This report (June 2024) by Good Neighbors International documents implementation of the HDP nexus approach to building social cohesion and durable solutions for displaced populations in Ethiopia. Based on survey analysis from the Tsore refugee camp in Asosa (Benishangul-Gumuz) and Gedeo and West Guji Zones (South Ethiopia/Oromia), it analyses the impact of integrated livelihoods, business training, vocational education, village savings and loan associations, and social cohesion initiatives on humanitarian needs, income levels, and peaceful coexistence between refugees and host communities.",Report,Ethiopia,"Humanitarian,Development,Peace","Social Cohesion,Displacement & Migration,Livelihoods,Resilience","5. Programming: People at the centre,8. Programming: National and local capacities,9. Programming: Learning and evidence",Good Neighbors International,Good Neighbors International,2024,English,https://reliefweb.int/report/ethiopia/hdp-nexus-practice-good-neighbors-nexus-approach-building-social-cohesion-ethiopia-june-2024,,HDP Nexus in Practice Good Neighbors' Nexus Approach to Building Social Cohesion in Ethiopia.webp,HDP Nexus in Practice Good Neighbors' Nexus Approach to Building Social Cohesion in Ethiopia.pdf
HDP Nexus: Challenges and Opportunities for its Implementation,"The report evaluates the implementation of the Humanitarian-Development-Peace Nexus (Triple Nexus) commissioned by the European Commission. It assesses processes across nine countries, revealing significant understanding of the Nexus\'s value in managing protracted crises. Despite this, operational challenges such as resource gaps, bureaucratic burdens, and conflicting institutional mandates persist.

The integration of peace within the Nexus presents complexities, potentially undermining humanitarian principles. Recommendations include promoting joint conflict analysis, employing flexible financing strategies, and enhancing leadership roles to drive Nexus implementation. Countries involved have shown varied engagement, with TEIs identified as opportunities for deeper EUMS involvement.

The Nexus supports transitioning from emergency interventions to sustainable service delivery, though monitoring progress remains challenging. Actions focusing on community resilience, social cohesion, and governance have been operationalized across sectors and geographical contexts, spotlighting the Nexus's flexibility yet complexity in diverse environments.",Report,"Burkina Faso,Central African Republic,Chad,Iraq,Democratic Republic of the Congo","Development,Humanitarian,Peace","Recovery,Social Cohesion,Displacement & Migration,Governance,Resilience","7. Programming: Align with risk environment,4. Programming: Prioritising prevention,10. Financing: Develop evidence-based strategies,11. Financing: Predictable flexible multi-year","European Centre for Development Policy Management (ECDPM), European Commission, Particip Gmbh","Tony Land, Volker Hauck",2022,English,https://international-partnerships.ec.europa.eu/system/files/2023-05/eu-hdp-nexus-study-final-report-nov-2022_en.pdf,,HDP Nexus Challenges and Opportunities for its Implementation.webp,HDP Nexus Challenges and Opportunities for its Implementation.pdf
"High-Level Workshop on the New Way of Working - Advancing Implementation 13-14 March 2017, Copenhagen","The High-Level Workshop on the New Way of Working (NWOW), held in Copenhagen, gathered 120 participants from different sectors to advance the NWOW agenda. It emphasized collective outcomes aimed at reducing needs, risks, and vulnerabilities in fragile, conflict-affected settings and situations of displacement. The NWOW demands active participation from national governments, local authorities, civil society, and bilateral and multilateral partners in a collaborative effort.

The workshop focused on implementation lessons from Yemen, Somalia, Ethiopia, and Uganda, highlighting the importance of prevention and peacebuilding strategies. Principled humanitarian action was underscored as essential for life-saving responses. Participants identified key action areas including country-led effort support, flexible multi-year planning, and prioritizing prevention.

The NWOW also calls for improved financing mechanisms to enable outcomes that connect humanitarian response and development efforts. Key entities pledged commitments to focus on collective outcomes and to enhance collaboration and financing strategies.",Event Report,"Burkina Faso,Ethiopia","Development,Humanitarian,Peace","Peace & Security,Food Security & Nutrition,Protection,Economic Development,Displacement & Migration,Governance,Resilience","4. Programming: Prioritising prevention,3. Coordination: Political engagement,11. Financing: Predictable flexible multi-year",Agenda for Humanity,Agenda for Humanity,2017,English,https://agendaforhumanity.org/sites/default/files/Copenhagen%20New%20Way%20of%20Working%20Outcome%20Note%20Final%20version.pdf,,"High-Level Workshop on the New Way of Working - Advancing Implementation 13-14 March 2017, Copenhagen.webp","High-Level Workshop on the New Way of Working - Advancing Implementation 13-14 March 2017, Copenhagen.pdf"
How Can the HDP Nexus Work from the Bottom Up? A Discussion Paper on Implementation Challenges from a Decolonial Perspective,"This BICC Discussion Paper uses decolonial critique to examine how the HDP nexus works in theory and practice, drawing on empirical research in Iraq, Mali, and South Sudan. The authors — Müller-Koné, Meininghaus, Kemmerling, and Haidara — argue that the power imbalances central to decolonial analysis pose a particular challenge for the HDP nexus: while the approach claims to be bottom-up, in practice it reproduces existing hierarchies between international and local actors.

Based on around 180 interviews with NGO staff and community members, the paper finds that collective outcomes and localisation remain top-down processes driven by UN and international NGO frameworks. It calls for a decolonial rethinking that acknowledges colonial legacies shaping funding flows, staffing, decision-making, and norms within the aid sector. Accompanied by three Spotlight Papers on Mali, Iraq, and South Sudan.",Report,"Iraq,Mali,South Sudan","Humanitarian,Development,Peace","Localisation,Peace & Security,Coordination,Governance","8. Programming: National and local capacities,9. Programming: Learning and evidence",BICC - Bonn International Centre for Conflict Studies,"Marie Müller-Koné, Esther Meininghaus, Birgit Kemmerling, Boubacar Haidara",2024,English,https://www.bicc.de/Publications/Report/How-can-the-HDP-Nexus-Work-from-the-Bottom-Up/pu/14402,,How Can the HDP Nexus Work from the Bottom Up A Discussion Paper on Implementation Challenges from a Decolonial Perspective.webp,How Can the HDP Nexus Work from the Bottom Up A Discussion Paper on Implementation Challenges from a Decolonial Perspective.pdf
How Does Climate Change Affect Peace and Security?,"Climate change is fundamentally changing human security, ecological security and even international security. There is growing evidence of its impacts on peace and conflict, which is reflected in discussions in the United Nations Security Council. In a series of fact sheets, SIPRI and the Norwegian Institute of International Affairs' (NUPI) Climate-related Peace and Security Risks project has analysed the links between climate, peace and security in countries and regions on the UN Security Council’s agenda. 

In addition to illustrating the fact sheets’ findings on four interrelated pathways in the relationship between climate change, peace and security, the comic shares lessons learned on how the UN Security Council shapes policies for addressing the complex challenges arising from climate change.",Other,,"Humanitarian,Development,Peace","Climate,Peace & Security,Policy & Strategy",7. Programming: Align with risk environment,SIPRI,"Cedric de Coning, Kheira Tarif",2024,English,https://www.sipri.org/publications/2024/partner-publications/how-does-climate-change-affect-peace-and-security,,How Does Climate Change Affect Peace and Security.webp,How Does Climate Change Affect Peace and Security.pdf
How Is the Peace Dimension of the Humanitarian-Development-Peace Nexus Implemented? A Columbia University Thesis,"This Columbia University thesis examines the implementation of the peace dimension of the HDP nexus in practice, investigating how the 'P' for peace is operationalised by international actors in fragile and conflict-affected settings. Drawing on primary research including interviews with practitioners, the thesis analyses how different organisations understand and integrate peace programming within their nexus approaches — including the conceptual challenges, mandate tensions, and practical barriers encountered. It contributes to the growing evidence base on nexus implementation and provides insights for policymakers and practitioners seeking to strengthen the peace pillar of the nexus.",Thesis,,"Peace,Development,Humanitarian","Peace & Security,Governance,Resilience","4. Programming: Prioritising prevention,9. Programming: Learning and evidence",Columbia University,Johanna Wassong,2025,English,https://academiccommons.columbia.edu/doi/10.7916/8rse-9x76,,How Is the Peace Dimension of the Humanitarian-Development-Peace Nexus Implemented A Columbia University Thesis.webp,How Is the Peace Dimension of the Humanitarian-Development-Peace Nexus Implemented A Columbia University Thesis.pdf
"How the European Union Operationalises and Understands the Triple Nexus: Complexities, 'Building Blocks' and Incremental Change","Chapter 9 of the Global Policy triple nexus e-book series, this contribution traces the institutional history of how the EU has come to operationalise the triple nexus from its 2005 Consensus on Development through to the post-2021 NDICI-GE restructuring. The author identifies key 'building blocks' — successive policy milestones, funding mechanism reforms, and institutional learning — that have gradually embedded nexus thinking within EU architecture, while acknowledging this has been a slow and incremental process for a large institution.

The piece examines how specific innovations like DG ECHO's nexus cash programming approach and the creation of unified funding instruments represent practical steps toward HDP coherence, and what structural obstacles remain. Essential reading for practitioners engaging with EU institutional frameworks for the nexus.",Article,,"Humanitarian,Development,Peace","Policy & Strategy,Financing,Coordination",1. Coordination: Joint analysis,"International Institute of Social Studies, Erasmus University Rotterdam",Tom Ansell,2025,English,https://www.globalpolicyjournal.com/blog/27/05/2025/how-european-union-operationalises-and-understands-triple-nexus-complexities,,"How the European Union Operationalises and Understands the Triple Nexus Complexities, 'Building Blocks' and Incremental Change.webp","How the European Union Operationalises and Understands the Triple Nexus Complexities, 'Building Blocks' and Incremental Change.pdf"
How to Decolonise the Humanitarian-Development-Peace Nexus?,"The BICC policy brief examines the challenges of implementing the Humanitarian-Development-Peace (HDP) nexus from a decolonial perspective. Despite its aim to address conflicts sustainably by linking humanitarian, development, and peace activities, this approach has been largely top-down rather than bottom-up, especially in Iraq, Mali, and South Sudan. The critique focuses on how power imbalances hinder the HDP nexus's effectiveness, suggesting that existing structures perpetuate these disparities rather than overcome them.

The promise of localization, as part of the HDP nexus, risks reproducing power imbalances since local actors still have limited influence on decision-making. Additionally, peace activities are often politically sensitive and controversial, as seen in Mali\'s stabilization policies and Iraq's local opposition.

The paper argues for decolonial reform, emphasizing greater involvement and decision-making power for local actors, recognizing indigenous knowledge, and addressing the root causes of conflict more effectively.",Policy Brief,"Iraq,Mali,South Sudan","Development,Humanitarian,Peace","Gender,Governance,Protection","7. Programming: Align with risk environment,5. Programming: People at the centre,4. Programming: Prioritising prevention,8. Programming: National and local capacities,1. Coordination: Joint analysis,10. Financing: Develop evidence-based strategies",Bonn International Centre for Conflict Studies (BICC),"A. Al-Khalil, A. M. Rivas, A. Sow, B. Haidara, B. Kemmerling, D. Karagnara, E. Meininghaus, F. Eichmann, F. Halfpap, M. Behrens, M. Grosz-Ngaté, M. Müller-Koné, R. Al-Khadhra, R. B. Suárez, R. Hansen, R.Toyka, S. L. James, T. Hoerz",2024,English,https://bicc.de/Publikationen/How_to_Decolonise_the_HDP-Nexus.pdf,,How to Decolonise the Humanitarian-Development-Peace Nexus.webp,How to Decolonise the Humanitarian-Development-Peace Nexus.pdf
https://yemenexus.org/wp-content/uploads/2025/05/Nexues-Profile.pdf,,Other,Yemen,,Learning & Evidence,2. Coordination: Empowered leadership,YWNLN,Yemen Nexus Initiative,2021,English,https://yemenexus.org/wp-content/uploads/2025/05/Nexues-Profile.pdf,,,Nexues-Profile.pdf
Humanitarian Action and Peacebuilding: Incompatible or Complementary?,"This chapter explores the intersection of humanitarian action and peacebuilding, focusing on whether these efforts are incompatible or complementary. It highlights the evolving nature of humanitarian aid, founded on principles such as humanity and impartiality, which has been increasingly merged with development aid and political objectives, particularly in Africa.

The author presents case studies from South Sudan, the Central African Republic, the Democratic Republic of the Congo, and Mali, illustrating the challenges faced by humanitarian actors amidst peacekeeping missions with expanded mandates. These missions often blur lines between peacekeeping, state-building, and counterterrorism, impacting humanitarian organizations' neutrality and effectiveness.

The recommendations emphasize the necessity of distinguishing the roles and mandates of humanitarian aid from peacekeeping missions, advocating for the separation and depoliticization of humanitarian efforts to maintain impartiality, enhance independence through diversified funding, and ensure adequate space for humanitarian missions to operate effectively.",Book / Book Chapter,"Central African Republic,Democratic Republic of the Congo","Humanitarian,Peace","Peace & Security,Protection,Social Cohesion,Governance","8. Programming: National and local capacities,3. Coordination: Political engagement",Africa First Advisory,Jens Pedersen,2021,English,https://link.springer.com/chapter/10.1007/978-3-030-46636-7_15,,Humanitarian Action and Peacebuilding Incompatible or Complementary.webp,Humanitarian Action and Peacebuilding Incompatible or Complementary.pdf
Humanitarian Action and Sustaining Peace,"The paper examines the evolving role of humanitarian action in sustaining peace. Historically regarded as a short-term response, humanitarian action now demands integration with long-term development and peace efforts due to increasingly protracted crises and violent conflicts. The document highlights the need for principled humanitarian action that is neutral and impartial, yet interconnected with sustaining peace practices. Key insights include leveraging local actors and capacities, providing context-specific aid, and ensuring conflict-sensitive responses.

The report underscores that humanitarian action alone cannot achieve peace but contributes significantly to resilience and development, laying the groundwork for peacebuilding initiatives. It reveals the operational and policy challenges in bridging humanitarian action with development and peacebuilding, advocating for strategic and sustainable humanitarian efforts in complex emergencies.",Policy Paper,Democratic Republic of the Congo,"Humanitarian,Peace","Peace & Security,Displacement & Migration,Resilience","5. Programming: People at the centre,8. Programming: National and local capacities,3. Coordination: Political engagement",International Peace Institute (IPI),Alice Debarre,2018,English,https://alnap.org/help-library/resources/humanitarian-action-and-sustaining-peace/,,Humanitarian Action and Sustaining Peace.webp,Humanitarian Action and Sustaining Peace.pdf
Humanitarian Impact Finance: Instruments and Approaches,"This landmark 90-page report (September 2024) by IMD Business School, co-published with Fondation Lombard Odier, the Humanitarian Innovative Finance Hub (HIFHUB/Danish Red Cross), and the 'la Caixa' Foundation, is the first comprehensive mapping of the humanitarian impact finance (HIF) landscape. It defines HIF as new types of partnerships, ways of working, and resource mobilisation for humanitarian and development outcomes, and maps who does what, at what stage, and with what investment criteria across the full continuum from grants to commercial capital.

The report includes a decision tree for selecting financial instruments, case studies of blended finance, impact bonds, and green finance, and identifies shift from short-term grant funding to long-term debt, equity, and insurance instruments. Essential reference for private-sector nexus engagement.",Report,,"Humanitarian,Development","Financing,Economic Development,Coordination","10. Financing: Develop evidence-based strategies,11. Financing: Predictable flexible multi-year","IMD Business School, Fondation Lombard Odier, HIFHUB (Danish Red Cross), 'la Caixa' Foundation","Vanina Farber, Patrick Reichert, Maximilian Martin, Juan Luis Coderque Galligo",2024,English,https://www.imd.org/research-knowledge/finance/reports/navigating-humanitarian-impact-finance/,,Humanitarian Impact Finance Instruments and Approaches.webp,Humanitarian Impact Finance Instruments and Approaches.pdf
Humanitarian Innovative Financing in Fragile Settings: Taking Stock and Charting the Road Ahead,"This ODI Policy Brief, commissioned by the ICRC and the Humanitarian Innovative Finance Hub, examines the potential of humanitarian innovative financing (HIF) to bridge the growing humanitarian funding gap in fragile and conflict-affected settings. Drawing on a review of over 50 key literature sources on HIF models, it assesses the added value of blended finance, debt swaps, results-based financing, insurance mechanisms, and other innovative instruments in humanitarian contexts.

The brief explores specific cases including the ICRC-World Bank water programme in DRC that leveraged USD 10 million in grants to catalyse USD 30 million in concessional finance, and the IRC-EBRD partnership on wastewater infrastructure in Jordan. It makes recommendations for scaling up HIF while maintaining humanitarian principles, and feeds directly into the Grand Bargain 3.0 Innovative Financing workstream.",Policy Brief,"Jordan,Democratic Republic of the Congo","Humanitarian,Development","Financing,Economic Development,Resilience","10. Financing: Develop evidence-based strategies,11. Financing: Predictable flexible multi-year","ODI Global, International Committee of the Red Cross (ICRC)",ODI Humanitarian Policy Group,2024,English,https://media.odi.org/documents/ODI_Humanitarian_innovative_financing.pdf,,Humanitarian Innovative Financing in Fragile Settings Taking Stock and Charting the Road Ahead.webp,Humanitarian Innovative Financing in Fragile Settings Taking Stock and Charting the Road Ahead.pdf
Humanitarian Programme Cycle (IASC),"The Humanitarian Programme Cycle (HPC) is an operational framework developed by the Inter-Agency Standing Committee (IASC) that sets out the sequence of actions to prepare for, plan, manage, deliver and monitor collective responses in non-refugee humanitarian emergencies that may or may not have required a system-wide scale-up activation. Its successful implementation depends on emergency preparedness, effective coordination between national and local authorities and humanitarian actors, and information management.

The model is driven by collectively owned evidence-based plans, direction by humanitarian country teams (HCTs) led by a humanitarian coordinator (HC), and accountability for results. Its process and tools focus on humanitarian actors working at national and subnational level in the field, not on external audiences.",Guide,,Humanitarian,"Governance,Resilience,Displacement & Migration","1. Coordination: Joint analysis,2. Coordination: Empowered leadership,5. Programming: People at the centre,6. Programming: Do no harm,9. Programming: Learning and evidence,10. Financing: Develop evidence-based strategies,11. Financing: Predictable flexible multi-year",Inter-Agency Standing Committee (IASC),,2025,English,https://emergency.unhcr.org/coordination-and-communication/interagency/humanitarian-programme-cycle-iasc,,Humanitarian Programme Cycle (IASC).webp,Humanitarian Programme Cycle (IASC).pdf
Humanitarian Protection in the Liptako-Gourma Region (2020–2022): Local Protection and Humanitarian Mechanisms — Summary Report,"Summary report synthesising findings from a two-year research programme (2020–2022) on humanitarian protection in the Liptako-Gourma tri-border area of Burkina Faso, Mali and Niger — the epicentre of the Sahel crisis since 2015. Conducted in collaboration with the Danish Refugee Council, LASDEL (Niger), Point Sud (Mali) and the Centre for Democratic Governance (Burkina Faso), the research examined the effectiveness of humanitarian protection programmes and their relationship with local protection systems.

Key findings address the links between community-based and international humanitarian protection mechanisms, threats and vulnerabilities facing affected populations, and how protection programming can be strengthened through better integration of local knowledge and structures.",Report,"Burkina Faso,Mali,Niger","Humanitarian,Peace","Protection,Localisation,Conflict Sensitivity,Social Cohesion","5. Programming: People at the centre,6. Programming: Do no harm,8. Programming: National and local capacities","SIPRI, Danish Refugee Council","Virginie Baudais, Shourjya Deb, Evelina Cristofano",2023,English,https://www.sipri.org/publications/2023/partner-publications/humanitarian-protection-liptako-gourma-region-2020-2022-local-protection-and-humanitarian-mechanisms,,Humanitarian Protection in the Liptako-Gourma Region (2020–2022) Local Protection and Humanitarian Mechanisms — Summary Report.webp,Humanitarian Protection in the Liptako-Gourma Region (2020–2022) Local Protection and Humanitarian Mechanisms — Summary Report.pdf
Humanitarian Protection in the Liptako-Gourma Region [FR] (2020–2022): Local Protection and Humanitarian Mechanisms — Summary Report,"[French version] Summary report synthesising findings from a two-year research programme (2020–2022) on humanitarian protection in the Liptako-Gourma tri-border area of Burkina Faso, Mali and Niger — the epicentre of the Sahel crisis since 2015. Conducted in collaboration with the Danish Refugee Council, LASDEL (Niger), Point Sud (Mali) and the Centre for Democratic Governance (Burkina Faso), the research examined the effectiveness of humanitarian protection programmes and their relationship with local protection systems.

Key findings address the links between community-based and international humanitarian protection mechanisms, threats and vulnerabilities facing affected populations, and how protection programming can be strengthened through better integration of local knowledge and structures.",Report,"Burkina Faso,Mali,Niger","Humanitarian,Peace","Protection,Localisation,Conflict Sensitivity,Social Cohesion","5. Programming: People at the centre,6. Programming: Do no harm,8. Programming: National and local capacities","SIPRI, Danish Refugee Council","Virginie Baudais, Shourjya Deb, Evelina Cristofano",2023,French,https://www.sipri.org/publications/2023/partner-publications/humanitarian-protection-liptako-gourma-region-2020-2022-local-protection-and-humanitarian-mechanisms,,Humanitarian Protection in the Liptako-Gourma Region (2020–2022) Local Protection and Humanitarian Mechanisms — Summary Report.webp,Humanitarian Protection in the Liptako-Gourma Region [FR] (2020–2022) Local Protection and Humanitarian Mechanisms — Summary Report.pdf
Humanitarian Protection in the Liptako-Gourma Region: Local Protection Mechanisms and Humanitarian Response — Field Research (August–September 2020),"Research report presenting findings from field research conducted in the Liptako-Gourma tri-border region of Burkina Faso (Nord), Mali (Mopti) and Niger (Tillabéri) in August–September 2020. Based on quantitative data collection, qualitative interviews and focus group discussions, it documents the threats, risks and vulnerabilities facing local populations; the community protection mechanisms people rely on; and the gaps and connections between local and international humanitarian protection responses. 

At the time of research, the crisis had caused 1.6 million displacements, with Burkina Faso accounting for the majority. The first of two field volumes from the Liptako-Gourma humanitarian protection research programme.",Report,"Burkina Faso,Mali,Niger","Humanitarian,Peace","Protection,Localisation,Conflict Sensitivity,Displacement & Migration","5. Programming: People at the centre,6. Programming: Do no harm,8. Programming: National and local capacities","SIPRI, Danish Refugee Council, LASDEL, Point Sud, Centre pour la Gouvernance Démocratique","Virginie Baudais, Shourjya Deb, Frédéric Baele, Tiéman Diarra, Oumarou Hamani, Thomas Ouédraogo",2023,"English,French",https://www.sipri.org/publications/2023/partner-publications/humanitarian-protection-liptako-gourma-region-local-protection-mechanisms-and-humanitarian-response,,Humanitarian Protection in the Liptako-Gourma Region Local Protection Mechanisms and Humanitarian Response — Field Research (August–September 2020).webp,Humanitarian Protection in the Liptako-Gourma Region Local Protection Mechanisms and Humanitarian Response — Field Research (August–September 2020).pdf
Humanitarian Protection in the Liptako-Gourma Region: Local Protection Mechanisms and Humanitarian Response — Field Survey (June–July 2021),"Research report presenting findings from a field survey conducted in the Liptako-Gourma tri-border region of Burkina Faso (Nord), Mali (Mopti) and Niger (Tillabéri) in June–July 2021. Building on the 2020 field research, it provides updated quantitative and qualitative data on threats, risks and vulnerabilities, and traces how local protection mechanisms and their links with international humanitarian protection responses have evolved over one year.

The second of two field volumes from the Liptako-Gourma humanitarian protection research programme, together providing longitudinal evidence on protection dynamics in one of the Sahel's most severely affected crisis zones.",Report,"Burkina Faso,Mali,Niger","Humanitarian,Peace","Protection,Localisation,Conflict Sensitivity,Displacement & Migration","5. Programming: People at the centre,6. Programming: Do no harm,9. Programming: Learning and evidence","SIPRI, Danish Refugee Council, LASDEL, Point Sud, Centre pour la Gouvernance Démocratique","Virginie Baudais, Shourjya Deb, Frédéric Baele, Tiéman Diarra, Oumarou Hamani, Thomas Ouédraogo",2023,"English,French",https://www.sipri.org/publications/2023/partner-publications/humanitarian-protection-liptako-gourma-region-local-protection-mechanisms-and-humanitarian-response-0,,Humanitarian Protection in the Liptako-Gourma Region Local Protection Mechanisms and Humanitarian Response — Field Survey (June–July 2021).webp,[FR] Humanitarian Protection in the Liptako-Gourma Region- Local Protection Mechanisms and Humanitarian Response — Field Survey (June–July 2021).pdf
Humanitarian Response in Violent Conflict: A Toolbox of Conflict Sensitive Indicators,"The document serves as a tool designed to integrate conflict sensitivity into humanitarian response programs. It highlights the importance of merging humanitarian efforts with peacebuilding principles to mitigate adverse effects on beneficiaries during periods of violent conflict.

Key areas emphasized include comprehensive evaluation, early warning systems, capacity building, and adherence to norms ensuring no harm is inflicted. The toolkit provides indicators to guide organizations in adapting their strategies according to dynamic conflict conditions, encouraging inclusive programming and coordination among agencies for sustainable peace and development.

It stresses the significance of continuous performance appraisal and stakeholder accountability. Examples from past programs and recommended practices for conflict-sensitive planning are included, promoting improved dignity, justice, and equality in affected communities.",Toolkit,"Azerbaijan,Ethiopia","Humanitarian,Peace",Economic Development,"1. Coordination: Joint analysis,11. Financing: Predictable flexible multi-year,6. Programming: Do no harm,8. Programming: National and local capacities",Catholic Relief Services,Leslie M. Wingender,2013,English,https://www.peaceinfrastructures.org/sites/g/files/zskgke471/files/Home%20Documents/Humanitarian%20Response%20in%20Violent%20Conflict-A%20Toolkbox%20of%20Conflict%20Sensitive%20Indiactors/Wingender_CatholicReliefServices_HumanitarianResponseInViolentConflict_2013.pdf,,Humanitarian Response in Violent Conflict A Toolbox of Conflict Sensitive Indicators.webp,Humanitarian Response in Violent Conflict A Toolbox of Conflict Sensitive Indicators.pdf
Humanitarian-Development-Peace Nexus,"This guidance note by Sida focuses on enhancing the Humanitarian-Development-Peace (HDP) Nexus in global, regional, and bilateral efforts. It highlights the growing concentration of poverty in areas affected by conflict and crises, predicting that by 2030, up to 80% of the world\'s extreme poor will reside in these contexts. The HDP Nexus approach aims to improve coordination, coherence, and complementarity among humanitarian, development, and peace actions to reduce needs, risks, and vulnerabilities and prevent crises and conflicts.

The document elaborates on the nexus framework, including the DAC Recommendation's 11 principles that guide collaborative actions to achieve sustainable development and collective outcomes. It emphasizes a people-centered, conflict-sensitive, and preventive approach, advocating for strengthened local capacities, flexible financing, and evidence-based programming.

The note also covers operational guidance for Sida to integrate nexus principles in its operations, involving coordinated analysis, dialogue, resource allocation, and adaptive management while ensuring humanitarian principles are upheld.",Guide,"Afghanistan,Bangladesh,Burkina Faso,Ethiopia,Iraq,Democratic Republic of the Congo","Development,Humanitarian,Peace","Peace & Security,Economic Development,Food Security & Nutrition,Disaster Risk Reduction,Protection,Displacement & Migration,Governance,Resilience","7. Programming: Align with risk environment,6. Programming: Do no harm,5. Programming: People at the centre,4. Programming: Prioritising prevention,8. Programming: National and local capacities,1. Coordination: Joint analysis,2. Coordination: Empowered leadership,10. Financing: Develop evidence-based strategies,11. Financing: Predictable flexible multi-year",The Swedish International Development Cooperation Agency (SIDA),The Swedish International Development Cooperation Agency (SIDA),2020,English,https://www.sida.se/en/about-sida/publications/humanitarian-development-peace-nexus,,Humanitarian-Development-Peace Nexus.webp,Humanitarian-Development-Peace Nexus.pdf
Humanitarian-Development-Peace Nexus Approaches in Conflict and Disaster Settings,"The evaluation outlines the Humanitarian-Development-Peace (HDP) nexus approach, aimed at reducing humanitarian needs and addressing root causes by fostering collaboration among humanitarian, development, and peace initiatives in conflict and disaster settings.

The approach leverages coordination frameworks, partnerships, and innovative financing strategies, aiming to embed livelihoods in humanitarian programs and overcome funding silos. UNDP emphasizes localized approaches, engaging local institutions and communities in conflict resolution. Activities focus on sustainable peace through 'little p' actions, which include peacebuilding, conflict prevention, and enhancing community resilience.

However, efforts must confront gender inequality and address the role of women in conflict resolution amidst restrictive social norms. Successful cases cited involve various countries, demonstrating the potential of the HDP nexus in fostering peace and stability in crisis conditions.",Evaluation,"Cameroon,Colombia,Egypt,Eritrea,Ethiopia,Haiti,Iraq","Development,Humanitarian,Peace","Gender,Peace & Security,Livelihoods,Disaster Risk Reduction,Social Cohesion,Protection,Economic Development,Displacement & Migration,Governance,Resilience","4. Programming: Prioritising prevention,3. Coordination: Political engagement,1. Coordination: Joint analysis,10. Financing: Develop evidence-based strategies",UNDP Independent Evaluation Office,"Anna Kunová, Axel Mélinon",2024,English,https://www.undp.org/evaluation/publications/humanitarian-development-peace-nexus-conflict,,Humanitarian-Development-Peace Nexus Approaches in Conflict and Disaster Settings.webp,[EN] Humanitarian-Development-Peace Nexus Approaches in Conflict and Disaster Settings.pdf
Humanitarian-Development-Peace Nexus Approaches in Conflict and Disaster Settings [ES],"The evaluation explores the Humanitarian-Development-Peace (HDP) nexus approach in crisis and disaster-affected contexts. Initiated by the UN in 2016, this approach aims to improve coordination and integration among humanitarian aid, development, and peacebuilding efforts. The UNDP plays a pivotal role in the nexus by fostering partnerships with local authorities, NGOs, and the private sector, aiming to create integrated solutions to long-standing conflicts and developmental challenges.

The document highlights the importance of adapting frameworks for coordination and moving beyond compartmentalized funding. It also emphasizes the significance of empowering local institutions and leveraging traditional governance structures to enhance societal cohesion.

The evaluation underlines the necessity of including women in conflict resolution and addressing gender inequalities. Successful examples include initiatives in countries like Nigeria, Lebanon, and Yemen, which utilized multi-sectoral responses, zone-based planning, and strengthened local capacities to tackle complex crises and improve resilience.",Evaluation,"Afghanistan,Cameroon,Colombia,Egypt,Eritrea,Ethiopia,Haiti,Iraq","Development,Humanitarian,Peace","Gender,Recovery,Protection,WASH,Social Cohesion,Economic Development,Governance,Resilience","4. Programming: Prioritising prevention,8. Programming: National and local capacities,1. Coordination: Joint analysis,2. Coordination: Empowered leadership,10. Financing: Develop evidence-based strategies",UNDP Independent Evaluation Office,"Anna Kunová, Axel Mélinon",2024,Spanish,https://www.undp.org/sites/g/files/zskgke326/files/2025-02/hdp_nexus_reflections-es.pdf,,Humanitarian-Development-Peace Nexus Approaches in Conflict and Disaster Settings [ES].webp,Humanitarian-Development-Peace Nexus Approaches in Conflict and Disaster Settings [ES].pdf
Humanitarian-Development-Peace Nexus Approaches in Conflict and Disaster Settings [FR],"This evaluation explores the Humanitarian-Development-Peace (HDP) nexus approach as implemented by the UNDP in conflict and disaster settings. It aims to reduce humanitarian needs by addressing the root causes and vulnerabilities faced by affected populations. 

The HDP nexus improves coordination among humanitarian, development, and peace actions, crucial in prolonged crises. The UNDP employs a multidimensional strategy, leveraging partnerships with local actors, civil society, and the private sector, particularly enhancing community resilience in regions like Nigeria, Yemen, and South Sudan. 

The approach includes adapting coordination frameworks, overcoming funding segmentation, engaging traditional and local institutions, and promoting durable peace through both 'Big P' and 'Little p' interventions. It underscores the importance of women\'s roles in conflict resolution and gender equality, and stresses the need for flexible, long-term financing. Collaborative efforts are shown in multiple countries like Turkey, Egypt, and Lebanon, demonstrating the broad application and challenges of the HDP nexus.",Evaluation,"Cameroon,Colombia,Egypt,Eritrea,Ethiopia,Haiti,Iraq","Development,Humanitarian,Peace","Gender,WASH,Disaster Risk Reduction,Livelihoods,Peace & Security,Protection,Economic Development,Displacement & Migration,Governance","7. Programming: Align with risk environment,4. Programming: Prioritising prevention,8. Programming: National and local capacities,3. Coordination: Political engagement,1. Coordination: Joint analysis,11. Financing: Predictable flexible multi-year",UNDP Independent Evaluation Office,"Anna Kunová, Axel Mélinon",2024,French,https://www.undp.org/sites/g/files/zskgke326/files/2025-02/hdp-nexus-reflections-fr.pdf,,Humanitarian-Development-Peace Nexus Approaches in Conflict and Disaster Settings [FR].webp,Humanitarian-Development-Peace Nexus Approaches in Conflict and Disaster Settings [FR].pdf
Humanitarian-Development-Peace Nexus Checklist for Programme Reviews,"The HDP Nexus (HDPN) focuses on improved coordination, collaboration and communication between the three pillars of the DAC recommendations: Better Coordination, Better Programming, Better Financing. The purpose of this checklist is to provide key questions that will allow for the nexus lens to be overlaid on programming documents, to determine if they contribute to reduction and prevention of humanitarian needs, sustainable institutions and capacities, and a people-centred, conflict-sensitive peacebuilding approach that ensures no harm is done, directly or indirectly, that would negatively impact individuals, communities, and nations.",Toolkit,,"Humanitarian,Development,Peace",,,Centre for HDP Nexus Solutions,Pamela F. Husain,2025,English,,,,Humanitarian-Development-Peace Nexus Checklist for Programme Reviews.pdf
Humanitarian-Development-Peace Nexus Guidelines (Trocaire),"These guidelines from Trocaire provide practical operational guidance for implementing the HDP nexus across Trocaire's programmes. The guidelines are designed to help programme staff and partners understand the nexus approach, apply nexus principles in programme design and implementation, and navigate the challenges of working across humanitarian, development, and peace mandates. They cover key principles of the nexus, tools for context analysis, approaches to joint programming, and mechanisms for coordination and learning. The guidelines reflect Trocaire's experience as a Catholic development and humanitarian agency working in fragile and conflict-affected contexts in Africa, Asia, Latin America, and the Middle East.",Guide,,"Development,Humanitarian,Peace","Governance,Peace & Security,Resilience,Social Cohesion","1. Coordination: Joint analysis,5. Programming: People at the centre,6. Programming: Do no harm,7. Programming: Align with risk environment,8. Programming: National and local capacities,9. Programming: Learning and evidence",Trocaire,Trocaire,2023,English,https://www.trocaire.org/wp-content/uploads/2023/03/Nexus-Guidelines-Final-ENG.pdf,,Humanitarian-Development-Peace Nexus Guidelines (Trocaire).webp,Humanitarian-Development-Peace Nexus Guidelines (Trocaire).pdf
Humanitarian-Development-Peace synergies in Sida's Humanitarian Crisis Analyses 2025,"A technical brief evaluating how Sida integrates HDP synergies to prevent conflicts, build climate resilience, and reduce long-term humanitarian needs across 30 fragile contexts. Usefulness/New Knowledge: Unpacks a major bilateral donor's proprietary risk-analysis methodology, offering a template for evidence-based financing strategies.",Policy Brief,,"Humanitarian,Development,Peace","Resilience,Climate","4. Programming: Prioritising prevention,10. Financing: Develop evidence-based strategies",Sida,Sida,2025,English,https://cdn.sida.se/app/uploads/2025/10/01084455/62784_Technical-Brief-Human-Synergies-in-Crises-Analys-2025_webb.pdf,,Humanitarian-Development-Peace synergies in Sida's Humanitarian Crisis Analyses 2025.webp,Humanitarian-Development-Peace synergies in Sida's Humanitarian Crisis Analyses 2025.pdf
Humanitarian–Development Nexus Approach to Health Systems Strengthening in Sudan: A Policy Analysis,"This peer-reviewed article (Frontiers in Public Health, published May 2025 online; originally conducted in 2022) presents a policy analysis of how the HD nexus approach was adopted for health systems strengthening in Sudan — a context of protracted emergencies, volatile political transitions, and complex economic dynamics. Based on seven qualitative interviews with humanitarian and development health actors in 2022, it finds widespread conceptual ambiguity around the nexus despite consensus on its importance. National ownership and partner coordination are identified as key enablers, while a lack of guidance and inconsistent implementation remain barriers.

The article calls for more specific country-level guidance, dialogue, and flexibility in implementing the nexus approach in highly volatile contexts. Complements the Sudan health-nexus case already in the DB with a rigorous peer-reviewed analysis.",Journal Article,Sudan,"Humanitarian,Development","Health,Coordination,Policy & Strategy,Governance","1. Coordination: Joint analysis,9. Programming: Learning and evidence",Frontiers in Public Health,Muna Mohamed Nur et al.,2025,English,https://www.frontiersin.org/journals/public-health/articles/10.3389/fpubh.2025.1579825/full,,Humanitarian–Development Nexus Approach to Health Systems Strengthening in Sudan A Policy Analysis.webp,Humanitarian–Development Nexus Approach to Health Systems Strengthening in Sudan A Policy Analysis.pdf
IASC Country Brief on the HDP Nexus 2024: Burkina Faso,"This 2024 IASC Country Brief examines the HDP nexus in Burkina Faso, one of the world's fastest-growing humanitarian crises, with 6.3 million people (one in four) in need of humanitarian assistance and over 2 million internally displaced.

The country faces an expanding security crisis with increasing civilian casualties, farmer-herder tensions, intercommunal conflict, and climate-induced vulnerabilities. The UN has developed the United Nations Interim Action Plan for Sustainable Development (UNIDAP 2023–2025) as a framework for recovery, stabilisation, and development, built on four pillars of peace, people, planet, and prosperity.

The brief documents the nexus approach under the political constraints of the transitional government, including the challenges of maintaining humanitarian access and development partnerships in an increasingly restrictive operating environment.",Policy Brief,Burkina Faso,"Humanitarian,Development,Peace","Coordination,Peace & Security,Displacement & Migration,Food Security & Nutrition","1. Coordination: Joint analysis,6. Programming: Do no harm",Inter-Agency Standing Committee (IASC),IASC Task Force 4,2024,English,https://reliefweb.int/report/burkina-faso/country-brief-humanitarian-development-peace-nexus-2024-burkina-faso,,IASC Country Brief on the HDP Nexus 2024 Burkina Faso.webp,Country Brief on the Humanitarian-Development-Peace Nexus 2024 (Burkina Faso).pdf
IASC Country Brief on the HDP Nexus 2024: Burundi,"This 2024 IASC Country Brief examines HDP nexus operationalisation in Burundi, where a HDP Nexus Steering Committee was established in 2021 to develop a common approach and define strategic collective outcomes. The brief documents how government leadership, while important for legitimacy, ultimately delayed nexus implementation — as coordination could only be operationalised with certain actors under conditions acceptable to the government. It captures the fundamental tension between government-led nexus approaches (which support state legitimacy and ownership) and the humanitarian imperative to reach populations regardless of political sensitivities. The Burundi case offers lessons for nexus practitioners on balancing government ownership with principled humanitarian action.",Case Study,Burundi,"Humanitarian,Development,Peace","Coordination,Localisation,Policy & Strategy","1. Coordination: Joint analysis,8. Programming: National and local capacities",Inter-Agency Standing Committee (IASC),IASC Task Force 4,2024,English,https://reliefweb.int/report/burundi/country-brief-humanitarian-development-peace-nexus-2024-burundi,,IASC Country Brief on the HDP Nexus 2024 Burundi.webp,Country Brief on the Humanitarian-Development-Peace Nexus 2024 (Burundi).pdf
IASC Country Brief on the HDP Nexus 2024: Central African Republic (CAR),"This 2024 IASC Country Brief examines nexus implementation in the Central African Republic, a country experiencing more than a decade of instability since the 2013 political-military crisis. With 2.8 million people in need of humanitarian assistance and high rates of maternal mortality, illiteracy, and early marriage, CAR faces compounding crises.

The brief documents the nexus framework built around the Recovery and Peacebuilding Assessment (RPBA) and its links to collective outcomes, the DDR programme, and efforts to restore state authority. It analyses the challenges of pursuing development-oriented approaches while the security situation remains volatile, and examines how the nexus has been used to identify durable solutions platforms for displacement.",Policy Brief,Central African Republic,"Humanitarian,Development,Peace","Coordination,Peace & Security,Displacement & Migration","1. Coordination: Joint analysis,9. Programming: Learning and evidence",Inter-Agency Standing Committee (IASC),IASC Task Force 4,2024,English,https://reliefweb.int/report/central-african-republic/country-brief-humanitarian-development-peace-nexus-2024-central-african-republic,,IASC Country Brief on the HDP Nexus 2024 Central African Republic (CAR).webp,Country Brief on the Humanitarian-Development-Peace Nexus 2024 (Central African Republic).pdf
IASC Country Brief on the HDP Nexus 2024: Chad,"This 2024 IASC Country Brief documents the HDP nexus approach in Chad, one of the countries with the most comprehensive and long-standing nexus frameworks in Africa, dating to 2016. Chad faces a complex and protracted humanitarian situation with inadequate social infrastructure, climate shocks, and conflict spillover from neighbouring countries. While a national HDP nexus roadmap was drawn up in 2019, a national nexus strategy remains to be finalised.

The brief notes subnational variations, with the Lake Chad province cited as a reference model for nexus coordination to be replicated in other provinces. It documents progress made in securing shared visions among humanitarian, development, and peace actors, and provides recommendations for accelerating nexus implementation at country and subnational levels.",Policy Brief,Chad,"Humanitarian,Development,Peace","Coordination,Food Security & Nutrition,Displacement & Migration","1. Coordination: Joint analysis,9. Programming: Learning and evidence",Inter-Agency Standing Committee (IASC),IASC Task Force 4,2024,English,https://reliefweb.int/report/chad/country-brief-humanitarian-development-peace-nexus-2024-chad,,IASC Country Brief on the HDP Nexus 2024 Chad.webp,Country Brief on the Humanitarian-Development-Peace Nexus 2024 (Chad).pdf
IASC Country Brief on the HDP Nexus 2024: Democratic Republic of the Congo (DRC),"This 2024 IASC Country Brief examines the HDP nexus approach in the DRC, one of the world's most complex humanitarian crises marked by armed conflict, displacement, governance challenges, and climate vulnerability. The brief contextualises nexus implementation against the resurgence of the M23 armed group in the East, the gradual MONUSCO disengagement, and the December 2023 elections. It documents the HDP nexus governance architecture in DRC, including the multi-stakeholder HDP Nexus core team co-chaired by the Resident Coordinator and EU. 

Key lessons address coordination at different geographic levels, financing strategies, and the challenges of maintaining nexus coherence amid active conflict and shifting political dynamics.",Policy Brief,Democratic Republic of the Congo,"Humanitarian,Development,Peace","Coordination,Peace & Security,Displacement & Migration,Financing","1. Coordination: Joint analysis,9. Programming: Learning and evidence",Inter-Agency Standing Committee (IASC),IASC Task Force 4,2024,English,https://reliefweb.int/report/democratic-republic-congo/country-brief-humanitarian-development-peace-nexus-2024-democratic-republic-congo-drc,,IASC Country Brief on the HDP Nexus 2024 Democratic Republic of the Congo (DRC).webp,Country Brief on the Humanitarian-Development-Peace Nexus 2024 (DRC).pdf
IASC Country Brief on the HDP Nexus 2024: El Salvador,"This 2024 IASC Country Brief examines the HDP nexus in El Salvador, a context undergoing significant change following major reductions in homicidal violence under President Bukele's security strategy. While multidimensional poverty has decreased, monetary poverty remains a challenge, gender-based violence persists, and the country remains highly vulnerable to climate risks threatening food security and livelihoods. 

The brief documents how the nexus approach has been adapted to this transitional context — moving from a primarily protection-focused response to one increasingly oriented towards recovery, resilience, and long-term development — while maintaining attention to the residual protection needs of women and girls. It offers lessons for nexus practitioners working in contexts transitioning from acute conflict to complex post-violence recovery.",Policy Brief,El Salvador,"Humanitarian,Development,Peace","Coordination,Peace & Security,Gender,Climate","1. Coordination: Joint analysis,9. Programming: Learning and evidence",Inter-Agency Standing Committee (IASC),IASC Task Force 4,2024,English,https://reliefweb.int/report/el-salvador/country-brief-humanitarian-development-peace-nexus-2024-el-salvador,,IASC Country Brief on the HDP Nexus 2024 El Salvador.webp,Country Brief on the Humanitarian-Development-Peace Nexus 2024 (El Salvador).pdf
IASC Country Brief on the HDP Nexus 2024: Haiti,"This 2024 IASC Country Brief examines HDP nexus approaches in Haiti, one of the world's most acute humanitarian crises — shaped by President Moïse's 2021 assassination, rampant gang violence (300+ gangs), cholera resurgence, and extreme food insecurity affecting half the population.

The brief documents how nexus approaches have attempted to function amid an acute protection crisis and contested state legitimacy, covering collective outcome frameworks, gang-sensitive programming, coordination between humanitarian and development actors, and the particular challenges of maintaining nexus coherence when the primary drivers of need are criminal violence rather than armed conflict. Haiti is a case study in the limits of conventional nexus frameworks in settings with absent or criminally compromised state authority.",Policy Brief,Haiti,"Humanitarian,Development,Peace","Coordination,Peace & Security,Protection,Displacement & Migration","1. Coordination: Joint analysis,6. Programming: Do no harm",Inter-Agency Standing Committee (IASC),IASC Task Force 4,2024,English,https://reliefweb.int/report/haiti/country-brief-humanitarian-development-peace-nexus-2024-haiti,,IASC Country Brief on the HDP Nexus 2024 Haiti.webp,Country Brief on the Humanitarian-Development-Peace Nexus 2024 (Haiti).pdf
IASC Country Brief on the HDP Nexus 2024: Iraq,"This 2024 IASC Country Brief examines the HDP nexus in Iraq at a pivotal transition moment — from humanitarian response to development-led approaches. Iraq's humanitarian funding has declined sharply (from USD 1.8 billion in 2016 to USD 265 million in 2022), reflecting improving government capacity and oil revenues. Iraq no longer has a Humanitarian Response Plan for 2023; instead, a transitional document bridges humanitarian action and development programming.

The brief documents how the HDP nexus has been operationalised through the UNSDCF in partnership with the Government of Iraq, and analyses the challenges of ensuring that residual humanitarian needs (particularly for displaced populations and returnees) do not fall through the gap as the system transitions. A key case study for nexus practitioners working on transition from humanitarian to development response.",Policy Brief,Iraq,"Humanitarian,Development,Peace","Coordination,Displacement & Migration,Policy & Strategy","1. Coordination: Joint analysis,9. Programming: Learning and evidence",Inter-Agency Standing Committee (IASC),IASC Task Force 4,2024,English,https://reliefweb.int/report/iraq/country-brief-humanitarian-development-peace-nexus-2024-iraq,,IASC Country Brief on the HDP Nexus 2024 Iraq.webp,Country Brief on the Humanitarian-Development-Peace Nexus 2024 (Iraq).pdf
IASC Country Brief on the HDP Nexus 2024: Libya,"This 2024 IASC Country Brief examines nexus implementation in Libya during a period of relatively stable political and security conditions in 2023 and early 2024 — interrupted by catastrophic floods in September 2023 in eastern Libya that triggered emergency response and reconstruction.

The brief analyses how the flood response initially fostered national unity but subsequently intensified political competition between the Government of National Unity (west) and eastern authorities. It documents the nexus framework for Libya, including how UNSMIL's political mandate interacts with humanitarian and development programming, and provides lessons on nexus implementation in split-governance contexts where two administrations compete for legitimacy and international engagement.",Policy Brief,Libya,"Humanitarian,Development,Peace","Coordination,Displacement & Migration,Peace & Security","1. Coordination: Joint analysis,6. Programming: Do no harm",Inter-Agency Standing Committee (IASC),IASC Task Force 4,2024,English,https://reliefweb.int/report/libya/country-brief-humanitarian-development-peace-nexus-2024-libya,,IASC Country Brief on the HDP Nexus 2024 Libya.webp,Country Brief on the Humanitarian-Development-Peace Nexus 2024 (Libya).pdf
IASC Country Brief on the HDP Nexus 2024: Somalia,"This 2024 IASC Country Brief documents the operationalisation of the HDP nexus in Somalia, a country that has experienced three decades of political instability, conflict, and recurring climate shocks including severe drought and flooding. While Somalia has no dedicated HDP nexus strategy, collective priorities are embedded in the UN Sustainable Development Cooperation Framework 2021–2025 and annual Humanitarian Response Plans. 

Since 2020, nexus task forces have supported coordination between humanitarian, development and peace actors across three thematic pillars: climate adaptation and water management; durable solutions for displaced persons; and anti-corruption. The brief documents progress, enablers, remaining barriers, and lessons for replication across other fragile contexts.",Policy Brief,Somalia,"Humanitarian,Development,Peace","Coordination,Displacement & Migration,Climate,Resilience","1. Coordination: Joint analysis,9. Programming: Learning and evidence",Inter-Agency Standing Committee (IASC),IASC Task Force 4,2024,English,https://alnap.hacdn.io/media/documents/Country_Brief_on_the_Humanitarian-Development-Peace_Nexus_2024_Somalia.pdf,,IASC Country Brief on the HDP Nexus 2024 Somalia.webp,IASC Country Brief on the HDP Nexus 2024 Somalia.pdf
IASC Country Brief on the HDP Nexus 2024: Vanuatu,"This 2024 IASC Country Brief examines the HDP nexus approach in Vanuatu, an archipelago in the Pacific that is one of the world's most climate-vulnerable countries. Multiple cyclones in 2023 — including Tropical Cyclone Lola — highlight the changing climate threat, which is a primary driver of the nexus approach in this context. Unlike most HDP nexus contexts, the peace pillar in Vanuatu relates primarily to gender-based violence and violence against children rather than armed conflict. 

The brief provides a valuable Asia-Pacific perspective on nexus implementation and documents how climate-driven humanitarian needs are catalysing longer-term development and resilience investment, including coordination with the Vanuatu government on national DRR and adaptation frameworks.",Policy Brief,Vanuatu,"Humanitarian,Development","Climate,Resilience,Coordination,Gender","1. Coordination: Joint analysis,7. Programming: Align with risk environment,9. Programming: Learning and evidence",Inter-Agency Standing Committee (IASC),IASC Task Force 4,2024,English,https://reliefweb.int/report/vanuatu/country-brief-humanitarian-development-peace-nexus-2024-vanuatu,,IASC Country Brief on the HDP Nexus 2024 Vanuatu.webp,Country Brief on the Humanitarian-Development-Peace Nexus 2024 (Vanuatu).pdf
IASC Country Brief on the HDP Nexus: Afghanistan (2021),"IASC country brief documenting HDP nexus operationalisation in Afghanistan, produced as part of the IASC's first-generation nexus country mapping exercise. Covers the collective outcomes, joint planning approaches and nexus coordination mechanisms that were in place at the time of publication — the same year as the August 2021 Taliban takeover. Provides a pre-transition baseline documenting what the nexus approach sought to achieve in Afghanistan under the previous government, and how the coordination architecture was structured before the political change that fundamentally transformed the operating environment for all three pillars.",Case Study,Afghanistan,"Humanitarian,Development,Peace","Coordination,Governance,Displacement & Migration","1. Coordination: Joint analysis,3. Coordination: Political engagement",IASC,IASC,2021,English,https://interagencystandingcommittee.org/sites/default/files/migrated/2021-09/Country%20Brief%20on%20the%20Humanitarian-Development-%20Peace%20Nexus%20%28Afghanistan%29.pdf,,IASC Country Brief on the HDP Nexus Afghanistan (2021).webp,Country Brief on the Humanitarian-Development- Peace Nexus (Afghanistan).pdf
IASC Country Brief on the HDP Nexus: Colombia,"This IASC country brief maps the humanitarian-development-peace nexus in Colombia, examining how humanitarian, development, and peace actors are working together to address the country's complex and evolving crisis — including displacement, armed conflict, and post-conflict reconstruction challenges.

The brief identifies coordination mechanisms, joint programming initiatives, and financing arrangements in Colombia's nexus context, and provides practical guidance on opportunities for advancing a more coherent HDP approach. Colombia represents an important case for the nexus given the coexistence of ongoing conflict, active peace processes, and significant development gains.",Case Study,Colombia,"Development,Humanitarian,Peace","Governance,Peace & Security,Resilience,Displacement & Migration","1. Coordination: Joint analysis,2. Coordination: Empowered leadership,3. Coordination: Political engagement,7. Programming: Align with risk environment,8. Programming: National and local capacities",Inter-Agency Standing Committee (IASC),IASC,2021,English,https://interagencystandingcommittee.org/sites/default/files/migrated/2021-09/Country%20Brief%20on%20the%20Humanitarian-Development-%20Peace%20Nexus%20%28Colombia%29.pdf,,IASC Country Brief on the HDP Nexus Colombia.webp,Country Brief on the Humanitarian-Development- Peace Nexus (Colombia).pdf
IASC Country Brief on the HDP Nexus: Jordan (2021),"IASC country brief documenting HDP nexus operationalisation in Jordan — a middle-income country hosting one of the world's largest per-capita refugee populations, including Syrians and Iraqis. Jordan operates within the Regional Refugee and Resilience Plan (3RP), the Global Concessional Financing Facility, and other mechanisms designed to bridge humanitarian and development financing in host country contexts. The brief covers collective outcomes, joint planning mechanisms, and how the Government of Jordan's leadership shapes nexus coordination in a context where development actors have stronger footing than in many crisis settings, providing a useful counterpoint to conflict-affected country cases.",Case Study,Jordan,"Humanitarian,Development","Coordination,Displacement & Migration,Resilience,Social Cohesion","1. Coordination: Joint analysis,3. Coordination: Political engagement,8. Programming: National and local capacities",IASC,IASC,2021,English,https://interagencystandingcommittee.org/sites/default/files/migrated/2021-09/Country%20Brief%20on%20the%20Humanitarian-Development-%20Peace%20Nexus%20%28Jordan%29.pdf,,IASC Country Brief on the HDP Nexus Jordan (2021).webp,Country Brief on the Humanitarian-Development- Peace Nexus (Jordan).pdf
IASC Country Brief on the HDP Nexus: Occupied Palestinian Territory (2021),"IASC country brief documenting HDP nexus operationalisation in the Occupied Palestinian Territory, produced as part of the IASC's first-generation nexus country mapping exercise. Covers collective outcomes, joint planning and programming arrangements, the role of the Palestinian Authority in the nexus architecture, and the coordination mechanisms in place at the time of publication — before the October 2023 outbreak of war in Gaza. Provides a baseline of nexus approaches in the OPT context against which subsequent developments, including how coordination mechanisms performed under conditions of active conflict, can be assessed.",Case Study,"""Palestine, State of""","Humanitarian,Development,Peace","Coordination,Social Cohesion,Governance","1. Coordination: Joint analysis,2. Coordination: Empowered leadership",IASC,IASC,2021,English,https://interagencystandingcommittee.org/sites/default/files/migrated/2021-09/Country%20Brief%20on%20the%20Humanitarian-Development-%20Peace%20Nexus%20%28occupied%20Palestinian%20territory%29.pdf,,IASC Country Brief on the HDP Nexus Occupied Palestinian Territory (2021).webp,Country Brief on the Humanitarian-Development- Peace Nexus (occupied Palestinian territory).pdf
IASC Country Brief on the HDP Nexus: Sudan (2021),"IASC country brief documenting HDP nexus operationalisation in Sudan, produced as part of the IASC's first-generation nexus country mapping exercise. Covers the four-year process through which HDP stakeholders developed joint analyses, a nexus framework, and collective outcomes focused on rule of law, resilience and durable solutions — supported by a dedicated HDP nexus adviser in the Resident Coordinator Office. 

Published in 2021, it provides a pre-war baseline: the April 2023 outbreak of conflict between the Sudanese Armed Forces and the Rapid Support Forces fundamentally disrupted the coordination architecture documented here, making this brief an important reference point for understanding what had been built before the crisis.",Case Study,Sudan,"Humanitarian,Development,Peace","Coordination,Resilience,Governance","1. Coordination: Joint analysis,2. Coordination: Empowered leadership",IASC,IASC,2021,English,https://interagencystandingcommittee.org/sites/default/files/migrated/2021-09/Country%20Brief%20on%20the%20Humanitarian-Development-%20Peace%20Nexus%20%28Sudan%29.pdf,,IASC Country Brief on the HDP Nexus Sudan (2021).webp,
"IASC Discussion Paper: Exploring the Linkages between AAP, Localisation and the HDP Nexus","This IASC discussion paper examines how three humanitarian reform workstreams — Accountability to Affected Populations (AAP), localisation, and the Humanitarian-Development-Peace (HDP) Nexus — can be better leveraged together to deliver meaningful, sustainable changes to the humanitarian architecture. Written by the Co-Chairs of the IASC Taskforces on AAP (TF2), localisation (TF5), and the HDP nexus (TF4), the paper argues that all three approaches are mutually reinforcing drivers towards a humanitarian system held to account by those it serves. It provides concrete recommendations on how their linkages can be operationalised as the sector prepares for a new Emergency Relief Coordinator.",Policy Paper,,"Development,Humanitarian,Peace","Governance,Resilience,Social Cohesion,Peace & Security","1. Coordination: Joint analysis,2. Coordination: Empowered leadership,5. Programming: People at the centre,8. Programming: National and local capacities,9. Programming: Learning and evidence,10. Financing: Develop evidence-based strategies,11. Financing: Predictable flexible multi-year",Inter-Agency Standing Committee (IASC),,2024,English,https://interagencystandingcommittee.org/iasc-task-force-2-accountability-affected-people/iasc-discussion-paper-exploring-linkages-between-aap-localisation-and-hdp-nexus,,"IASC Discussion Paper Exploring the Linkages between AAP, Localisation and the HDP Nexus.webp","IASC Discussion Paper Exploring the Linkages between AAP, Localisation and the HDP Nexus.pdf"
IASC Guidance Note: Advancing the HDP Nexus Approach through IASC Global Clusters,"This IASC Guidance Note (March 2024) provides direction to IASC global clusters on how to advance the HDP nexus approach within their coordination mandates. It explains how clusters — traditionally focused on sectoral humanitarian coordination — can embed nexus thinking into their strategic frameworks, coordination platforms, and programming guidance.

The note addresses practical entry points including joint analysis, collective outcomes, and engagement with development and peace actors at both global and country levels. It is an important system-wide guidance document designed to translate the IASC's nexus commitments into cluster-level operational practice across health, food security, shelter, WASH, protection, and other cluster areas.",Guide,,"Humanitarian,Development,Peace","Coordination,Policy & Strategy","1. Coordination: Joint analysis,4. Programming: Prioritising prevention",Inter-Agency Standing Committee (IASC),IASC,2024,English,"https://s3.eu-west-1.amazonaws.com/cccmcluster.org/public/2024-03/IASC%20Guidance%20Note,%20Advancing%20the%20Humanitarian%20Development%20Peace%20Nexus%20Approach%20through%20IASC%20Global%20Clusters.pdf",,IASC Guidance Note Advancing the HDP Nexus Approach through IASC Global Clusters.webp,IASC Guidance Note Advancing the HDP Nexus Approach through IASC Global Clusters.pdf
IASC Light Guidance on Collective Outcomes,"This guidance is aimed at senior management across the humanitarian, development and peace community at country level, including the United Nations Resident / Humanitarian Coordinator (UNRC / HC) and their Resident Coordinator’s Office (RCO), Special or Deputy Special Representatives of the Secretary General (SRSG / DSRSG) and their teams, UN and Non-Governmental Organization (NGO) agency heads, United Nations Country Teams (UNCTs) / Humanitarian Country Teams (HCTs), and donor representatives.

It may also be helpful to individuals responsible for implementing programmes at field level which contribute to collective outcomes. 

The guidance uses the collective term the “HDP Community” to describe the full range of humanitarian, development and peace actors working and funding in a country. ",Toolkit,,"Humanitarian,Development,Peace",,"4. Programming: Prioritising prevention,9. Programming: Learning and evidence",IASC,IASC,2020,English,https://interagencystandingcommittee.org/sites/default/files/migrated/2021-02/UN-IASC%20Collective%20Outcomes%20Light%20Guidance.pdf,,,IASC Light Guidance on Collective Outcomes.pdf
IASC Reference Module for the Implementation of The Humanitarian Programme Cycle,"The IASC Reference Module for the Implementation of the Humanitarian Program Cycle defines the roles and responsibilities of international humanitarian actors and the way that they interact with each other, national and local authorities, civil society and with people affected by crises. The reference module is formed around the six key elements of the humanitarian program cycle and two enablers.",Guide,,Humanitarian,"Governance,Resilience,Displacement & Migration","1. Coordination: Joint analysis,2. Coordination: Empowered leadership,5. Programming: People at the centre,6. Programming: Do no harm,9. Programming: Learning and evidence,10. Financing: Develop evidence-based strategies,11. Financing: Predictable flexible multi-year",Inter-Agency Standing Committee (IASC),,2015,English,https://interagencystandingcommittee.org/iasc-transformative-agenda/documents-public/iasc-reference-module-implementation-humanitarian,,IASC Reference Module for the Implementation of The Humanitarian Programme Cycle.webp,IASC Reference Module for the Implementation of the Humanitarian Programme Cycle 2015 (Version 2).pdf
IASC Second Mapping of Good Practice in the Implementation of HDP Nexus Approaches: 2024 Synthesis Report,"This IASC synthesis report presents findings from the second mapping of good practice in HDP nexus implementation, carried out by IASC Task Force 4 across 11 countries. It serves as an update to the 2021 mapping and assesses progress, outcomes achieved, remaining barriers, and enablers for scale-up.

The report has three focus areas beyond operational progress: impact for communities in terms of vulnerability reduction and resilience; the perspectives of local and national actors (LNAs), who are often underrepresented in country-level reporting; and the peace dimension of the nexus and related lessons. It provides practical recommendations for collective IASC action to strengthen nexus approaches and produce tangible results for vulnerable communities.",Report,,"Humanitarian,Development,Peace","Coordination,Localisation,Peace & Security,Learning & Evidence","1. Coordination: Joint analysis,8. Programming: National and local capacities,9. Programming: Learning and evidence",Inter-Agency Standing Committee (IASC),IASC Task Force 4,2024,English,https://alnap.hacdn.io/media/documents/202420Mapping20good20practice20in20the20humanitarian20development20peace20nexus20s_1VZ.pdf,,IASC Second Mapping of Good Practice in the Implementation of HDP Nexus Approaches 2024 Synthesis Report.webp,IASC Second Mapping of Good Practice in the Implementation of HDP Nexus Approaches 2024 Synthesis Report.pdf
IASC Task Team on Strengthening the Humanitarian-Development Nexus in Protracted Settings: Progress Report 2018,Progress report documenting IASC Task Team activities aimed at strengthening the humanitarian-development nexus in protracted crisis settings in the period preceding the 2019 OECD DAC Recommendation on the HDP Nexus. Covers the development of a mapping of country pilots; production of country snapshots; collective outcome research; contributions to UN course materials; a regional workshop for West and Central African practitioners in Dakar; and coordination with broader IASC and UNDG mechanisms. An important institutional record of how the nexus agenda was built within the UN system in the lead-up to the DAC Recommendation.,Report,,"Humanitarian,Development","Coordination,Policy & Strategy,Governance","1. Coordination: Joint analysis,2. Coordination: Empowered leadership",IASC,IASC,2018,English,https://reliefweb.int/report/world/iasc-task-team-strengthening-humanitarian-development-nexus-hdn-tt-protracted-settings,,IASC Task Team on Strengthening the Humanitarian-Development Nexus in Protracted Settings Progress Report 2018.webp,IASC Task Team on Strengthening the Humanitarian-Development Nexus in Protracted Settings Progress Report 2018.pdf
"Implementation Roadmap For Nutrition Centric-Humanitarian, Development And Peace Triple Nexus Operationalization In Ethiopia","The document presents an implementation roadmap for the Nutrition Centric-Humanitarian, Development, and Peace Triple Nexus (NC-HDPTN) approach in Ethiopia. It outlines strategies for collaborating humanitarian, development, and peacebuilding actors to enhance food security, nutrition, and resilience among vulnerable populations in the country. The roadmap details a multi-phase plan, including inception, implementation, and dissemination phases running from 2023 to 2030. It emphasizes the importance of joint situation assessment, need analysis, scalable multi-sector programming, flexible financing mechanisms, and conflict-sensitive approaches. The roadmap aims for specific outcomes like improved food and nutrition security, enhanced community resilience, and sustainable peacebuilding, with targeted reductions in child malnutrition rates and increased community participation in peace initiatives. The plan involves various stakeholders, including government bodies, NGOs, donors, and local communities, with a focus on sustainable and locally driven solutions. Key metrics and performance indicators are defined to track progress and impact throughout the initiative.",Strategy,Ethiopia,"Development,Humanitarian,Peace","Environment,Health,Economic Development,Food Security & Nutrition,Disaster Risk Reduction,Protection,Displacement & Migration,Governance,Resilience","4. Programming: Prioritising prevention,8. Programming: National and local capacities,11. Financing: Predictable flexible multi-year","Ethiopia Ministry of Health, Ethiopian Disaster Risk Management Commision","Ethiopia Ministry of Health, Ethiopian Disaster Risk Management Commision",2024,English,https://n4d.group/wp-content/uploads/2024/10/Implementation-Roadmap-for-Nutrition-Centric-Humanitarian-Development-and-Peace-Triple-Nexus-in-Ethiopia.pdf,,"Implementation Roadmap For Nutrition Centric-Humanitarian, Development And Peace Triple Nexus Operationalization In Ethiopia.webp","Implementation Roadmap For Nutrition Centric-Humanitarian, Development And Peace Triple Nexus Operationalization In Ethiopia.pdf"
Implementing the Humanitarian-Development-Peace Nexus in a Post-Pandemic World: Multilateral Cooperation and the Challenge of Inter-organisational Dialogue,"This paper examines the implementation of the Humanitarian-Development-Peace (HDP) Nexus in a post-pandemic world, as called for by the UN Secretary General. Implemented since 2016, the HDP Nexus is an innovative policy framework aiming for multilateral cooperation across humanitarian, development, and peace sectors.

The paper discusses strengths and challenges in interorganisational dialogue among major institutions like the UN, EU, and World Bank, in pre- and post-COVID-19 contexts. It highlights the need for effective cooperation and local actor involvement to achieve peace and empowerment in conflict areas. Insights are drawn from activities in Myanmar, Democratic Republic of Congo, and Cameroon.

The paper urges these institutions to capitalize on comparative advantages for better Nexus deliveries and addresses the complexities involved in aligning policies among multilaterals. Ultimately, the paper explores the experimentalist governance approach, emphasizing iterative learning and participative policymaking as necessary for sustainable peace and development.",Journal Article,"Cameroon,Democratic Republic of the Congo","Development,Humanitarian,Peace","Economic Development,Recovery,Governance,Peace & Security,Displacement & Migration,Resilience","7. Programming: Align with risk environment,8. Programming: National and local capacities,2. Coordination: Empowered leadership,11. Financing: Predictable flexible multi-year","Department of Political and Social Sciences, University of Bologna",Eugenia Baroncelli,2022,English,https://onlinelibrary.wiley.com/doi/full/10.1111/1758-5899.13186?msockid=3d6d767094946c242f0663b795006d13,,Implementing the Humanitarian-Development-Peace Nexus in a Post-Pandemic World Multilateral Cooperation and the Challenge of Inter-organisational Dialogue.webp,Implementing the Humanitarian-Development-Peace Nexus in a Post-Pandemic World: Multilateral Cooperation and the Challenge of Inter-organisational Dialogue.pdf
Improving your Programmatic Learning Journey: A Resource Guide for HDP Nexus Practitioners,"This practical guide from the Knowledge Platform Security and Rule of Law (KPSRL), commissioned by the Dutch Ministry of Foreign Affairs, is designed to help humanitarian, development and peacebuilding practitioners strengthen programmatic learning within HDP nexus contexts.

Based on in-depth research with seven organisations and a systematic literature review, the guide addresses a critical gap: despite widespread commitment to adaptive management and learning in the nexus field, few organisations have effective systems for capturing, sharing, and acting on programme learning.

The guide provides strategies, frameworks, and case studies on how programmatic learning happens in practice — covering how organisations conduct learning activities, what enables or prevents meaningful uptake of findings, and how learning translates into programme adaptation. It offers tailored recommendations for practitioners, policymakers, and the Dutch Ministry of Foreign Affairs on creating institutional cultures and systems that support continuous improvement in nexus programming.",Toolkit,,"Humanitarian,Development,Peace","Governance,Resilience","9. Programming: Learning and evidence,7. Programming: Align with risk environment",KPSRL,Dr. Randall Puljek-Shank,2025,English,https://kpsrl.org/sites/kpsrl/files/2025-02/Improving%20Your%20Programmatic%20Learning%20Journey.pdf,,Improving your Programmatic Learning Journey A Resource Guide for HDP Nexus Practitioners.webp,Improving your Programmatic Learning Journey A Resource Guide for HDP Nexus Practitioners.pdf
"In the Eye of the Storm: Humanitarian NGOs, Complex Emergencies, and Conflict Resolution","This journal article by Janice Gross Stein explores the challenges and dilemmas faced by humanitarian NGOs in complex emergencies arising from internal violence and state failures. As major powers disengage, these NGOs play a crucial role in delivering relief, yet they face criticism for inadvertently exacerbating conflict through asset transfer and inadequate coordination. 

The paper discusses strategies that NGOs can adopt, such as adjusting the type of aid provided to minimize looting and collaborating with local authorities. It also emphasizes the need for greater security arrangements, potentially involving regional or private security forces, to ensure aid does not fuel conflict.

The author suggests that NGOs must balance their humanitarian ethics with the harsh realities of politically manipulating relief operations to avoid doing harm. Ultimately, Stein argues that while humanitarian efforts face many challenges, thoughtful choices in programming and collaboration can mitigate negative externalities and enhance conflict resolution.",Journal Article,Burundi,"Humanitarian,Peace","Governance,Peace & Security,Protection,Social Cohesion,Displacement & Migration,Resilience","6. Programming: Do no harm,4. Programming: Prioritising prevention,8. Programming: National and local capacities,3. Coordination: Political engagement,11. Financing: Predictable flexible multi-year",Nova Southeastern University,Janice Gross Stein,2001,English,https://nsuworks.nova.edu/cgi/viewcontent.cgi?article=1012&amp;context=pcs/,,"In the Eye of the Storm Humanitarian NGOs, Complex Emergencies, and Conflict Resolution.webp","In the Eye of the Storm Humanitarian NGOs, Complex Emergencies, and Conflict Resolution.pdf"
INFF Assessment and Diagnostics: Financing Landscape,"The guide on INFF Assessment and diagnostics provides a framework for analyzing a country's financing landscape. It discusses the scope, value, and practical implementation of financing landscape assessments, highlighting their role in identifying financing gaps and opportunities for effective alignment with sustainable development goals (SDGs). 

The guide details various financing sources, including public and private funds, and emphasizes the significance of remittances, blended finance, and impact investments. Challenges in data availability and comparability are considered, alongside methodological tools for comprehensive assessments.

The document stresses the importance of stakeholder engagement and differentiated analyses tailored to specific country contexts, including fragile and conflict-affected areas. Lessons learned from prior assessments underscore the need for inclusive and accessible financial analyses that inform strategic, integrated approaches to national sustainable development financing.",Guide,"Cambodia,Egypt,Guyana,Indonesia",Development,"Climate,Gender,Health,Peace & Security,Economic Development,Food Security & Nutrition,Protection,Governance","7. Programming: Align with risk environment,9. Programming: Learning and evidence,8. Programming: National and local capacities",Integrated National Financing Frameworks (INFF),Integrated National Financing Frameworks (INFF),2021,English,https://www.inff.org/resources/assessment-and-diagnostics-financing-landscape,,INFF Assessment and Diagnostics Financing Landscape.webp,
Infographic - Humanitarian Development Peace Nexus,"This concise infosheet provides a quick reference guide to the Humanitarian-Development-Peace nexus for practitioners and policymakers. It summarises the key concepts, definitions, and principles of the nexus approach, the OECD DAC Recommendation's 11 guiding principles across coordination, programming, and financing, and provides a brief overview of the evidence base and key challenges. Designed as an accessible entry point for those new to the nexus, as well as a quick reference for experienced practitioners, the infosheet helps build a common understanding of the nexus across different organisational contexts.",Guide,,"Development,Humanitarian,Peace","Governance,Peace & Security,Resilience","1. Coordination: Joint analysis,9. Programming: Learning and evidence",OECD,,2019,English,,,Infographic - Humanitarian Development Peace Nexus.webp,Infographic - Humanitarian Development Peace Nexus_PDF.png
Inform Report 2024,"The INFORM Report 2024 marks the tenth anniversary of the INFORM Risk Index, an initiative to quantify humanitarian crisis risks globally. The index facilitates informed decision-making by aggregating data on crisis severity from various credible sources. Over the decade, the index has evolved into a pivotal tool for strategic planning, combining scientific analyses to improve crisis management outcomes.

The European Union continues to play a substantial role in humanitarian aid, stressing development investments to tackle root causes of crises. Recent updates reflect the growing impact of climatic changes and socio-economic challenges on crises, highlighting the increased risk severity globally. Conflict remains a predominant driver behind the escalating humanitarian crisis risks, while advances in infrastructure and institutions provide some resilience.

This comprehensive report underscores the necessity for evidence-based strategies to build a sustainable future amidst complex global challenges.",Report,"Afghanistan,Bangladesh,Burkina Faso,Cameroon,Central African Republic,Chad,Democratic Republic of the Congo,Haiti","Development,Humanitarian","Climate,Environment,Economic Development,Recovery,Governance,Food Security & Nutrition,Protection,Social Cohesion,Displacement & Migration,Resilience","8. Programming: National and local capacities,10. Financing: Develop evidence-based strategies,11. Financing: Predictable flexible multi-year","INFORM, Inter-Agency Standing Committee (IASC)",INFORM,2024,English,https://drmkc.jrc.ec.europa.eu/inform-index,,Inform Report 2024.webp,Inform Report 2024.pdf
Integrating Conflict Prevention and Peacebuilding into United Nations Development Assistance,"This document examines how conflict prevention and peacebuilding can be systematically integrated into UN development assistance at the country level. It addresses the institutional, operational and programmatic challenges of ensuring that UN development actors — working through the UNDAF/UNSDCF — contribute actively to conflict prevention and peacebuilding, beyond merely avoiding harm.

Key themes include: the role of the UN Resident Coordinator system in promoting coherent peace-development linkages; joint conflict analysis; collective outcomes that include peacebuilding dimensions; and the challenge of balancing development mandates with conflict prevention objectives. The document provides guidance for UN country teams on operationalising the peace pillar of the HDP Nexus.",Guide,,"Development,Peace","Peace & Security,Governance,Social Cohesion,Resilience","1. Coordination: Joint analysis,2. Coordination: Empowered leadership,3. Coordination: Political engagement,4. Programming: Prioritising prevention,8. Programming: National and local capacities,9. Programming: Learning and evidence",WSP International,Tore Rose,2005,English,https://www.interpeace.org/wp-content/uploads/2005/10/2005_IP_Interpeace_Integrating_Peacebuilding_Into_UN_Development_Assistance_Frameworks_EN.pdf,,Integrating Conflict Prevention and Peacebuilding into United Nations Development Assistance.webp,Integrating Conflict Prevention and Peacebuilding into United Nations Development Assistance.pdf
Integrating Peacebuilding into Humanitarian and Development Programming,"The guide by Catholic Relief Services offers practical guidance on integrating peacebuilding into humanitarian and development programming. It underscores the need for cohesion between sectors and provides a conceptual framework distinguishing peacebuilding from conflict sensitivity.

The guide emphasizes the use of conflict analysis to design strategic interventions and stresses the importance of stakeholder engagement in project assessment and design. It also elaborates on monitoring and evaluating integration, promoting equity, and addresses challenges and dilemmas in peacebuilding integration, such as balancing comprehensive peace plans with sector-specific mandates.

The guide further discusses the institutional shifts required to mainstream conflict sensitivity and how integrated programming can enhance program coherence and effectiveness.",Guide,"Burundi,Colombia,Egypt,El Salvador,India","Development,Humanitarian,Peace","Governance,Protection","4. Programming: Prioritising prevention,8. Programming: National and local capacities,3. Coordination: Political engagement",Catholic Relief Services,"Aaron Chassy, Mark Rogers, Tom Bamat",2010,English,https://www.mreza-mira.net/wp-content/uploads/Integrating-Peacebuilding-into-Humanitarian-and-Development-Programming.pdf,,Integrating Peacebuilding into Humanitarian and Development Programming.webp,Integrating Peacebuilding into Humanitarian and Development Programming.pdf
Integrating peacebuilding into the triple nexus: insights from UNICEF's dual mandate,An academic article exploring how UN agencies without a formal peacebuilding mandate can integrate peace outcomes through conflict-sensitive programming and social cohesion strategies. Usefulness/New Knowledge: Addresses the 'missing P' challenge directly by showing how agencies fundamentally lacking peace mandates can still structurally embed social cohesion.,Journal Article,,"Humanitarian,Development,Peace","Peace & Security,Social Cohesion","4. Programming: Prioritising prevention,6. Programming: Do no harm",Taylor & Francis,N/A,2025,English,https://www.tandfonline.com/doi/full/10.1080/09614524.2025.2544902,,Integrating peacebuilding into the triple nexus insights from UNICEF's dual mandate.webp,Integrating peacebuilding into the triple nexus insights from UNICEF's dual mandate.pdf
Integrating the P of the HDP Nexus in Ukraine: WeWorld Experiences and Reflections Integrating Social Cohesion and Peace-Oriented Activities within its Programme in Ukraine,"Practice-oriented report (WeWorld, 2026) providing practical guidance on integrating the peace dimension of the HDP nexus in Ukraine. Grounded in a peer-learning and consultation roundtable convened by WeWorld in December 2025 — bringing together Ukrainian peacebuilding and dialogue practitioners alongside international humanitarian, development and peacebuilding actors — and in WeWorld's own programme experience since March 2022.

The report argues that integrating the ""P"" is less about adding a new thematic strand and more about changing how humanitarian and early recovery work is planned, delivered and adapted. In the Ukrainian context, where it can be politically sensitive to speak explicitly about ""conflict"" and ""peace,"" the report frames peace integration primarily as ""small p"" practice centred on social cohesion and trust.

Entry points covered include: mainstreaming conflict sensitivity across the programme cycle; treating MHPSS as a cohesion enabler; building partnerships with local Ukrainian peacebuilding practitioners; localisation and subgranting to strengthen community-led initiatives; accountability to affected populations; staff care and burnout prevention; light-touch community dialogue and dispute management; and peace education with children. Directed at donors and peer organisations, and closes with an action agenda for more coherent, locally grounded, peace-responsive practice across Ukraine's aid response.",Report,Ukraine,"Humanitarian,Development,Peace","Peace & Security,Conflict Sensitivity,Social Cohesion,Protection,Localisation,Coordination","4. Programming: Prioritising prevention,5. Programming: People at the centre,6. Programming: Do no harm,7. Programming: Align with risk environment,8. Programming: National and local capacities,9. Programming: Learning and evidence",WeWorld,WeWorld Ukraine Staff,2026,English,https://ejbn4fjvt9h.exactdn.com/uploads/2026/02/HDPnexus_Ukraine.pdf,,,Integrating the P of the HDP Nexus in Ukraine WeWorld Experiences and Reflections Integrating Social Cohesion and Peace-Oriented Activities within its Programme in Ukraine.pdf
Inter-Agency Humanitarian Evaluation on Gender Equality and the Empowerment of Women and Girls,"The document serves as a companion piece to the 2020 Inter-Agency Humanitarian Evaluation on Gender Equality and the Empowerment of Women and Girls (GEEWG). It emphasizes the need to mainstream GEEWG within the triple nexus framework combining humanitarian, development, and peace efforts. Despite broad consensus on its importance, significant barriers such as lack of strategic discussion, coordination, resources, and understanding of GEEWG integration hinder progress.

The document proposes the establishment of a Task Force to lead country-level pilots, aiming to clarify and operationalize gender mainstreaming within the nexus. Insights from these pilots could foster transformative change and enhance gender accountability mechanisms. The suggested actions target key bodies such as the Inter-Agency Standing Committee and UN agencies to encourage further understanding and implementation of GEEWG initiatives. These efforts are crucial to scale-up gender equality mainstreaming, ensuring that it becomes a cross-cutting theme in nexus processes globally, with improved strategic vision and resource allocation.",Evaluation,Democratic Republic of the Congo,"Development,Humanitarian,Peace","Gender,Governance","5. Programming: People at the centre,8. Programming: National and local capacities,1. Coordination: Joint analysis",Inter-Agency Humanitarian Evaluation,Inter-Agency Humanitarian Evaluation,2021,English,https://evaluationreports.unicef.org/GetDocument?documentID=17876&fileID=42085,,Inter-Agency Humanitarian Evaluation on Gender Equality and the Empowerment of Women and Girls.webp,Inter-Agency Humanitarian Evaluation on Gender Equality and the Empowerment of Women and Girls.pdf
Inter-Agency Standing Committee (IASC) Country Brief on the Humanitarian-Development-Peace Nexus: Colombia,"The IASC Country Brief on Colombia addresses the complex interplay of armed conflict, migration, illegal business, and natural disasters affecting human rights and civilian protection. The Humanitarian-Development-Peace (HDP) nexus approach aims to align strategic priorities of peace, migration, and sustainable development through the UNSDCF, HRP, and RMRP plans.

Key steps in operationalizing the nexus include leadership coordination, joint analysis, collective outcomes focusing on PDETs affected by conflict and violence, and integrated planning and programming at national and regional levels. Lessons highlight the importance of local coordination networks, national NGO involvement, and alignment with government plans, while challenges remain in shared understanding of nexus implementation.

Gender considerations are embedded across plans, ensuring mainstreaming and tailored outcomes. The brief emphasizes local actors' involvement to enhance project sustainability, accountability, and resilience.",Case Study,Colombia,"Development,Humanitarian,Peace","Peace & Security,Protection,Displacement & Migration,Resilience","8. Programming: National and local capacities,10. Financing: Develop evidence-based strategies",Inter-Agency Standing Committee (IASC),Inter-Agency Standing Committee (IASC),2021,English,https://interagencystandingcommittee.org/system/files/2021-09/Country%20Brief%20on%20the%20Humanitarian-Development-%20Peace%20Nexus%20%28Colombia%29.pdf,,Inter-Agency Standing Committee (IASC) Country Brief on the Humanitarian-Development-Peace Nexus Colombia.webp,Country Brief on the Humanitarian-Development- Peace Nexus (Colombia).pdf
"Interlinking Humanitarian Aid, Development Cooperation, and Peacebuilding in Displacement Contexts: The Added Value of the HDP Nexus' Peace Component","The commentary explores the Humanitarian-Development-Peace (HDP) nexus with a focus on forced displacement contexts. With forced displacement reaching record numbers, there is a need for enhanced coordination across humanitarian aid, development cooperation, and peacebuilding. The HDP nexus introduces a peace component, aiming to address structural causes of displacement and ensure durable solutions, such as local integration, return, or resettlement. Both 'small p' and 'big P' peace measures are discussed, with 'small p' emphasizing social cohesion and local conflict management, and 'big P' focusing on broader national/regional peacebuilding.

The German government is encouraged to support the UN's Action Agenda on Internal Displacement, decentralize decision-making, use 'trilingual' experts, and overcome organizational disincentives. The HDP nexus offers a comprehensive approach for addressing displacement, enhancing collaboration, and fulfilling the needs for peace and security as preconditions for refugee return.",Policy Paper,"Cameroon,Democratic Republic of the Congo","Development,Humanitarian,Peace","Peace & Security,Social Cohesion,Protection,Displacement & Migration,Governance,Resilience","7. Programming: Align with risk environment,6. Programming: Do no harm,9. Programming: Learning and evidence,1. Coordination: Joint analysis,2. Coordination: Empowered leadership","Stiftung Wissenschaft und Politik (SWP), ZIF (Center for International Peace Operations)","Amrei Meier, Barbara Kobler, Nadine Biehler",2023,English,https://www.swp-berlin.org/publications/products/comments/2023C58_HDPNexusPeaceComponent.pdf,,"Interlinking Humanitarian Aid, Development Cooperation, and Peacebuilding in Displacement Contexts The Added Value of the HDP Nexus' Peace Component.webp","Interlinking Humanitarian Aid, Development Cooperation, and Peacebuilding in Displacement Contexts The Added Value of the HDP Nexus' Peace Component.pdf"
International Assistance in Gaza: Aiding Fragmentation or Unity?,"This paper examines how international assistance in Gaza has interacted with the political fragmentation of Palestinian governance and the ongoing conflict context. It analyses whether and how aid has contributed to or mitigated the political division between the West Bank and Gaza, and the implications for humanitarian principles, development programming and peacebuilding in the Palestinian context. 

Key issues include: the political economy of aid in a deeply fragmented governance context; humanitarian-development linkages in an environment of protracted siege and active conflict; donor coordination challenges; and the tension between impartial humanitarian response and the political dimensions of the Israeli-Palestinian conflict. The paper draws lessons for conflict-sensitive programming in politically complex environments.",Report,"""Palestine, State of""","Development,Humanitarian,Peace","Governance,Peace & Security,Social Cohesion,Displacement & Migration","3. Coordination: Political engagement,6. Programming: Do no harm,7. Programming: Align with risk environment,9. Programming: Learning and evidence",,,2017,English,https://reliefweb.int/report/occupied-palestinian-territory/international-assistance-gaza-aiding-fragmentation-or-unity,,International Assistance in Gaza Aiding Fragmentation or Unity.webp,International Assistance in Gaza Aiding Fragmentation or Unity.pdf
International Network on Conflict and Fragility (INCAF) Ensuring Fragile states are not left behind,"The report by the OECD International Network on Conflict and Fragility (INCAF) outlines the dynamics of financial resource flows in fragile states. It analyzes the impact of various crises, such as global financial, food, and fuel crises, on aid, trade, foreign direct investment, and domestic revenues in fragile countries.

The report highlights that many fragile states face significant challenges in meeting the Millennium Development Goals (MDGs) due to structural issues, with growth rates and domestic revenue generation being insufficient. ODA (Official Development Assistance) remains concentrated in a few countries, and there is variability in aid effectiveness due to donors' fragmented focus and aid volatility in these regions.

The report suggests that aid could play a catalytic role by fostering domestic revenue mobilization and encouraging trade and investment in fragile states, ultimately reducing aid dependency and supporting post-conflict transitions. It also discusses the evolving engagement of non-DAC donors, notably China's increasing role in fragile states, while emphasizing the need for coherent international policies to maximize developmental impacts and mitigate negative effects.",Guide,"Afghanistan,Angola,Cambodia,Central African Republic,Chad,Democratic Republic of the Congo,Ethiopia,Georgia,Guinea,Haiti,Iraq",Development,"Education,Environment,Health,Economic Development,Peace & Security,Recovery,Livelihoods,Food Security & Nutrition,Disaster Risk Reduction,Social Cohesion,Protection,Governance,Resilience","8. Programming: National and local capacities,10. Financing: Develop evidence-based strategies","OECD, The International Network on Conflict and Fragility (INCAF)","OECD, The International Network on Conflict and Fragility (INCAF)",2011,English,https://one.oecd.org/document/DCD/DAC/INCAF(2012)4/En/pdf,,International Network on Conflict and Fragility (INCAF) Ensuring Fragile states are not left behind.webp,International Network on Conflict and Fragility (INCAF) Ensuring Fragile states are not left behind.pdf
IOM Ukraine and Neighbouring Countries Crisis Response Plan 2026,"This IOM Crisis Response Plan for Ukraine and Neighbouring Countries 2026 sets out IOM's humanitarian, recovery and nexus programming priorities and targets for the year, covering Ukraine and the countries hosting Ukrainian displaced populations including Moldova, Poland, Romania, Hungary, Slovakia, and other neighbouring states.

The plan addresses the full spectrum of the HDP nexus in the Ukraine crisis context: immediate humanitarian assistance to conflict-affected and internally displaced populations; early recovery and resilience programming that bridges acute needs with longer-term stabilisation; and engagement on peacebuilding and social cohesion dimensions in a context of active armed conflict.

It outlines IOM's programming across its key mandated areas including emergency shelter and non-food items, health and psychosocial support, protection, livelihoods, and displacement tracking, with specific attention to the challenges of maintaining nexus approaches in an active conflict environment where humanitarian principles must remain paramount.",Report,Ukraine,"Humanitarian,Development,Peace","Displacement & Migration,Resilience","8. Programming: National and local capacities,1. Coordination: Joint analysis",IOM,IOM,2026,English,https://crisisresponse.iom.int/response/ukraine-and-neighbouring-countries-crisis-response-plan-2026,,IOM Ukraine and Neighbouring Countries Crisis Response Plan 2026.webp,IOM Ukraine and Neighbouring Countries Crisis Response Plan 2026.pdf
IRC 2025 Emergency Watchlist,"The International Rescue Committee's annual Emergency Watchlist identifies the 20 countries most at risk of new or worsening humanitarian emergencies, using a rigorous methodology combining 74 quantitative and qualitative variables. The 2025 edition documents how humanitarian needs are increasingly concentrated in Emergency Watchlist countries — at the intersection of fragility, conflict, climate vulnerability, and declining ODA — and outlines key imbalances the sector must address. 

For nexus practitioners, the Watchlist's policy recommendations are directly relevant: they call for development actors to commit half of all bilateral ODA to fragile and conflict-affected states; for donors to fund anticipatory action for climate-vulnerable communities; and for localisation reforms that genuinely shift decision-making power. The report provides IRC's frank analysis of systemic failures — including the USAID collapse — and what a more coherent HDP approach would require from donors and multilateral institutions.",Report,,"Humanitarian,Development,Peace","Financing,Policy & Strategy,Resilience,Displacement & Migration","7. Programming: Align with risk environment,8. Programming: National and local capacities",International Rescue Committee (IRC),IRC,2025,English,https://www.rescue.org/watchlist2025,,IRC 2025 Emergency Watchlist.webp,IRC 2025 Emergency Watchlist.pdf
Joined-up Action for Humanitarian and Development Collective Outcomes to Accelerate SDG 6,"This report from the WASH Cluster and development partners examines how joint humanitarian and development action — structured around collective outcomes — can accelerate progress on water, sanitation, and hygiene (WASH) in fragile and crisis-affected contexts. Drawing on country case studies, the report documents examples of successful nexus approaches in WASH programming, including shared analysis, joint planning, and collaborative financing. It provides recommendations for WASH clusters, development agencies, and donors on operationalising nexus principles to deliver more sustainable WASH outcomes for affected populations.",Report,,"Development,Humanitarian","Resilience,Governance","1. Coordination: Joint analysis,8. Programming: National and local capacities,9. Programming: Learning and evidence,11. Financing: Predictable flexible multi-year","UN 2023 Water Conference, WASH Cluster, Sanitation and Water for All","WASH Cluster, Sanitation and Water for All",2023,English,https://www.washcluster.net/sites/gwc.com/files/inline-files/UN%20Water%2023%20-%20Global%20Advocacy%20Brief4_1.pdf,,Joined-up Action for Humanitarian and Development Collective Outcomes to Accelerate SDG 6.webp,Joined-up Action for Humanitarian and Development Collective Outcomes to Accelerate SDG 6.pdf
Joining Forces to Combat Protracted Crises: Humanitarian and Development Support for Water and Sanitation Providers in the Middle East and North Africa,"This report, published by the World Bank in collaboration with organizations like UNICEF, focuses on addressing prolonged crises affecting water and sanitation services in the Middle East and North Africa (MENA). It identifies five critical challenges: inadequate water resource management, aggressive competition from alternative providers, failures of high-tech sewage treatment plants, rising energy costs during independent electricity generation, and dwindling cash flows.

The study recommends forming stronger partnerships between humanitarian and development entities to build resilience before crises occur and to sustain services during them. With rapid urbanization over the last two decades, many service providers have become vulnerable to prolonged crises due to reliance on subsidies and lack of accountability, leading to inefficiencies. The report underscores the need for these service providers to coordinate with international actors to circumvent potential collapses and emphasizes planning and preparedness for future shocks.",Report,Iraq,"Development,Humanitarian","Energy,Environment,Economic Development,WASH,Disaster Risk Reduction,Social Cohesion,Displacement & Migration,Governance,Resilience","4. Programming: Prioritising prevention,8. Programming: National and local capacities,1. Coordination: Joint analysis,11. Financing: Predictable flexible multi-year","ICRC, UNICEF, World Bank","ICRC, UNICEF, World Bank",2021,"English,Russian",https://openknowledge.worldbank.org/handle/10986/35122,,Joining Forces to Combat Protracted Crises Humanitarian and Development Support for Water and Sanitation Providers in the Middle East and North Africa.webp,Joining Forces to Combat Protracted Crises Humanitarian and Development Support for Water and Sanitation Providers in the Middle East and North Africa.pdf
Joint Recovery and Peacebuilding Assessments: a practical note to assessment and planning,"The Joint Recovery and Peacebuilding Assessments (RPBA) offer a structured approach for evaluating and addressing recovery and peacebuilding needs in conflict-affected countries. This practical note, developed by the United Nations, World Bank, and European Union, advocates a coordinated international response, emphasizing early engagement, stakeholder inclusion, and the development of national institutions to ensure sustainable peacebuilding.

The RPBA serves as a flexible framework for prioritizing needs, planning recovery strategies, and facilitating international support, aiming to ensure inclusivity and effective governance throughout the process. It consists of three phases: pre-evaluation, evaluation prioritization and planning, and validation and completion, which collectively help inform and drive recovery efforts through a unified strategic approach.

The document also highlights the importance of conflict sensitivity and gender analysis, and suggests methodologies for conflict assessment to ensure interventions do not exacerbate existing tensions. Broad stakeholder engagement, including women and youth, is encouraged to enhance ownership and sustainability of the peacebuilding process.",Guide,Central African Republic,Peace,"Peace & Security,Protection,Livelihoods,Social Cohesion,Governance","7. Programming: Align with risk environment,4. Programming: Prioritising prevention,8. Programming: National and local capacities,3. Coordination: Political engagement","European Union (EU), United Nations, World Bank","European Union (EU), United Nations, World Bank",2017,French,https://documents.worldbank.org/en/publication/documents-reports/documentdetail/704351531459894445,,Joint Recovery and Peacebuilding Assessments a practical note to assessment and planning.webp,Joint Recovery and Peacebuilding Assessments a practical note to assessment and planning.pdf
JSC Review: Refined Recommendations for 7 Countries,"The document presents recommendations for seven countries on enhancing regional coordination, accountability, and financing through the United Nations frameworks and partnerships. In Burkina Faso, a coordinated approach involving the RCs of Burkina Faso, Niger, and Mali is emphasized for addressing cross-border issues. Strengthened humanitarian-development-peace nexus financing is suggested as a pilot case.

Recommendations for Cameroon include developing joint vulnerability analysis across the Lake Chad Region. Chad is advised to create a Joint Analysis Team for collective outcome adjustments and host a high-level donor meeting. Ethiopia should align initiatives into an Integrated Package and connect regional initiatives to strengthen partnerships. In Niger, strengthening local government capacity and aligning to the African Union's strategy is key. Recommendations for Nigeria focus on expanding resilience capacities and establishing pooled funds for integrated responses. Somalia faces famine-like conditions, necessitating advocacy with the World Bank for immediate and long-term food insecurity solutions and support for its National Development Plan to gain concessional financing access.",Case Study,"Burkina Faso,Cameroon,Chad,Ethiopia,Niger,Nigeria,Somalia","Development,Humanitarian,Peace","Recovery,Livelihoods,Peace & Security,Social Cohesion,Economic Development,Displacement & Migration,Governance,Resilience","7. Programming: Align with risk environment,3. Coordination: Political engagement,2. Coordination: Empowered leadership,10. Financing: Develop evidence-based strategies",OCHA,UN Joint Steering Committee,2019,English,https://www.un.org/jsc/sites/www.un.org.jsc/files/general/jsc_country_specific_recommendations__0.pdf,,JSC Review Refined Recommendations for 7 Countries.webp,JSC Review Refined Recommendations for 7 Countries.pdf
JSC reviews: synthesis of findings and recommendations,"The synthesis of findings and recommendations of the JSC reviews in seven countries aims to bring together humanitarian, development, and peace actors under collective outcomes. These outcomes are intended to reduce vulnerabilities and accelerate progress towards the SDGs.

The report highlights the need for a transformative approach focusing on prevention, peacebuilding, human rights, and gender considerations that were not prominently addressed. It stresses the importance of integrating regional and global processes, such as the UN Integrated Strategy for the Sahel and the Famine Action Mechanism, into country-level responses. 

Key recommendations revolve around leadership, strengthening government and Resident Coordinator Office capacities, enhancing joint information and analysis through risk-informed and gender-sensitive approaches, articulating and operationalizing collective outcomes, harmonizing resources and financing, and establishing accountability frameworks.

These recommendations seek to foster integrated actions, strengthen collaboration, adjust programming and resource flows to align with collective outcomes, and ensure evidence-based monitoring towards minimizing humanitarian crises and promoting durable solutions.",Policy Paper,"Burkina Faso,Cameroon,Chad,Ethiopia","Development,Humanitarian,Peace","Peace & Security,Protection,Resilience","7. Programming: Align with risk environment,8. Programming: National and local capacities,3. Coordination: Political engagement,11. Financing: Predictable flexible multi-year",OCHA,UN Joint Steering Committee,2019,English,https://www.un.org/jsc/sites/www.un.org.jsc/files/general/jsc_review_synthesis_and_recommendations_0.pdf,,JSC reviews synthesis of findings and recommendations.webp,JSC reviews synthesis of findings and recommendations.pdf
Key Questions and Considerations for Donors at the Triple Nexus: Lessons from UK and Sweden,"This Development Initiatives synthesis report draws on detailed case studies of the UK and Sweden to distil key questions, observations and practical considerations for all donors seeking to operationalise the Triple Nexus. It examines donor approaches across three areas: policy frameworks; programme and allocation cycles; and organisational structures and systems.

Key findings include that the nexus is better understood in practice than in concept, with bottom-up collaborative solutions outpacing headquarters-level policy development; that peace remains the least developed pillar; and that funding mechanisms are not yet aligned with nexus ambitions. The paper provides a set of cross-cutting lessons for donors at strategic, principled, and practical levels.",Report,,"Development,Humanitarian,Peace","Governance,Resilience,Peace & Security","1. Coordination: Joint analysis,2. Coordination: Empowered leadership,3. Coordination: Political engagement,9. Programming: Learning and evidence,10. Financing: Develop evidence-based strategies,11. Financing: Predictable flexible multi-year",Development Initiatives,"Sarah Dalrymple, Sophia Swithern",2019,English,https://devinit.org/resources/questions-considerations-donors-triple-nexus-uk-sweden/,,Key Questions and Considerations for Donors at the Triple Nexus Lessons from UK and Sweden.webp,Key Questions and Considerations for Donors at the Triple Nexus Lessons from UK and Sweden.pdf
"La Agenda de Mujeres, Paz y Seguridad en la Implementación del Triple Nexo HDP en la Cooperación Española (CEIPAZ)","This CEIPAZ research project and resource hub (2025–2026) examines the intersection of the Women, Peace and Security (WPS) agenda with the HDP triple nexus in Spanish development cooperation.

Funded by AECID's 2024 innovation call, the project generates applied knowledge for Spanish cooperation actors on the practical integration of the WPS agenda and the triple nexus, with a focus on gender dynamics in humanitarian crises, development, and peacebuilding. Outputs include: a literature review on WPS; analytical notes on the triple nexus, MPS and humanitarian action, and the Mozambique experience; a policy brief on the triple nexus with gender; and a practical guide for Spanish cooperation actors.

The project hub page links to all published outputs and provides a Spanish-language reference point for WPS-nexus integration.",Report,,"Humanitarian,Development,Peace","Gender,Policy & Strategy,Coordination","6. Programming: Do no harm,9. Programming: Learning and evidence",CEIPAZ,CEIPAZ,2025,Spanish,https://ceipaz.org/nexohdp/,,"La Agenda de Mujeres, Paz y Seguridad en la Implementación del Triple Nexo HDP en la Cooperación Española (CEIPAZ).webp","La Agenda de Mujeres, Paz y Seguridad en la Implementación del Triple Nexo HDP en la Cooperación Española (CEIPAZ).pdf"
La aplicación del “triple nexo” en la Cooperación Española,"Este estudio analiza la aceptación y el conocimiento del enfoque de triple nexo entre la acción humanitaria, el desarrollo y la paz por los actores de la cooperación española y explora los retos que identifican para operativizar este planteamiento especialmente en términos de financiación, planificación y coordinación. En términos generales, el informe plantea las fortalezas y debilidades para avanzar en la aplicación del enfoque nexo en la CE, en línea con los elementos establecidos por la Recomendación del CAD-OCDE sobre el tema.

Las recomendaciones incluyen replantear algunas de las herramientas de planificación, coordinación y financiación de la cooperación española para que sean más adecuadas a la implementación del enfoque de triple nexo.  Asimismo, para la efectiva operativización es fundamental continuar impulsando el trabajo de colaboración con el CAD, difundir más ampliamente el conocimiento y el debate sobre el triple nexo HDP entre los actores de la cooperación, así como dedicar recursos financieros y humanos específicos. En concreto, el componente de paz requiere de un mayor desarrollo, lo que ofrece una oportunidad para fortalecer la construcción de la paz como aspecto central de la cooperación española.

El estudio ha sido realizado con el apoyo y la colaboración de la Oficina de Acción Humanitaria (OAH) de la AECID.",Report,,"Humanitarian,Development,Peace",Policy & Strategy,,IECAH,"Francisco Rey Marcos, Beatriz Abellán",2022,Spanish,https://iecah.org/lanzamiento-del-estudio-la-aplicacion-del-triple-nexo-en-la-cooperacion-espanola/,,La aplicación del “triple nexo” en la Cooperación Española.webp,La aplicación del “triple nexo” en la Cooperación Española.pdf
Lake Chad Programme strategy 2018-2023,"The ""Lake Chad Programme Strategy 2018-2023"" by Plan International lays out a comprehensive approach to tackle the severe humanitarian crisis in the Lake Chad Basin, encompassing regions in Nigeria, Niger, Cameroon, and Chad. The strategy aims to improve the lives of vulnerable populations, specifically focusing on children and adolescent girls, by addressing issues such as gender equality, education, protection from violence and economic empowerment. 

Four strategic programme objectives guide the initiative: equal access to education, improvement of child protection, promotion of economic rehabilitation, and empowerment through participation and leadership. The approach integrates humanitarian and development efforts while fostering social cohesion and resilience, advocating for public policies and partnerships, and focusing on gender-transformative programming.

Through collaboration with governments and stakeholders, Plan International seeks to mitigate risks and allocate financial resources effectively over five years to achieve these goals.",Report,"Cameroon,Chad","Development,Humanitarian,Peace","Education,Gender,Protection,Governance,Resilience","9. Programming: Learning and evidence,5. Programming: People at the centre,11. Financing: Predictable flexible multi-year",Plan International,Plan International,2018,English,https://plan-international.org/uploads/2021/12/waro-lake_chad_strategy_2018_2022-final-io-eng-oct18.pdf,,Lake Chad Programme strategy 2018-2023.webp,Lake Chad Programme strategy 2018-2023.pdf
Le Nexus Humanitaire-Développement-Paix: Quelles implications pour les organisations multi-mandatées?,"The document discusses the humanitarian-development-peace nexus, emphasizing the need for simultaneous humanitarian aid, development programs, and peace-building efforts to address the vulnerabilities and conflicts intensifying due to climatic shocks and socio-political unrest.

The nexus aims to integrate immediate assistance with long-term investments to tackle systemic causes of vulnerability and promote sustainable peace. Structural changes are proposed for aid systems, impacting how aid is coordinated and financed. Key players like the United Nations and the World Bank are adopting new structures and financing methods to enhance the effectiveness of combined humanitarian and development efforts.

The document explores the implications of this approach for multi-mandated organizations like Oxfam, highlighting the necessity for holistic contextual analysis, adaptive management, and collaborative partnerships. Challenges include maintaining principled humanitarian actions amidst political pressures and ensuring equitable consideration of gender issues and conflict dynamics in planning and execution.

The nexus promises more effective aid by addressing immediate and systemic needs, but requires careful balance in its operationalization to avoid compromising humanitarian principles and reaching vulnerable populations effectively.",Policy Paper,"Afghanistan,Chad,Democratic Republic of the Congo","Development,Humanitarian,Peace","Climate,Gender,Peace & Security,Protection,Disaster Risk Reduction,Livelihoods,Governance,Social Cohesion,Economic Development,Displacement & Migration,Resilience","4. Programming: Prioritising prevention,8. Programming: National and local capacities,11. Financing: Predictable flexible multi-year",Oxfam,Oxfam,2019,French,https://oxfamilibrary.openrepository.com/bitstream/handle/10546/620820/dp-humanitarian-development-peace-nexus-260619-fr.pdf;jsessionid=DF7FE51A1774AC1CEC3D674E7EBC254E?sequence=7,,Le Nexus Humanitaire-Développement-Paix Quelles implications pour les organisations multi-mandatées.webp,Le Nexus Humanitaire-Développement-Paix Quelles implications pour les organisations multi-mandatées.pdf
"Le Triple Nexus au Mali : Coordination, Sécuritisation et Lignes Floues (French)","Version française du rapport du Centre for Humanitarian Action (CHA) sur le Triple Nexus au Mali. Le rapport examine comment les approches nexus se déroulent dans un contexte marqué par de multiples conflits armés, des opérations militaires et des risques de sécuritisation de l'aide humanitaire et au développement. Il analyse les défis de coordination entre acteurs HDP, les risques liés au brouillage des lignes civilo-militaires, et les tensions entre principes humanitaires et approches nexus dans un contexte d'insécurité chronique au Sahel.",Report,Mali,"Development,Humanitarian,Peace","Peace & Security,Governance,Resilience","1. Coordination: Joint analysis,3. Coordination: Political engagement,6. Programming: Do no harm,7. Programming: Align with risk environment,9. Programming: Learning and evidence",Centre for Humanitarian Action (CHA),Centre for Humanitarian Action (CHA),2021,French,https://www.chaberlin.org/wp-content/uploads/dlm_uploads/2022/07/2022-03-mali-steinke-fr-web.pdf,,"Le Triple Nexus au Mali Coordination, Sécuritisation et Lignes Floues (French).webp","Le Triple Nexus au Mali - Coordination, Sécuritisation et Lignes Floues (French).pdf"
"Leaving no crisis behind with assistance for the triple nexus: Humanitarian, development and peace funding in crisis contexts","The report emphasizes the growing humanitarian needs due to crises such as climate-related disasters, conflicts, and food insecurity, and points out the inadequacy of humanitarian funding alone to address these needs. While donors have significantly increased official development assistance (ODA), the share directed to protracted crisis countries is the lowest in five years, with a marked shift towards more humanitarian assistance rather than development and peace support. Many countries facing crises are not receiving sufficient development assistance, leaving them behind in addressing extreme poverty.

The report calls for a balanced approach to financing under the humanitarian-development-peace nexus to tackle root causes of crises, build resilience, and prioritize prevention not only through humanitarian aid but aligning efforts with development and peace agendas.

The report suggests strengthening country-specific nexus financing strategies, improving finance tracking and coordination, and reconsidering the balance between grants and loans to foster more sustainable support for vulnerable countries. Additionally, it highlights the need for more adequate funding for climate adaptation and disaster risk reduction, which remains misaligned with the vulnerability levels of crisis countries.",Report,"Afghanistan,Central African Republic,Ethiopia","Development,Humanitarian,Peace","Climate,Economic Development,Disaster Risk Reduction,Food Security & Nutrition,Protection,Governance,Resilience","7. Programming: Align with risk environment,4. Programming: Prioritising prevention,10. Financing: Develop evidence-based strategies","Development Initiatives, Swedish International Development Cooperation Agency (SIDA)",Niklas Rieger,2023,English,https://devinit.org/resources/leaving-no-crisis-behind-assistance-triple-nexus-humanitarian-development-peace-funding/,,"Leaving no crisis behind with assistance for the triple nexus Humanitarian, development and peace funding in crisis contexts.webp","Leaving no crisis behind with assistance for the triple nexus Humanitarian, development and peace funding in crisis contexts.pdf"
Lecciones extraídas de evaluaciones: Adaptación de los ODS a los contextos Locales a través de la gobernanza local [ES],"The document outlines five lessons from initiatives that support the localization of Sustainable Development Goals (SDGs) through local governance. It emphasizes the need for coordination across different governance levels, the involvement of local stakeholders, the importance of building government capacity, the use of data for planning, and leveraging voluntary local reviews.

Successful localization of SDGs requires vertical integration of policies and alignment between international, national, and local frameworks. The UNDP's efforts in multiple countries highlight the benefits of engaging diverse actors and sectors, fostering community ownership, and ensuring adaptive and transparent local governance.

Challenges such as fragmented support or lack of structured participation may hinder progress, but structured initiatives can enhance transparency, accountability, and intergovernmental cooperation, advancing local adaptation and sustainable development.",Evaluation,"Afghanistan,Argentina,Bangladesh,Bolivia,Bosnia and Herzegovina,Brazil,Colombia,Cuba,India",Development,"Education,Livelihoods,Energy,Environment,Economic Development,Urban Planning,Disaster Risk Reduction,Protection,Governance,Resilience","7. Programming: Align with risk environment,9. Programming: Learning and evidence,8. Programming: National and local capacities",UNDP Independent Evaluation Office,"Anna Kunová, Mario Biggeri, Shivit Bakrania, Solomon Mamo",2023,Spanish,http://web.undp.org/evaluation/documents/reflections/Spanish/sdg_locationzation_ES.pdf,,Lecciones extraídas de evaluaciones Adaptación de los ODS a los contextos Locales a través de la gobernanza local [ES].webp,Lecciones extraídas de evaluaciones Adaptación de los ODS a los contextos Locales a través de la gobernanza local [ES].pdf
Left to Bridge the Gap - Humanitarian Assistance in Politically Estranged Settings,"This NYU Center on International Cooperation (CIC) paper examines the specific challenge of delivering humanitarian assistance in 'politically estranged' settings — contexts where the host government has lost international legitimacy or has been subject to sanctions, diplomatic isolation, or political disengagement by key donors. Such settings — including Afghanistan under Taliban rule, Myanmar under the military junta, and Sudan under the current conflict — represent an acute challenge for nexus approaches, since the development and peace pillars of the nexus typically require engagement with state authorities that may be impossible or inappropriate.

The paper analyses how humanitarian organisations are 'left to bridge the gap' in these contexts, often being asked to deliver far beyond their traditional life-saving mandate while development and political engagement have withdrawn. It examines the risks and limitations of this humanitarian over-stretch, the implications for principled action, and the options available to the international community for maintaining meaningful engagement while managing the political constraints of estranged relationships.",Report,,"Humanitarian,Development,Peace","Governance,Peace & Security","3. Coordination: Political engagement,11. Financing: Predictable flexible multi-year",NYU CIC,NYU CIC,2025,English,https://cic.nyu.edu/wp-content/uploads/2025/11/Left-to-Bridge-the-Gap-Humanitarian-Assistance-in-Politically-Estranged-Settings-2025.pdf,,Left to Bridge the Gap - Humanitarian Assistance in Politically Estranged Settings.webp,Left to Bridge the Gap - Humanitarian Assistance in Politically Estranged Settings.pdf
Lessons and Recommendations for Implementing Kenya's New Refugee Law,"This Refugees International field report (August 2024), based on interviews in March 2024 in Nairobi, Kakuma, and Dadaab, assesses progress and challenges in implementing Kenya's Refugee Act 2021 (regulations published 2024) and the two integrated settlement programmes — the Kalobeyei Integrated Socio-Economic Development Programme (KISEDEP) and the Garissa Integrated Socio-Economic Development Plan (GISEDEP). These programmes are Kenya's primary vehicles for operationalising the humanitarian-development nexus for refugees and host communities, shifting from camp-based assistance toward self-reliance and settlement.

The report provides field-level evidence on social cohesion gains (market sharing, reduced inter-community conflict), structural barriers (limited access to employment rights despite legal reform), and the governance challenges of implementation. Kenya's is one of the few case studies of a government-led HD nexus legal framework.",Report,Kenya,"Humanitarian,Development","Displacement & Migration,Governance,Social Cohesion,Localisation","3. Coordination: Political engagement,5. Programming: People at the centre,8. Programming: National and local capacities",Refugees International,Refugees International,2024,English,https://www.refugeesinternational.org/reports-briefs/lessons-and-recommendations-for-implementing-kenyas-new-refugee-law/,,Lessons and Recommendations for Implementing Kenya's New Refugee Law.webp,Lessons and Recommendations for Implementing Kenya's New Refugee Law.pdf
Lessons from Evaluations: SDG Localization through Local Governance,"The paper provides lessons from United Nations Development Programme (UNDP) initiatives that support the localization of the Sustainable Development Goals (SDGs) through local governance.

It highlights five key lessons: firstly, the necessity of policy coordination and alignment across governance levels for effective SDG implementation. Secondly, engaging diverse stakeholders increases local ownership and enhances SDG integration. Thirdly, local government capacity building is crucial for transparency and citizen trust. Fourthly, generating and utilizing SDG data boosts capacity and coherence in planning and monitoring. Lastly, Voluntary Local Reviews (VLRs) are seen as a promising tool for accelerating SDG localization progress, facilitating transparency and enhancing integration from local to national levels.

The paper synthesizes insights and evaluates from different countries and contexts, offering perspectives on the challenges and successes of SDG localization through local governance.",Evaluation,"Afghanistan,Argentina,Bangladesh,Bolivia,Bosnia and Herzegovina,Brazil,Colombia,Cuba,India",Development,"Economic Development,Governance,Disaster Risk Reduction,Social Cohesion,Resilience","8. Programming: National and local capacities,10. Financing: Develop evidence-based strategies",UNDP Independent Evaluation Office,"Anna Kunová, Mario Biggeri, Shivit Bakrania, Solomon Mamo",2023,English,http://web.undp.org/evaluation/documents/reflections/sdg_locationzation.pdf,,Lessons from Evaluations SDG Localization through Local Governance.webp,Lessons from Evaluations SDG Localization through Local Governance.pdf
Lessons from the COVID-19 Crisis: 6 Opportunities to Strengthen Conflict Sensitivity across the HDP Nexus,"This policy brief by NYU's Center on International Cooperation (CIC) argues that the COVID-19 pandemic, and the associated lockdowns, border closures, and socioeconomic shocks, increased risks of violent conflict globally and made it crucial for the UN to adopt a conflict-sensitive lens across the entire HDP Nexus. 

Drawing on engagement with UN actors throughout 2021, the brief identifies six specific opportunities through which the crisis can strengthen conflict sensitivity: strengthening joint analysis, improving collective outcomes, leveraging prevention, enhancing local engagement, improving funding flexibility, and strengthening accountability. The paper positions COVID-19 as a potential turning point for deeper cross-pillar integration in UN programming.",Policy Brief,,"Development,Humanitarian,Peace","Resilience,Governance,Peace & Security,Social Cohesion","1. Coordination: Joint analysis,2. Coordination: Empowered leadership,4. Programming: Prioritising prevention,5. Programming: People at the centre,6. Programming: Do no harm,7. Programming: Align with risk environment,8. Programming: National and local capacities,9. Programming: Learning and evidence,10. Financing: Develop evidence-based strategies,11. Financing: Predictable flexible multi-year","Center on International Cooperation (CIC), New York University",,2021,English,https://cic.nyu.edu/resources/lessons-from-the-covid-19-crisis-6-opportunities-to-strengthen-conflict-sensitivity-across-the-humanitarian-development-peacebuilding-nexus/,,Lessons from the COVID-19 Crisis 6 Opportunities to Strengthen Conflict Sensitivity across the HDP Nexus.webp,Lessons from the COVID-19 Crisis 6 Opportunities to Strengthen Conflict Sensitivity across the HDP Nexus.pdf
Lessons Learned and recommendations from The Humanitarian-Development Nexus For Nutrition,"The report analyzes the opportunities and challenges in strengthening the Humanitarian-Development Nexus (HDN) within the nutrition sector through case studies in Afghanistan, Myanmar, and Niger. It reveals the need for integrating short-term humanitarian responses with long-term development strategies to achieve sustainable nutrition outcomes.

The study identifies gaps in multisectoral policies and highlights the necessity for collaborative, inclusive spaces that involve various actors. Recommendations include developing a shared understanding of HDN, building collaboration around common objectives, and ensuring accountability and inclusion. The report underscores the importance of risk-informed approaches and proactive participation by governments and stakeholders in aligning nutrition-related national policies with disaster preparedness.",Evaluation,Afghanistan,"Development,Humanitarian","Food Security & Nutrition,Disaster Risk Reduction,Resilience","7. Programming: Align with risk environment,5. Programming: People at the centre,8. Programming: National and local capacities","Global Nutrition Cluster, Scaling Up Nutrition, USAID","Global Nutrition Cluster, Scaling Up Nutrition, USAID",2025,English,https://n4d.group/wp-content/uploads/2025/03/GNC_HDN_GlobalReport.pdf,,Lessons Learned and recommendations from The Humanitarian-Development Nexus For Nutrition.webp,Lessons Learned and recommendations from The Humanitarian-Development Nexus For Nutrition.pdf
"LGBTQI+ People and the Triple Nexus of Development Cooperation, Humanitarian Action and Peacebuilding","This peer-reviewed article in the Journal of Humanitarian Affairs (2025) examines the largely absent perspective of LGBTQI+ people and sexual and gender minorities within triple nexus approaches to development cooperation, humanitarian action, and peacebuilding. Drawing on existing literature — primarily from Colombia — the authors analyse four arguments for inclusion: LGBTQI+ people are targets of violence in conflict; their inclusion is ethically required; some were combatants; and they have valuable, often untapped capacities for building inclusive post-conflict societies.

The article argues that all three pillars of the nexus fail to systematically include LGBTQI+ perspectives and makes recommendations for more inclusive programme design, needs assessment, and peacebuilding process design. It opens a new area of inquiry for nexus practitioners working on gender, protection, and social cohesion.",Journal Article,Colombia,"Humanitarian,Development,Peace","Gender,Protection,Social Cohesion,Peace & Security",6. Programming: Do no harm,,"Morgane Rosier, Stephen Brown, Dennis Dijkzeul",2025,English,https://journals.sagepub.com/doi/10.1177/14649934251401342,,"LGBTQI+ People and the Triple Nexus of Development Cooperation, Humanitarian Action and Peacebuilding.webp","LGBTQI+ People and the Triple Nexus of Development Cooperation, Humanitarian Action and Peacebuilding.pdf"
Light Guidance on Advancing the HDPN Approach through the Food Security Cluster | Food Security Cluster,"The document is a guide for Food Security Clusters (FSCs) concerning the operationalization of the Humanitarian, Development, and Peace Nexus (HDPN) approach from 2023 to 2025. It outlines strategies for enhancing coordination between HDP actors to address chronic food insecurity issues. Key objectives include improving collective understanding of food insecurity drivers, fostering joint monitoring, evaluation, and learning, and advocating for multi-year financing strategies.

The guide highlights the importance of comprehensive data analysis and collaboration with research institutions to understand the underlying causes of food crises and to develop targeted interventions. It emphasizes the need for strategic partnerships and capacity building within country FSCs to effectively implement HDPN activities while maintaining the humanitarian mandate.

The guide also suggests mapping platforms, actors, and potential donors to bolster financial support and alignment among humanitarian, development, and peace initiatives.",Guide,Chad,"Development,Humanitarian,Peace","Disaster Risk Reduction,Food Security & Nutrition,Economic Development,Governance,Resilience","6. Programming: Do no harm,2. Coordination: Empowered leadership,11. Financing: Predictable flexible multi-year",Global Food Security Cluster,Global Food Security Cluster,2024,English,https://fscluster.org/document/light-guidance-advancing-hdpn-approach,,Light Guidance on Advancing the HDPN Approach through the Food Security Cluster Food Security Cluster.webp,Light Guidance on Advancing the HDPN Approach through the Food Security Cluster Food Security Cluster.pdf
Linking Social Protection and Humanitarian Assistance in the Philippines,"Report examining how the Philippines has progressively linked its national social protection system — particularly the Pantawid Pamilyang Pilipino Programme (4Ps) conditional cash transfer — with humanitarian response mechanisms following major disasters and conflict situations. Provides a case study of a middle-income country operationalising the humanitarian-development nexus through social protection, combining a well-established government-led system with shock-responsive mechanisms for disaster and conflict response. Draws lessons on government leadership, system interoperability between humanitarian and development financing, and the conditions under which social protection can serve as a bridge between immediate relief and longer-term development.",Report,Philippines,"Humanitarian,Development","Social Cohesion,Financing,Resilience","5. Programming: People at the centre,8. Programming: National and local capacities",World Bank,Fernando Aldaba,2019,English,https://openknowledge.worldbank.org/server/api/core/bitstreams/edfb12de-0c94-5774-b2a1-feaaa179018a/content,,Linking Social Protection and Humanitarian Assistance in the Philippines.webp,Linking Social Protection and Humanitarian Assistance in the Philippines.pdf
Linking Thinking: Why is it so hard and what can we do about it,"This policy paper by Joanna Macrae addresses the challenges and potential solutions for integrating humanitarian, development, and peace efforts, referred to as 'linking thinking'. The importance of this integration arises from the changing landscape of global poverty, increasingly concentrated in fragile states, and exacerbated by prolonged crises and climate change.

The paper critiques previous 'linking thinking' strategies and highlights four major challenges: the problematic interaction of aid with fragile states, the unresolved humanitarian principles amid developmental goals, a need for reform in aid\'s administrative frameworks, and the feasibility of long-term developmental strategies in insecure environments. While recent international summits propose a collaborative approach centered on collective outcomes, the efficacy of these initiatives remains uncertain due to entrenched structural and theoretical barriers.

The paper stresses the need for empirical analysis in adapting aid to specific crisis contexts and suggests that progress hinges on closer dialogue between stakeholders and significant structural reforms in the aid architecture.",Policy Paper,"Afghanistan,Iraq","Development,Humanitarian,Peace","Climate,Disaster Risk Reduction,Governance,Protection,Social Cohesion,Economic Development","7. Programming: Align with risk environment,4. Programming: Prioritising prevention,8. Programming: National and local capacities",KUNO Humanitarian Knowledge Exchange,Joanna Macrae,2019,English,https://www.kuno-platform.nl/wp-content/uploads/2019/06/Linking-Thinking-KUNO_Macrae.pdf,,Linking Thinking Why is it so hard and what can we do about it.webp,Linking Thinking Why is it so hard and what can we do about it.pdf
Livelihoods for Peace,"The 'Livelihoods for Peace' paper by Interpeace explores the integration of livelihood initiatives with peacebuilding efforts to improve stability in conflict-affected regions. It argues that fair access to livelihood opportunities is crucial for peace since they provide tangible benefits, helping reduce grievances, improve cooperation, and build self-confidence.

However, it highlights that livelihoods alone are insufficient for sustainable peace without addressing other dimensions like social cohesion, security, justice, and wellbeing. The paper proposes a theory of change where livelihood interventions-such as enhancing opportunities, strengthening regulation, promoting cooperative activities, and improving social protection-are combined with peacebuilding methods like mediation and dialogue. These combined efforts help consolidate peace by reducing conflicts, fostering trust, and enhancing social cohesion.

The document identifies strategic opportunities to leverage this approach globally, particularly in post-conflict recovery stages, while acknowledging challenges such as integration difficulties and sustainability concerns.",Policy Paper,"Burundi,Colombia,Guyana,Iraq,Democratic Republic of the Congo",Peace,"Gender,Peace & Security,Recovery,Protection,Disaster Risk Reduction,Livelihoods,Governance,Food Security & Nutrition,Social Cohesion,Economic Development,Displacement & Migration,Resilience","6. Programming: Do no harm,5. Programming: People at the centre,4. Programming: Prioritising prevention,8. Programming: National and local capacities,11. Financing: Predictable flexible multi-year",Interpeace,Interpeace,2024,English,https://www.interpeace.org/wp-content/uploads/2024/04/PiP-8-Livelihoods-for-Peace-2024-web.pdf,,Livelihoods for Peace.webp,Livelihoods for Peace.pdf
Localisation – An Unfinished Agenda Beyond 2026,"This IASC paper reviews progress on the localisation agenda — the commitment to increase the share of resources, decision-making, and leadership going to local and national humanitarian actors — and makes the case for what must change beyond 2026 to realise genuine transformation.

Despite years of Grand Bargain commitments, multiple evaluations have documented that localisation has remained largely superficial: funding flows to local actors have not significantly increased, local organisations remain excluded from key decision-making forums, and international actors continue to dominate coordination and programming in most humanitarian contexts. 

The paper reviews the evidence on where localisation has and has not progressed, identifies the structural barriers within the international humanitarian system that have prevented more fundamental change, and proposes a more ambitious and transformative agenda for advancing localisation beyond 2026 — including changes to funding modalities, risk management, accountability frameworks, and the power dynamics embedded in coordination structures. It has direct implications for how the HDP nexus is implemented, given the nexus framework's emphasis on supporting national and local capacities.",Report,,"Humanitarian,Development","Governance,Resilience","8. Programming: National and local capacities,9. Programming: Learning and evidence",IASC,IASC,2025,English,https://interagencystandingcommittee.org/sites/default/files/2024-09/Beyond%202026_Final.pdf,,Localisation – An Unfinished Agenda Beyond 2026.webp,Localisation – An Unfinished Agenda Beyond 2026.pdf
Localisation Across the Humanitarian- Development-Peace Nexus,"The journal article explores the concept of localisation across the Humanitarian-Development-Peace Nexus, spotlighting its importance in responding to conflicts, particularly in the Arab region. It traces the historical discourse surrounding localisation within humanitarian aid, development, and peace efforts, emphasizing the need for integrative approaches to resolve conflicts. Challenges such as defining and valuing local capacities and maintaining political will are central to effective localisation. 

The article critiques top-down, Northern-driven aid systems, highlighting the capacity and role of local actors in crisis response. The Triple Nexus aims to harmonize humanitarian, developmental, and peace initiatives, but faces skepticism over securitisation and resource competition. The piece advocates a nuanced understanding of local realities, arguing that international donors must empower local actors without paternalism, using a pragmatic and transdisciplinary approach to build a sustainable conflict response ecosystem. It underscores local context knowledge, drawing lessons from conflicts in places like Iraq and Syria, and addresses the politics around global-local dynamics, calling for a rethink of localisation practice to improve multi-scalar conflict governance.",Journal Article,"Afghanistan,Burundi,Democratic Republic of the Congo,Iraq","Development,Humanitarian,Peace","Protection,Peace & Security,Displacement & Migration,Governance,Resilience","4. Programming: Prioritising prevention,8. Programming: National and local capacities,3. Coordination: Political engagement","Arab Centre for Research and Policy Studies (ACRPS), Doha Institute for Graduate Studies","Sansom Milton, Sultan Barakat",2020,English,https://doi.org/10.1177/1542316620922805,,Localisation Across the Humanitarian- Development-Peace Nexus.webp,Localisation Across the Humanitarian- Development-Peace Nexus.pdf
Localisation and the HDP Nexus: Empowering Local Organisations to Support the HDP Nexus Approach,"This research partnership between Columbia SIPA and the UNDP Nexus Academy, with collaboration from the Network for Empowered Aid Response, addresses a critical knowledge gap in humanitarian, development, and peace programming: how localized organizations understand, operationalize, and experience Humanitarian-Development-Peace (HDP) Nexus approaches, and what support they need to lead Nexus programming at scale. The core research question asks: How can local-most aid organizations prepare to step up and replace international aid organizations in supporting vulnerable populations through HDP Nexus interventions? This question emerges from a moment of convergence of crises and opportunities, where overlapping and prolonged crises demand integrated responses, resource constraints force efficiency, and growing recognition that local actors possess comparative advantages international organizations cannot replicate: community trust, contextual knowledge, adaptive capacity, cost-effectiveness, and sustained presence before, during, and after disaster.

This report examines five countries purposefully selected to represent diverse combinations of civil society strength and government consolidation: Türkiye, Colombia, Afghanistan, Myanmar, and Syria. This typology enables comparative analysis of how different governance arrangements, civic space restrictions, and conflict dynamics affect local organizations’ capacity to implement Nexus approaches. Research (November 2025 to April 2026) employed mixed methods including desk research, literature review, stakeholder analysis, interviews with stakeholders across country contents, and data analysis of funding streams. Key stakeholders engaged included local and national civil society organizations (large national NGOs, refugee-led organizations, community-based groups), international organizations (UN agencies and INGOs), and academic/research institutions.",Thesis,"Afghanistan,Myanmar,Syria,Türkiye,Colombia","Humanitarian,Development,Peace",Localisation,"2. Coordination: Empowered leadership,5. Programming: People at the centre,8. Programming: National and local capacities",Columbia SIPA,"Ani Gonzalez Ward, Kiara Breka, Mira Holzmann, Miriam Yousaf, Rahmat Mangal, Qianwei Wang",2026,English,https://www.sipa.columbia.edu/sipa-education/capstone-workshops/localization-and-humanitariandevelopmentpeace-nexus-empowering,,Localisation and the HDP Nexus Empowering Local Organisations to Support the HDP Nexus Approach.webp,Localisation and the HDP Nexus Empowering Local Organisations to Support the HDP Nexus Approach.pdf
Localising Aid: Is it worth the risk?,"This paper explores the risks associated with localizing aid by transferring aid to local actors rather than international ones, challenging the perception that local aid is inherently riskier. It outlines a framework for donors to assess risks involved in aid localization using categories such as contextual, programmatic, institutional, and fiduciary risks.

By examining the case of Afghanistan, it demonstrates that local aid may offer lower programmatic, contextual, and institutional risks although carries slightly higher fiduciary risks, especially after applying mitigation measures. Strategies for risk management include better coordination with local political systems and understanding patronage networks to tackle corruption.

The paper emphasizes the importance of tailoring aid instruments to specific country contexts and fostering donor-recipient relations to ensure aid effectiveness, suggesting ways to balance strategic goals with risk management approaches.",Report,"Afghanistan,Guatemala","Development,Humanitarian","Governance,Protection,Disaster Risk Reduction","7. Programming: Align with risk environment,8. Programming: National and local capacities,3. Coordination: Political engagement,10. Financing: Develop evidence-based strategies","Centre for Aid & Public Expenditure, ODI, USAID","Alastair McKechnie, Fiona Davies",2013,English,https://cdn.odi.org/media/documents/8456.pdf,,Localising Aid Is it worth the risk.webp,Localising Aid Is it worth the risk.pdf
Localization Through Coordination? Implementing the Humanitarian‐Development‐Peace Nexus in the Democratic Republic of the Congo,"This academic study, based on research from Radboud University, examines the relationship between coordination structures and localisation within the humanitarian-development-peace nexus, asking whether and how the nexus's new coordination architectures create genuine space for local actor leadership.

The nexus has prompted significant investment in new or redesigned coordination mechanisms — HDP steering committees, collective outcome working groups, joint analysis platforms — with the explicit goal of bringing humanitarian, development and peace actors together. But these mechanisms have primarily served international actors, replicating existing power imbalances within a new institutional frame.

The study examines specific country contexts to assess whether nexus coordination has enabled or constrained local actor participation and leadership, drawing on fieldwork and stakeholder interviews to understand the lived experience of local actors navigating international nexus coordination. It contributes to both the academic literature on coordination and to the policy debate on how to design nexus coordination mechanisms that genuinely advance localisation rather than institutionalising international dominance in new forms.",Article,Democratic Republic of the Congo,"Humanitarian,Development,Peace","Governance,Peace & Security","8. Programming: National and local capacities,2. Coordination: Empowered leadership",Radboud University,N/A,2025,English,https://repository.ubn.ru.nl/bitstream/handle/2066/319597/319597.pdf?sequence=1&isAllowed=y,,Localization Through Coordination Implementing the Humanitarian‐Development‐Peace Nexus in the Democratic Republic of the Congo.webp,Localization Through Coordination Implementing the Humanitarian‐Development‐Peace Nexus in the Democratic Republic of the Congo.pdf
"Localizing The Triple Nexus: A Policy Research on the Humanitarian, Development, and Peace Nexus in nine contexts","This comprehensive report delves into the Triple Nexus of humanitarian, development, and peace actions across nine different countries, illustrating how each nation uniquely navigates and implements these interconnected frameworks in the face of varied conflicts and social challenges.

Key studies highlight the geopolitical constraints affecting the delivery and impact of international aid, such as the European Union's strategies in Syria and the necessity for development actions in the Lake Chad region amidst the Boko Haram conflict. Bangladesh's situation underscores the complexities of refugee-host dynamics and the need for integrated peacebuilding approaches, while Cameroon exemplifies the limitations of militaristic responses to extremism. Mozambique's struggles with natural disasters and insurgencies reveal gaps in regional peace strategies, building an urgent case for the SADC to enhance its intervention mechanisms. 

Afghanistan's educational projects funded by the World Bank demonstrate strides towards sustainable development amid ongoing conflict, juxtaposed against Mali's grassroots gender-focused strategies that demand broader international financial support. Guatemala's fragile state is assessed through its insufficient adaptation to collective aid strategies, and the Philippines faces critical challenges in balancing development projects with indigenous rights and environmental sustainability.

Each case provides insights into the nuanced application of the Triple Nexus, urging a global dialogue on its principles to foster equitable and effective conflict resolution and development strategies.",Report,"Afghanistan,Bangladesh,Cameroon,Guatemala,Syria,Mozambique,Mali,Chad,Philippines","Development,Humanitarian,Peace","Environment,Economic Development,Governance,Peace & Security,Protection,Displacement & Migration","7. Programming: Align with risk environment,8. Programming: National and local capacities,1. Coordination: Joint analysis,10. Financing: Develop evidence-based strategies","CSO Partnership for Development Effectiveness, Indigenous Peoples Movement for Self-Determination & Liberation, Reality of Aid -- Asia Pacific","CSO Partnership for Development Effectiveness, Indigenous Peoples Movement for Self-Determination & Liberation, Reality of Aid -- Asia Pacific",2021,English,https://realityofaid.org/wp-content/uploads/2023/06/EN-Localizing-the-Triple-Nexus-Policy-Research-on-HDP-Nexus-in-9-Contexts.pdf,,"Localizing The Triple Nexus A Policy Research on the Humanitarian, Development, and Peace Nexus in nine contexts.webp","Localizing The Triple Nexus A Policy Research on the Humanitarian, Development, and Peace Nexus in nine contexts.pdf"
Making Sense of the Nexus: Rethinking Development Project Report,"This Norad-commissioned report examines the concept of the HDP Nexus through the lens of development cooperation, critically exploring what the nexus means for development actors and whether it represents a genuine paradigm shift or a rebranding of existing approaches.

Based on literature review, key informant interviews, and case analysis, the report traces the evolution of the nexus concept and its translation into development policy and programming. It provides a clear-eyed assessment of what the nexus requires from development actors, and offers recommendations for how development agencies can better position themselves in nexus environments without compromising their mandate or effectiveness.",Report,,"Development,Humanitarian,Peace","Governance,Resilience","9. Programming: Learning and evidence,10. Financing: Develop evidence-based strategies",Norwegian Agency for Development Cooperation (Norad),Norad,2023,English,https://www.norad.no/en/publications/2023/making-sense-of-the-nexus-rethinking-development-project-report/,,Making Sense of the Nexus Rethinking Development Project Report.webp,Making Sense of the Nexus Rethinking Development Project Report.pdf
Making the Nexus Real: Moving from Theory to Practice,"The report 'Making the Nexus Real: Moving from Theory to Practice' examines the Humanitarian-Development-Peace (HDP) Nexus concept as proposed by the UN and OECD. It analyzes the relationship and tensions between humanitarian aid, development assistance, and peacebuilding, emphasizing the need for these sectors to collaborate to address immediate needs while resolving root causes of crises.

The HDP Nexus seeks to create coherence, complementarity, and collaboration across sectors, leveraging their comparative advantages to reduce vulnerabilities and unmet needs. The report highlights programming best practices, the significance of coordination, and challenges such as the lack of conflict analysis skills, siloed funding streams, and the need for platforms facilitating joint planning and objectives.

Case studies from South Sudan and Ethiopia illustrate attempts to implement these concepts. Most notably, the addition of the peace pillar and the top-down approach of the HDP Nexus are discussed, aiming to foster unified strategies and by engaging multiple stakeholders effectively to achieve shared outcomes.",Report,"Ethiopia,South Sudan","Development,Humanitarian,Peace","Disaster Risk Reduction,Livelihoods,Governance,Resilience","5. Programming: People at the centre,2. Coordination: Empowered leadership,11. Financing: Predictable flexible multi-year","Tufts, USAID","Daniel Maxwell, Greg Gottlieb, Julia Ryan, Kinsey Spears, Merry Fitzpatrick, Samuel Polzin",2021,English,https://fic.tufts.edu/publication-item/making-the-nexus-real-moving-from-theory-to-practice/,,Making the Nexus Real Moving from Theory to Practice.webp,Making the Nexus Real Moving from Theory to Practice.pdf
Managing Expectations and Advancing Reform: A Criteria-Based Approach to the HDP Nexus,"Chapter 8 of the Global Policy triple nexus e-book and a contribution from CHA founding director Ralf Südhoff, this piece argues that the HDP nexus must be grounded in realistic, criteria-based assessment of where and when it can actually be implemented. It develops a practical framework distinguishing macro-level nexus (national political and security processes) from meso-level (area-based coordination) and micro-level (project design), and argues that much confusion stems from actors attempting macro-level nexus in contexts where only micro-level is feasible.

Südhoff draws on the German HDP Community of Practice and the view of Grand Bargain Ambassador Michael Köhler — who described the nexus landscape as still dominated by a 'Community of Theory' — to argue that rigorous, context-specific criteria must guide nexus ambitions. Timely given the USAID collapse and German humanitarian strategy shifts.",Article,,"Humanitarian,Development,Peace","Policy & Strategy,Coordination,Conflict Sensitivity","1. Coordination: Joint analysis,6. Programming: Do no harm,9. Programming: Learning and evidence",Centre for Humanitarian Action (CHA),Ralf Südhoff,2025,English,https://www.globalpolicyjournal.com/blog/30/04/2025/managing-expectations-and-advancing-reform-criteria-based-approach-hdp-nexus,,Managing Expectations and Advancing Reform A Criteria-Based Approach to the HDP Nexus.webp,Managing Expectations and Advancing Reform A Criteria-Based Approach to the HDP Nexus.pdf
Mapping Good Practice in the Implementation of Humanitarian-DevelopmentPeace Nexus Approaches Synthesis Report,"The Mapping Good Practice in the Implementation of Humanitarian-Development-Peace Nexus Approaches report offers a synthesis of the findings across 16 countries on the operationalization of the HDP nexus approaches. It highlights the collective effort by humanitarian, development, and peace actors to reduce humanitarian needs, risks, and vulnerabilities. 

The report outlines the steps taken at the country level, such as joint analysis, articulation of collective outcomes, and harmonized financing to achieve these outcomes. Challenges include the need for a unified understanding of the nexus approach and stronger stakeholder engagement. The role of peace, gender, and local actors are emphasized, showcasing initiatives like the Peacebuilding Fund contributions and gender-sensitive actions. 

Recommendations include further support from IASC in building nexus capacity and involving local actors to enhance understanding and implementation at the subnational level.",Report,"Afghanistan,Burkina Faso,Burundi,Cameroon,Central African Republic,Colombia,Democratic Republic of the Congo,Haiti,Iraq","Development,Humanitarian,Peace","Gender,Peace & Security,Protection,Social Cohesion,Governance,Resilience","5. Programming: People at the centre,8. Programming: National and local capacities,1. Coordination: Joint analysis,2. Coordination: Empowered leadership,11. Financing: Predictable flexible multi-year",Inter-Agency Standing Committee (IASC),Inter-Agency Standing Committee (IASC),2021,English,https://www.un.org/peacebuilding/sites/www.un.org.peacebuilding/files/documents/iasc.rg4_.nexus_mapping.synthesis_report.211022.pdf,,Mapping Good Practice in the Implementation of Humanitarian Development.webp,Mapping Good Practice in the Implementation of Humanitarian-DevelopmentPeace Nexus Approaches Synthesis Report.pdf
Mauritania: HDPN Progress Snapshot 2018,"IASC country snapshot documenting the state of humanitarian-development-peace nexus operationalisation in Mauritania in 2018. Part of the IASC Task Team's series of country snapshots produced between 2018 and 2019, it provides an early baseline assessment of nexus progress in a country that hosts refugees from Mali, faces significant development challenges, and sits at the crossroads of Sahel crisis dynamics. Covers the coordination architecture, collective outcomes, and the enabling and constraining factors for nexus implementation at the time of publication.",Case Study,Mauritania,"Humanitarian,Development,Peace","Coordination,Policy & Strategy","1. Coordination: Joint analysis,2. Coordination: Empowered leadership",IASC,IASC,2018,English,https://reliefweb.int/report/mauritania/mauritania-hdpn-progress-snapshot,,Mauritania HDPN Progress Snapshot 2018.webp,FINAL_MAU_Nexus Progress Snapshot v1.pdf
"Mind the gap! UNHCR, humanitarian assistance and the development process","This paper assesses UNHCR's evolving role in bridging humanitarian assistance and development. It reviews historical approaches from the refugee aid and development initiatives of the 1970s-80s, which aimed at promoting self-sufficiency and sustainable development in refugee-hosting areas, to the 'returnee aid and development' strategy of the 1990s, focused on reintegration of repatriated populations.

The paper highlights challenges such as the funding gaps, the unclear objectives of development strategies, and difficulties in inter-agency coordination. It explores the Brookings process initiated in the late 1990s to address post-conflict reconstruction.

Critiques assert the need for UNHCR to avoid overextension into development tasks, suggesting instead that it should focus on its core strengths in protection and immediate assistance while collaborating with development agencies. Future efforts may benefit from considering the developmental impact on refugee-hosting areas alongside repatriation strategies.",Policy Paper,"Afghanistan,Ethiopia,Bosnia and Herzegovina","Development,Humanitarian","Health,Recovery,Social Cohesion,Protection,Economic Development,Displacement & Migration,Governance,Resilience","7. Programming: Align with risk environment,8. Programming: National and local capacities,10. Financing: Develop evidence-based strategies,11. Financing: Predictable flexible multi-year",UNHCR,Jeff Crisp,2001,English,https://www.unhcr.org/media/mind-gap-unhcr-humanitarian-assistance-and-development-process-jeff-crisp,,"Mind the gap! UNHCR, humanitarian assistance and the development process.webp","Mind the gap! UNHCR, humanitarian assistance and the development process.pdf"
Missing in (Climate) Action? Displaced Communities and the Search for Durable Solutions,"Focuses on the nexus of climate change, loss and damage, and displacement, featuring grassroots solutions for internally displaced persons (IDPs) left out of national frameworks. Usefulness/New Knowledge: Shines a light on the 'loss and damage' financing debate from a strict Nexus perspective, giving voice to marginalized IDPs in climate finance discussions.",Report,Bangladesh,"Humanitarian,Development","Displacement & Migration,Climate","5. Programming: People at the centre,7. Programming: Align with risk environment",Researching Internal Displacement,"Steven Miron, Tanjib Islam",2025,English,https://www.bosch-stiftung.de/en/publication/missing-climate-action-displaced-communities-and-search-durable-solutions,,Missing in (Climate) Action Displaced Communities and the Search for Durable Solutions.webp,Missing in (Climate) Action Displaced Communities and the Search for Durable Solutions.pdf
Moving Beyond the Emergency: A Whole of Society Approach to the Refugee Response in Bangladesh,"The document discusses the necessity of a medium-term response plan for the Rohingya refugee crisis in Bangladesh, particularly in Cox's Bazar. Bangladesh hosts over one million Rohingya refugees, and the crisis is increasingly protracted with no immediate prospect of repatriation.

The document highlights inefficiencies of the current short-term humanitarian response, focusing solely on basic aid without addressing complex needs such as food security, health, and social cohesion. It recommends a 'whole of society' approach to improve outcomes for both refugees and host communities by enhancing self-reliance through access to work and education. Challenges include restrictive policies and inadequate financing.

The document advocates for an inclusive plan coordinated by stakeholders, supported by multiyear financing and policy reforms to strengthen local infrastructure and improve economic opportunities, aimed at building long-term sustainable outcomes for all affected populations.",Guide,Bangladesh,"Development,Humanitarian","Education,Livelihoods,Economic Development,Food Security & Nutrition,Displacement & Migration,Governance,Resilience","4. Programming: Prioritising prevention,8. Programming: National and local capacities,3. Coordination: Political engagement,11. Financing: Predictable flexible multi-year","Centre for Global Development, International Rescue Committee","Cindy Huang, Lauren Post, Rachel Landry",2019,English,https://www.cgdev.org/publication/moving-beyond-emergency-whole-society-approach-refugee-response-bangladesh,,Moving Beyond the Emergency A Whole of Society Approach to the Refugee Response in Bangladesh.webp,Moving Beyond the Emergency A Whole of Society Approach to the Refugee Response in Bangladesh.pdf
Moving Towards Solutions: Addressing Loss and Damage from Protracted Displacement,"A case study on localized development interventions in urban informal settlements highlighting how multi-faceted approaches can restore agency and psychosocial wellbeing for the displaced. Usefulness/New Knowledge: Pushes the Nexus agenda into the critical domain of urban informal settlements, focusing on psychological restoration as a development outcome.",Case Study,Bangladesh,"Development,Humanitarian","Displacement & Migration,Social Cohesion","5. Programming: People at the centre,8. Programming: National and local capacities",Refugee Law Initiative,"Steve Miron, Dyuti Tasnuva Rifat",2026,English,https://researchinginternaldisplacement.org/working-papers/moving-towards-solutions-addressing-loss-and-damage-from-protracted-displacement-in-bangladesh/,,Moving Towards Solutions Addressing Loss and Damage from Protracted Displacement.webp,Miron-et-al-Moving-Towards-Solutions.pdf
Multi-Sectoral Approaches to Enhancing Food Security and Nutrition,"The guide on multi-sectoral approaches to enhancing food security and nutrition presents a compendium of activities that integrate humanitarian, development, and peace actions. It covers critical areas including food assistance, nutrition, health, water supply, sanitation, hygiene, climate change adaptation, institutional capacity building, education, and conflict prevention. 

The guide provides extensive strategies for improving access to essential resources, enhancing emergency preparedness, supporting livelihoods, promoting diverse food supply chains, and fostering social cohesion and peace. Activities include innovative solutions such as school feeding programs, cash transfers, agricultural insurance facilitation, deworming, and nutrition education. 

The document emphasizes harmonizing approaches across multiple sectors to effectively tackle food crises, enhance resilience, and foster sustainable development through improved governance, community engagement, and building local capacities.",Guide,Chad,"Development,Humanitarian,Peace","Climate,Education,Environment,Gender,Health,Protection,Peace & Security,WASH,Social Cohesion,Disaster Risk Reduction,Economic Development,Livelihoods,Governance,Food Security & Nutrition,Resilience","9. Programming: Learning and evidence,5. Programming: People at the centre,8. Programming: National and local capacities,1. Coordination: Joint analysis,10. Financing: Develop evidence-based strategies",Global Food Security Cluster,Global Food Security Cluster,2023,English,https://fscluster.org/document/multi-sectoral-approaches-enhancing-food,,Multi-Sectoral Approaches to Enhancing Food Security and Nutrition.webp,Multi-Sectoral Approaches to Enhancing Food Security and Nutrition.pdf
Multi-Stakeholder Regional Workshop on The New Way of Working: West and Central Africa,"The report summarizes the discussions from the multi-stakeholder regional workshop on the New Way of Working (NWOW) held in Dakar, Senegal, focusing on humanitarian and developmental coordination in West and Central Africa. The NWOW aims to move from delivering aid to ending need, aligning with the 2030 Agenda for Sustainable Development.

The workshop highlighted the need for collaborative efforts among diverse stakeholders, including governments, NGOs, and UN agencies, to achieve collective outcomes that reduce vulnerability and risk. Emphasis was placed on the importance of government leadership, flexible financing, and joint analysis to operationalize the NWOW across different country contexts.

Challenges such as inadequate financing and lack of common understanding of NWOW principles were noted, alongside opportunities for enhancing coordination, accountability, and implementation at regional and global levels.",Event Report,"Burkina Faso,Chad","Development,Humanitarian","Environment,Protection,Social Cohesion,Disaster Risk Reduction,Governance,Economic Development,Resilience","7. Programming: Align with risk environment,5. Programming: People at the centre,4. Programming: Prioritising prevention,8. Programming: National and local capacities,10. Financing: Develop evidence-based strategies","Agenda for Humanity, OCHA, UNDP","Development Center, OECD, UNHCR",2017,English,https://agendaforhumanity.org/sites/default/files/resources/2018/Aug/NWOW-Workshop-Report-20180713.pdf,,Multi-Stakeholder Regional Workshop on The New Way of Working West and Central Africa.webp,Multi-Stakeholder Regional Workshop on The New Way of Working West and Central Africa.pdf
N4D Niger Summary Points,"This document presents summary points from N4D's (Nutrition for Development) work supporting the government of Niger in developing and operationalising a Humanitarian-Development-Peace (HDP) Nexus approach to nutrition. Niger has been at the forefront of nutrition-focused nexus approaches, building on its '3N/I3N' programme since 2012. 

This summary document captures key findings and lessons from Niger's experience integrating HDP nexus principles into national nutrition programming, including the development of a Theory of Change, approaches to moving from cyclical humanitarian nutrition programming to development-oriented prevention, and the challenge of transitioning from humanitarian to development financing in a context of protracted food insecurity and climate shocks.",Policy Brief,Niger,"Development,Humanitarian,Peace","Food Security & Nutrition,Governance,Resilience","4. Programming: Prioritising prevention,8. Programming: National and local capacities,9. Programming: Learning and evidence,10. Financing: Develop evidence-based strategies,11. Financing: Predictable flexible multi-year",N4D (Nutrition for Development),,2022,English,https://n4d.group/niger-nexus-approach/,,N4D Niger Summary Points.webp,N4D Niger Summary Points.pdf
New Way of Working,"The document 'New Way of Working' by the OCHA Policy Development and Studies Branch explores a transformative approach aimed at enhancing synergies between humanitarian aid and development efforts amidst growing crises. Highlighted by the World Humanitarian Summit and supported by numerous stakeholders, this approach emphasizes collective outcomes that align with the Sustainable Development Goals to reduce needs, risks, and vulnerabilities. It advocates for multi-year collaboration among diverse actors, including NGOs, governments, and the private sector and calls for strengthened local capacities.

The report underscores the importance of coordinated analysis, planning, leadership, and financing to achieve substantial progress in crisis management and social resilience, specifically addressing protracted displacement challenges. Ultimately, the New Way of Working seeks to ensure that vulnerable communities can access development progress and sustainable solutions to crises.",Report,,"Development,Humanitarian","Health,Food Security & Nutrition,Economic Development,Displacement & Migration,Governance,Resilience","8. Programming: National and local capacities,2. Coordination: Empowered leadership,11. Financing: Predictable flexible multi-year",OCHA,OCHA,2017,English,https://reliefweb.int/report/world/new-way-working,,New Way of Working.webp,New Way of Working.pdf
New Way of Working (Korean),"Korean translation of the OCHA 'New Way of Working' (NWOW) document articulating how humanitarian and development actors can work together more effectively toward collective outcomes, as championed at the 2016 World Humanitarian Summit. The NWOW calls for multi-year programming based on shared analysis, joint planning around collective outcomes, and engagement across a wider diversity of partners — establishing the operational framework that underpins the HDP Nexus approach.",Report,,"Development,Humanitarian","Governance,Resilience","1. Coordination: Joint analysis,2. Coordination: Empowered leadership,9. Programming: Learning and evidence,11. Financing: Predictable flexible multi-year",OCHA,OCHA,2017,"Korean,English",https://www.unocha.org/sites/unocha/files/NWOW%20Booklet%20low%20res.002_0.pdf,,New Way of Working (Korean).webp,New Way of Working (Korean).pdf
Nexus Approaches in Humanitarian Settings - A Guidance Note for the Protection Cluster,"This guidance note offers practical steps for implementing Nexus approaches in humanitarian settings, specifically focusing on the Protection Cluster's role. Addressing challenges like recurrent conflicts, displacement, food insecurity, and climate impacts, it advocates for holistic collaboration between humanitarian, development, peace, and protection actors. 

The guide is designed to help coordinators apply Nexus methods effectively to resolve deep-rooted protection issues and vulnerabilities. It emphasizes the importance of a locally-driven, area-based approach and the engagement of various stakeholders, including affected communities. 

The document outlines strategies for collaboration, planning, financing, and measuring progress, stressing the importance of shared goals and maintaining protection spaces. While promoting Nexus approaches, it recognizes that they may not be feasible in every context, such as areas with acute conflict dynamics. Ultimately, the aim is to empower protection actors to adapt Nexus methods to reduce risks, promote peace, and uphold human rights within affected communities.",Guide,Ethiopia,"Development,Humanitarian,Peace","Protection,Food Security & Nutrition,Displacement & Migration,Governance,Resilience","7. Programming: Align with risk environment,4. Programming: Prioritising prevention,8. Programming: National and local capacities,3. Coordination: Political engagement,11. Financing: Predictable flexible multi-year",Global Protection Cluster,Global Protection Cluster,2023,"English,Arabic,French,Spanish",https://globalprotectioncluster.org/publications/811/policy-and-guidance/guidelines/nexus-approaches-humanitarian-settings-guidance,,Nexus Approaches in Humanitarian Settings - A Guidance Note for the Protection Cluster.webp,[EN] Nexus Approaches in Humanitarian Settings - A Guidance Note for the Protection Cluster.pdf
Nexus Concept - The Politics and Everyday Practice of International Humanitarianism,"This book chapter 16, (page 281) by Miriam Bradley, published in 'The Politics and Everyday Practice of International Humanitarianism', provides a conceptual analysis of the 'nexus' as a framing device in humanitarian and development policy.

The chapter traces the intellectual and political history of nexus thinking — from early linking relief, rehabilitation and development (LRRD) debates through to the contemporary HDP triple nexus — and critically examines the assumptions, contradictions, and power dynamics embedded in nexus frameworks. It provides an accessible conceptual grounding for understanding what the nexus is, where it came from, and what it means in practice for international aid.",Book / Book Chapter,,"Development,Humanitarian,Peace","Governance,Resilience,Peace & Security",9. Programming: Learning and evidence,,Miriam Bradley,2023,English,https://library.oapen.org/bitstream/handle/20.500.12657/94674/1/9780192577184_WEB%20%281%29.pdf,,Nexus Concept - The Politics and Everyday Practice of International Humanitarianism.webp,Nexus Concept - The Politics and Everyday Practice of International Humanitarianism.pdf
Nexus Funding Facility call for proposals Stage 1,"A regional, multi-donor funding call administered by UNDP to operationalize the HDP Nexus in the Lake Chad Basin. It outlines how catalytic, flexible, and multi-year financing can bridge urgent humanitarian needs with underlying drivers of conflict. Usefulness/New Knowledge: Provides a live 2025 blueprint of a regional financing facility, showing how pooled funds can bypass traditional silos to address transboundary crises directly.",Guide,"Chad,Cameroon","Humanitarian,Development,Peace","Governance,Peace & Security,Resilience","11. Financing: Predictable flexible multi-year,10. Financing: Develop evidence-based strategies",UNDP,,2025,English,https://www.undp.org/africa/waca/publications/call-proposals-stage-1-nexus-funding-facility,,Nexus Funding Facility call for proposals Stage 1.webp,Nexus Funding Facility call for proposals Stage 1.pdf
Nexus Response Mechanism Programme Strategy 2020-2023,"This document outlines the programme strategy for the Nexus Response Mechanism (NRM) for the period 2020-2023. The NRM is a multi-donor pooled fund mechanism designed to bridge humanitarian and development financing to support coherent HDP Nexus programming. 

The strategy defines the NRM's objectives, geographic scope, thematic priorities, operational modalities and governance arrangements. It describes how the mechanism is designed to support integrated programming across humanitarian, development and peace pillars, providing flexible funding that can respond to the needs of crisis-affected populations while investing in longer-term development and resilience-building activities. The strategy includes lessons from earlier phases and commitments for improving coordination with national systems.",Strategy,,"Development,Humanitarian,Peace","Governance,Resilience","1. Coordination: Joint analysis,2. Coordination: Empowered leadership,4. Programming: Prioritising prevention,5. Programming: People at the centre,8. Programming: National and local capacities,9. Programming: Learning and evidence,10. Financing: Develop evidence-based strategies,11. Financing: Predictable flexible multi-year",,,2020,English,https://www.nexusresponsemechanism.org/wp-content/uploads/2021/08/NRM-Programme-Strategy-2020-2023.pdf,,Nexus Response Mechanism Programme Strategy 2020-2023.webp,Nexus Response Mechanism Programme Strategy 2020-2023.pdf
NGO Perspectives On The EU's Humanitarian - Development - Peace Nexus,"This report explores NGO perspectives on the European Union's Humanitarian-Development-Peace Nexus approach, highlighting challenges and opportunities. It examines the evolution from traditional humanitarian aid into integrated nexus frameworks that address protracted crises through comprehensive humanitarian, development, and peacebuilding interventions.

The study identifies barriers to implementation, such as differing donor priorities, lack of coordination, and institutional constraints, while also highlighting enablers like flexible, multi-year funding, joint context analysis, and the involvement of local actors. Examples from various NGOs are presented, illustrating successful nexus programming in diverse contexts. Recommendations emphasize maintaining humanitarian principles, enhancing NGO engagement, adapting financial tools, and ensuring continuous learning to effectively implement nexus strategies across different regions.",Report,"Chad,Democratic Republic of the Congo","Development,Humanitarian,Peace","Education,Gender,Disaster Risk Reduction,Livelihoods,Protection,Social Cohesion,Displacement & Migration,Governance,Resilience","7. Programming: Align with risk environment,8. Programming: National and local capacities,1. Coordination: Joint analysis,11. Financing: Predictable flexible multi-year",VOICE,"Manisha Thomas, VOICE",2019,English,https://voiceeu.org/news/voice-report-ngos-perspectives-on-the-eu-s-humanitarian-development-peace-nexus,,NGO Perspectives On The EU's Humanitarian - Development - Peace Nexus.webp,NGO Perspectives On The EU's Humanitarian - Development - Peace Nexus.pdf
"Nutrition-centric Humanitarian, Development and Peace Triple Nexus (NC-HDPTN) in Ethiopia","The report investigates the Nutrition-centric Humanitarian, Development, and Peace Triple Nexus (NC-HDPTN) approach in Ethiopia, aiming to integrate nutrition-related interventions across sectors to address malnutrition and food insecurity in conflict-affected and fragile contexts. It discusses the potential implementation of NC-HDPTN in Ethiopia, given the humanitarian, development, and peace challenges observed, and highlights the alignment and integration needs of existing policies with global recommendations. The report emphasizes the importance of coordination among stakeholders, joint assessment of the local context, formulation of collective outcomes, and harmonizing resources. It identifies key stakeholders including government, donors, UN agencies, NGOs, and the community, and explores their decision-influencing power for implementing NC-HDPTN. Challenges and lessons from global experiences underscore the need for better funding mechanisms, localized approaches, and flexible monitoring frameworks to support the initiative effectively.",Report,Ethiopia,"Development,Humanitarian,Peace","Gender,Peace & Security,Recovery,Food Security & Nutrition,Social Cohesion,Governance,Resilience","8. Programming: National and local capacities,2. Coordination: Empowered leadership,11. Financing: Predictable flexible multi-year","Action Against Hunger, Ethiopia Ministry of Health, SANKOFA","Action Against Hunger, Ethiopia Ministry of Health, SANKOFA",2023,English,https://n4d.group/wp-content/uploads/2024/10/Ethiopia_Situational-Analysis-Report-on-NC-HDPTN.pdf,,"Nutrition-centric Humanitarian, Development and Peace Triple Nexus (NC-HDPTN) in Ethiopia.webp","Nutrition-centric Humanitarian, Development and Peace Triple Nexus (NC-HDPTN) in Ethiopia.pdf"
OECD DAC INCAF Common Position on Addressing Forced Displacement with a Comprehensive Humanitarian-Development-Peace Nexus Approach,"Common position adopted in November 2023 by the OECD Development Assistance Committee's International Network on Conflict and Fragility (INCAF), contextualising the 2019 DAC Recommendation on the HDP Nexus specifically for forced displacement situations. 

Announced as a multi-stakeholder pledge to the Global Compact on Refugees at the 2023 Global Refugee Forum, it sets out three engagement areas for development cooperation in refugee, internal displacement and statelessness situations in low- and middle-income countries: (1) early engagement of development, peace and climate action alongside humanitarian aid in new displacement situations; (2) inclusion of displaced persons and stateless people in national development plans and systems; and (3) comprehensive finance to support affected host countries. Reaffirms that the 2019 DAC Recommendation always requires peace and conflict-sensitive approaches, and development approaches wherever possible, in forced displacement contexts.",Policy Paper,,"Humanitarian,Development,Peace","Displacement & Migration,Financing,Coordination,Policy & Strategy","4. Programming: Prioritising prevention,5. Programming: People at the centre,10. Financing: Develop evidence-based strategies,11. Financing: Predictable flexible multi-year",OECD DAC INCAF,OECD DAC INCAF,2023,English,https://www.oecd.org/content/dam/oecd/en/networks/dac-international-network-on-conflict-and-fragility-incaf/DAC-INCAF-common-position-forced-displacement.pdf,,OECD DAC INCAF Common Position on Addressing Forced Displacement with a Comprehensive Humanitarian-Development-Peace Nexus Approach.webp,OECD DAC INCAF Common Position on Addressing Forced Displacement with a Comprehensive Humanitarian-Development-Peace Nexus Approach.pdf
Operational Guide: Nutrition Centric Humanitarian Development and Peace Triple Nexus in Ethiopia,"This Operational Guide introduces the Nutrition Centric-Humanitarian, Development, and Peace Triple Nexus (NC-HDPTN) approach to address the fragmented implementation of HDP interventions in Ethiopia. It emphasizes the integration of interventions across the HDP sectors, focusing on improving nutrition outcomes, building resilience, and fostering peaceful coexistence.

The guide provides frameworks and strategies to implement NC-HDPTN through coordinated actions among government, donors, UN agencies, NGOs, and local communities. It proposes a theory of change, identifies key challenges, and outlines a structured NC-HDPTN governance and coordination system across all levels. It includes guidelines for joint context assessment, situation analysis, financing mechanisms, and sustainable implementation plans. 

The approach aims to address the underlying causes of malnutrition, enhance system resilience, and promote peace, thereby contributing to sustainable national development. It highlights the importance of local solutions and emphasizes the role of gender, social inclusion, and participation of persons with disability in the program design.",Guide,Ethiopia,"Development,Humanitarian,Peace","Climate,Health,Food Security & Nutrition,Governance,Resilience","7. Programming: Align with risk environment,5. Programming: People at the centre,8. Programming: National and local capacities,11. Financing: Predictable flexible multi-year","Ethiopia Ministry of Health, Ethiopian Disaster Risk Management Commision","Ethiopia Ministry of Health, Ethiopian Disaster Risk Management Commision",2024,English,https://n4d.group/wp-content/uploads/2024/10/Operational-Guide-for-Nutrition-Centric-Humanitarian-Development-and-Peace-Triple-Nexus-in-Ethiopia.pdf,,Operational Guide Nutrition Centric Humanitarian Development and Peace Triple Nexus in Ethiopia.webp,Operational Guide Nutrition Centric Humanitarian Development and Peace Triple Nexus in Ethiopia.pdf
Operationalising a HDP Nexus Approach through Conflict-Sensitive Programming: An Example from a Multi-Country Children and Armed Conflict Programme,"This Global Policy article (February 2025) analyses how Plan International operationalised the HDP nexus through a multi-country Children and Armed Conflict (CAAC) programme in three protracted crisis contexts. It examines how the programme moved beyond a humanitarian-only vision through a full-spectrum approach working simultaneously on humanitarian, development, and peacebuilding dimensions — including conflict sensitivity, children's rights, social cohesion, and contributions to 'little p' peace.

The article discusses the relationship between conflict sensitivity and the HDP nexus, arguing that the nexus is helping revive the proactive side of conflict sensitivity beyond 'do no harm'. Comparative insights from Plan International's programming offer lessons for child-rights organisations navigating the nexus in protracted crisis settings.",Article,,"Humanitarian,Development,Peace","Conflict Sensitivity,Peace & Security,Coordination","6. Programming: Do no harm,9. Programming: Learning and evidence",Plan International,Plan International,2025,English,https://www.globalpolicyjournal.com/blog/20/02/2025/operationalising-hdp-nexus-approach-through-conflict-sensitive-programming-example,,Operationalising a HDP Nexus Approach through Conflict-Sensitive Programming An Example from a Multi-Country Children and Armed Conflict Programme.webp,Operationalising a HDP Nexus Approach through Conflict-Sensitive Programming An Example from a Multi-Country Children and Armed Conflict Programme.pdf
"Operationalising the HDP Nexus in WFP Western Africa, Case Study: Cameroon","The report presents a case study of the World Food Programme's (WFP) efforts to operationalize the Humanitarian-Development-Peace (HDP) Nexus in Cameroon. It explores the challenges posed by concurrent crises in the region, the worsening food security due to climate change, and conflict-related displacement.

The document details WFP\'s strategies, such as collaborating with other organizations, improving social cohesion, and enhancing community resilience through integrated programs. Despite facing funding constraints, WFP's approach involves advancing conflict-sensitive programming and fostering peace outcomes, aligning with national policies, and leveraging partnerships and projects like the Emergency Food Security Response Project. 

The report highlights key opportunities for implementing HDP Nexus across the nexus, including enhancing local production, strengthening social protection systems, promoting unity in conflict zones, and mobilizing resources for efficient humanitarian assistance.",Report,"Cameroon,Central African Republic,Chad","Development,Humanitarian,Peace","Climate,Food Security & Nutrition,Social Cohesion,Economic Development,Displacement & Migration,Governance,Resilience","5. Programming: People at the centre,1. Coordination: Joint analysis,11. Financing: Predictable flexible multi-year",WFP,WFP,2023,English,https://docs.wfp.org/api/documents/WFP-0000158157/download/?_ga=2.190805547.1492620971.1713429688-751064505.1659543512,,"Operationalising the HDP Nexus in WFP Western Africa, Case Study Cameroon.webp","Operationalising the HDP Nexus in WFP Western Africa, Case Study Cameroon.pdf"
Operationalising the HDP Nexus in WFP Western Africa: Case Study: Burkina Faso,"This WFP case study (2023), part of the WFP Western Africa HDP Nexus learning series, documents nexus emergent and good practices from Burkina Faso — one of the worst humanitarian crises in West Africa, driven by jihadist insurgency, forced displacement, and food insecurity. 

Based on interviews in Ouagadougou with WFP staff and external nexus stakeholders, and virtual sub-office focus groups, it captures WFP Burkina Faso's approach to complementary, agile HDP nexus programming in a context of severe access constraints and rapidly deteriorating security. Relevant alongside the multi-year Burkina Faso nexus programme with the Korean Green Growth Institute (KOICA) cited in the 2024 FSC nexus report.",Case Study,Burkina Faso,"Humanitarian,Development,Peace","Food Security & Nutrition,Coordination,Resilience,Conflict Sensitivity","1. Coordination: Joint analysis,7. Programming: Align with risk environment,9. Programming: Learning and evidence",WFP,WFP Regional Bureau West Africa,2023,English,https://www.wfp.org/publications/2023-operationalising-hdp-nexus-wfp-western-africa-case-study-burkina-faso,,Operationalising the HDP Nexus in WFP Western Africa Case Study Burkina Faso.webp,WFP-0000154651.pdf
Operationalising the HDP Nexus in WFP Western Africa: Case Study: Nigeria,"Part of WFP's 2024 series examining HDP nexus implementation across West Africa, this case study focuses on Nigeria — specifically the Northeast, where the Boko Haram insurgency has produced one of Africa's largest internal displacement crises.

The study examines how WFP operationalises nexus approaches in a context where humanitarian, development, and peace actors must simultaneously respond to acute food needs, support livelihoods and resilience, and contribute to social cohesion in Borno State. It documents specific examples of WFP coordination with government, development partners, and peacebuilding actors, and analyses what has and has not worked in translating nexus principles into programme reality. Nigeria is identified by the EU as one of the six priority nexus implementation countries for the Joint Humanitarian-Development Framework approach.",Case Study,Nigeria,"Humanitarian,Development,Peace","Food Security & Nutrition,Resilience,Coordination,Displacement & Migration","8. Programming: National and local capacities,9. Programming: Learning and evidence",World Food Programme (WFP),WFP Regional Bureau Dakar,2023,English,https://www.wfp.org/publications/2023-operationalising-hdp-nexus-wfp-western-africa-case-study-nigeria,,Operationalising the HDP Nexus in WFP Western Africa Case Study Nigeria.webp,WFP-0000154652.pdf
Operationalising The Next HDP Nexus in Fragile States: Insights from Myanmar,"This VOICE publication examines the challenges and lessons from operationalising the humanitarian-development-peace nexus in Myanmar, one of the world's most complex fragile state contexts following the 2021 military coup. Drawing on field experience and NGO perspectives, it analyses how humanitarian, development and peace actors have navigated the collapse of state institutions, severe access restrictions, and the securitisation of aid under military rule.

The piece identifies key barriers to nexus implementation in politically estranged settings — including the loss of development infrastructure, the de facto suspension of government partnerships, and the fundamental tensions between principled humanitarian action and longer-term development engagement — and asks what a meaningful 'next' HDP nexus approach might look like in such contexts. It contributes to the growing debate on how the nexus framework applies in politically hostile environments where standard coordination architectures have broken down.",Article,Myanmar,"Humanitarian,Development,Peace","Disaster Risk Reduction,Resilience,Peace & Security","8. Programming: National and local capacities,11. Financing: Predictable flexible multi-year","CESVI, VOICE",Amélie Tapella,2026,English,https://voiceeu.org/news/operationalising-the-next-hdp-nexus-in-fragile-states-insights-from-myanmars-nrm-expesirience-voice-out-loud-40,,Operationalising The Next HDP Nexus in Fragile States Insights from Myanmar.webp,Operationalising The Next HDP Nexus in Fragile States Insights from Myanmar.pdf
Operationalizing Collective Outcomes: Lessons Learned and Best Practices from and for Country Implementation,"This document is designed to guide country leadership on how to articulate and operationalize collective outcomes in a country in line with the New Way of Working (NWOW)2. The document summarizes lessons learned and good practices observed in several countries that have started to work towards collective outcomes. These lessons and practices have been identified through previous field missions to the seven priority countries of the of the Joint Steering Committee: Burkina Faso, Chad, Cameroon, Ethiopia, Somalia, Niger and Nigeria.

These observations stem from various regional and global workshops focused on identifying best practices with governments, donors, NGOs and all relevant stakeholders, from phone interviews with respective Resident Coordinators and UN leadership in country, and other relevant bodies advancing humanitarian-development collaboration.",Collective Outcomes,"Burkina Faso,Chad,Cameroon,Ethiopia,Somalia,Niger,Nigeria",Humanitarian,Coordination,"1. Coordination: Joint analysis,2. Coordination: Empowered leadership,3. Coordination: Political engagement",OCHA,,2019,English,https://www.unocha.org/publications/report/world/operationalizing-collective-outcomes-lessons-learned-and-best-practices-and-country-implementation,,Operationalizing Collective Outcomes Lessons Learned and Best Practices from and for Country Implementation.webp,Operationalizing Collective Outcomes Lessons Learned and Best Practices from and for Country Implementation.pdf
Operationalizing Post-Conflict Reconstruction and Development (PCRD) in Africa: Integrating Displacement within Peacebuilding Efforts,"The policy paper discusses operationalizing post-conflict reconstruction and development (PCRD) in Africa, focusing on integrating displacement within peacebuilding efforts. In Africa, characterized by significant forced displacement due to conflict and climate change, the African Union\'s PCRD Policy aims to guide countries towards sustainable peace and development. CCCPA leads initiatives to deepen understanding of displacement\'s impact on peace and security, emphasizing national ownership and comprehensive approaches. 

The document highlights the importance of integrating displacement into national development plans, addressing multifaceted risks like climate change, and promoting gender mainstreaming within PCRD efforts. Recommendations focus on fostering durable solutions through community involvement and coordination across humanitarian, development, and peacebuilding sectors, emphasizing long-term recovery and sustainable development. It also advocates for gender-sensitive approaches and measures to ensure the inclusion of forcibly displaced persons in peacebuilding and development strategies.",Policy Paper,"Cameroon,Chad,Djibouti,Egypt","Development,Humanitarian,Peace","Climate,Gender,Peace & Security,Protection,Displacement & Migration,Governance,Resilience","7. Programming: Align with risk environment,4. Programming: Prioritising prevention,8. Programming: National and local capacities,11. Financing: Predictable flexible multi-year",The Aswan Forum for Sustainable Peace and Development,"Cairo International Center for Conflict Resolution, Peacekeeping and Peacebuilding (CCCPA)",2023,English,https://www.cccpa-eg.org/publications-details/1144,,Operationalizing Post-Conflict Reconstruction and Development (PCRD) in Africa Integrating Displacement within Peacebuilding Efforts.webp,Operationalizing Post-Conflict Reconstruction and Development (PCRD) in Africa Integrating Displacement within Peacebuilding Efforts.pdf
Operationalizing the HDP Nexus in WFP Western Africa. Case Study: Chad,"This WFP case study presents findings from a 2023-2024 learning exercise by WFP's Regional Bureau in Dakar to identify HDP nexus emergent and good practices in Chad. Chad represents one of the most complex and protracted humanitarian contexts in West Africa, combining conflict-driven displacement, climate shocks, chronic food insecurity, and the regional Lake Chad Basin crisis.

The case study examines how WFP has navigated nexus programming in this environment, including how it coordinates with development and peace actors, how it sequences humanitarian and resilience activities, and what operational lessons can be drawn for future nexus design. It feeds into WFP's broader evidence-building programme on nexus approaches in Western Africa and provides country-specific insights complementary to the general WFP HDP Nexus Case Studies series.",Case Study,Chad,"Humanitarian,Development,Peace","Food Security & Nutrition,Resilience,Coordination","1. Coordination: Joint analysis,9. Programming: Learning and evidence",World Food Programme (WFP),WFP Regional Bureau Dakar,2024,English,https://www.wfp.org/publications/2024-operationalising-hdp-nexus-wfp-western-africa-case-study-chad,,Operationalizing the HDP Nexus in WFP Western Africa. Case Study Chad.webp,WFP-0000161219.pdf
Operationalizing the Humanitarian-Development-Peace Nexus in Iraq,"This UNDP country case study examines how the HDP Nexus functioned primarily as a transition mechanism in Iraq, helping shift from humanitarian response toward government-led development and peace efforts following the defeat of ISIL.

UNDP was central to this transition through its Funding Facility for Stabilization (FFS), which completed over 3,700 projects worth over USD 1 billion, creating conditions for nearly 5 million displaced Iraqis to return home. The Social Cohesion Programme supported IDP reintegration through community dialogue, dispute resolution, and livelihood support, mediating over 500 disputes. UNDP co-led the Durable Solutions Task Force with IOM and the Durable Solutions Technical Working Group.

Key lessons highlight that stabilization is essential for enabling development, that the Durable Solutions architecture is effective for HDP coordination, and that overcoming siloed financing is critical to unlocking the Nexus potential in the context of shrinking humanitarian funding.",Case Study,Iraq,"Development,Humanitarian,Peace","Displacement & Migration,Governance,Resilience,Livelihoods,Social Cohesion,Peace & Security,Economic Development","7. Programming: Align with risk environment,4. Programming: Prioritising prevention,8. Programming: National and local capacities,5. Programming: People at the centre,1. Coordination: Joint analysis,2. Coordination: Empowered leadership,3. Coordination: Political engagement,10. Financing: Develop evidence-based strategies,11. Financing: Predictable flexible multi-year",UNDP,"Barbara-Anne Krijgsman, Maxence Verpraet",2026,English,https://www.undp.org/sites/g/files/zskgke326/files/2026-02/undp-operationalizing-hdp-nexus-iraq.pdf,,Operationalizing the Humanitarian-Development-Peace Nexus in Iraq.webp,Operationalizing the Humanitarian-Development-Peace Nexus in Iraq.pdf
Operationalizing the Humanitarian-Development-Peace Nexus in Ukraine,"This UNDP country case study analyses the evolution of the HDP Nexus in Ukraine from 2014 through 2024, shaped by Russia's full-scale invasion in 2022. 

Ukraine represents a unique context where national and local authorities remained functional during active conflict, enabling early investment in recovery. UNDP championed the Nexus through co-leading the Durable Solutions Working Group with IOM and UNHCR, developing large-scale joint assessments including the Human Impact Assessment and Social Cohesion and Reconciliation Index (SCORE), and delivering recovery programming through the UN Recovery and Peacebuilding Programme, the EU4Recovery initiative, and the R4 (Reconstruction, Returns, Recovery and Reform) framework. The Green Energy Recovery Programme restored energy access for 6 million people.

Key lessons highlight that HDP coordination gains traction during active conflict when state institutions remain functional, and that without aligned financing, shared metrics, and sustained coordination, even well-resourced contexts risk fragmented responses.",Case Study,Ukraine,"Development,Humanitarian,Peace","Displacement & Migration,Governance,Resilience,Livelihoods,Social Cohesion,Economic Development,Peace & Security,Energy,Gender","7. Programming: Align with risk environment,8. Programming: National and local capacities,5. Programming: People at the centre,9. Programming: Learning and evidence,1. Coordination: Joint analysis,2. Coordination: Empowered leadership,3. Coordination: Political engagement,10. Financing: Develop evidence-based strategies,11. Financing: Predictable flexible multi-year",UNDP,"Barbara-Anne Krijgsman, Troels Mathieu Sorenson, Maxence Verpraet",2026,English,https://www.undp.org/sites/g/files/zskgke326/files/2026-02/undp-operationalizing-hdp-nexus-ukraine.pdf,,Operationalizing the Humanitarian-Development-Peace Nexus in Ukraine.webp,Operationalizing the Humanitarian-Development-Peace Nexus in Ukraine.pdf
Operationalizing the Humanitarian-Development-Peace Nexus in Yemen,"This UNDP country case study examines the operationalization of the HDP Nexus in Yemen from 2016 to 2024, a country facing severe protracted crisis marked by active conflict, large-scale displacement, institutional collapse, and widespread food insecurity. The case demonstrates how UNDP acted as a central convener, thought leader, and implementer, establishing HDP coordination platforms including the Yemen Partner Group and Yemen Partner Technical Team, co-chairing the Food Security and Livelihoods Working Group with FAO and the World Bank, and leading area-based pilots in Taiz and Lahj governorates. Key programmatic entry points include the EU-funded Enhanced Rural Resilience in Yemen (ERRY) programme supporting over 2.1 million Yemenis and the Peace Support Facility supporting mediation and social cohesion. Key lessons highlight the importance of adaptable strategies, community-led approaches, flexible Nexus-supportive financing, deliberate investment in the peace component, and gender-sensitive programming.",Case Study,Yemen,"Development,Humanitarian,Peace","Food Security & Nutrition,Resilience,Livelihoods,Governance,Social Cohesion,Peace & Security,Economic Development,Gender,Displacement & Migration","7. Programming: Align with risk environment,4. Programming: Prioritising prevention,8. Programming: National and local capacities,5. Programming: People at the centre,9. Programming: Learning and evidence,1. Coordination: Joint analysis,2. Coordination: Empowered leadership,3. Coordination: Political engagement,10. Financing: Develop evidence-based strategies,11. Financing: Predictable flexible multi-year",UNDP,"Barbara-Anne Krijgsman, Troels Mathieu Sorenson, Maxence Verpraet",2026,English,https://www.undp.org/sites/g/files/zskgke326/files/2026-02/undp-operationalizing-hdp-nexus-yemen.pdf,,Operationalizing the Humanitarian-Development-Peace Nexus in Yemen.webp,Operationalizing the Humanitarian-Development-Peace Nexus in Yemen.pdf
"Operationalizing The Humanitarian-Development-Peace Nexus Lessons From Colombia, Mali, Nigeria, Somalia And Turkey","The report by the International Organization for Migration examines the operationalization of the Humanitarian-Development-Peace Nexus (HDPN) in Colombia, Mali, Nigeria, Somalia, and Turkey. It highlights the necessity of integrated efforts between humanitarian, development, and peace actions to address complex protracted crises exacerbated by displacement, conflict, and disasters. It underscores the importance of national legal frameworks and dedicated laws in countries to build capacity for sustained crisis responses.

Key lessons include the role of peace agreements, coherent donor policies, effective coordination structures, and multi-year funding strategies as enablers of successful HDPN implementation. The report suggests that HDPN leaders need multidisciplinary acumen and political skills to navigate challenges and proposes strategic planning processes for HDPN actors, emphasizing flexible financing, better coordination, and exit strategies aligned with governance indicators.",Report,Colombia,"Development,Humanitarian,Peace","Governance,Peace & Security,Social Cohesion,Economic Development,Displacement & Migration,Resilience","11. Financing: Predictable flexible multi-year,7. Programming: Align with risk environment,3. Coordination: Political engagement",IOM,Liam Perret,2019,English,https://publications.iom.int/books/operationalizing-humanitarian-development-peace-nexus-lessons-colombia-mali-nigeria-somalia,,"Operationalizing The Humanitarian-Development-Peace Nexus Lessons From Colombia, Mali, Nigeria, Somalia And Turkey.webp","Operationalizing The Humanitarian-Development-Peace Nexus Lessons From Colombia, Mali, Nigeria, Somalia And Turkey.pdf"
"Opportunities, Challenges and Approaches to Implementing the HDP Nexus at Country Level","In Autumn 2023, the Centre for International Peace Operations (ZIF) organized a workshop series focusing on the implementation of the Humanitarian-Development-Peace (HDP) nexus at the country level.

The series aimed to facilitate the exchange of experiences among German organizations involved in humanitarian aid, development cooperation, and peace work. Key topics included coordination, localisation, peacebuilding, and financing within the HDP nexus. Participants developed concrete recommendations for operationalizing the nexus, addressed to relevant ministries like the GFFO and BMZ. These recommendations emphasized enhanced coordination between national and international actors, the role of local structures in peace efforts, improved funding mechanisms, and the need for flexibility and adaptability in crisis responses.

The report highlights the benefits of collective and collaborative approaches to addressing protracted crises and suggests the establishment of an ongoing community of practice. Challenges such as implementation constraints at the local level and the alignment of funding pools were also discussed, emphasizing the need for further dialogue and strategic engagement among stakeholders.",Event Report,,"Development,Humanitarian,Peace","Education,Livelihoods,Environment,Peace & Security,Protection,Economic Development,Governance,Resilience","7. Programming: Align with risk environment,6. Programming: Do no harm,5. Programming: People at the centre,4. Programming: Prioritising prevention,8. Programming: National and local capacities,3. Coordination: Political engagement,1. Coordination: Joint analysis,2. Coordination: Empowered leadership",ZIF (Center for International Peace Operations),ZIF (Center for International Peace Operations),2023,"English,German,French,Spanish",https://www.zif-berlin.org/en/news/271123-workshopreihe-zur-umsetzung-des-humanitarian-development-peace-nexus-auf-landerebene,,"Opportunities, Challenges and Approaches to Implementing the HDP Nexus at Country Level.webp","Opportunities, Challenges and Approaches to Implementing the HDP Nexus at Country Level.pdf"
Overcoming Fragility: Goals and Approaches for Effective Development Policy,"Position paper setting out Germany's goals and approaches for effective development policy in fragile and conflict-affected contexts. Articulates the conceptual framework guiding German engagement across the humanitarian-development-peace nexus, including how bilateral development cooperation is aligned with nexus principles, how financing mechanisms support more coherent approaches, and what lessons from German programming experience inform the country's fragility policy. One of the key donor policy statements shaping German HDP nexus engagement through bilateral and multilateral channels.",Policy Paper,,"Humanitarian,Development,Peace","Financing,Governance,Policy & Strategy","3. Coordination: Political engagement,10. Financing: Develop evidence-based strategies","BMZ (Federal Ministry for Economic Cooperation and Development, Germany)",BMZ,2024,English,https://www.bmz.de/resource/blob/233402/bmz-overcoming-fragility-goals-and-approaches-for-effective-development-policy.pdf,,Overcoming Fragility Goals and Approaches for Effective Development Policy.webp,Overcoming Fragility Goals and Approaches for Effective Development Policy.pdf
Overview of ODA to fragile contexts,"The report provides a comprehensive overview of Official Development Assistance (ODA) directed towards fragile contexts, focusing on the total volume and types of flows such as bilateral and multilateral disbursements. It identifies the top recipients of ODA, including countries facing high and extreme fragility like Bangladesh, Ethiopia, the Syrian Arab Republic, Afghanistan, and Iraq.

The distribution of ODA across the humanitarian-development-peace nexus is examined, highlighting the financial allocations through various channels like public sectors, NGOs, civil societies, and private sectors. Furthermore, the report presents an analysis of the main sectors receiving ODA in fragile regions -social infrastructure, humanitarian aid, economic infrastructure, and services, among others.

The data spans from 2002 to 2023, offering insights into trends and shifts in ODA allocations over time, facilitating better programming and resource management in contexts characterized by fragility.",Report,"Afghanistan,Bangladesh,Ethiopia,Iraq","Development,Humanitarian,Peace","Peace & Security,Disaster Risk Reduction,Economic Development,Governance","8. Programming: National and local capacities,1. Coordination: Joint analysis,10. Financing: Develop evidence-based strategies",OECD,States of Fragility,2023,English,http://www3.compareyourcountry.org/states-of-fragility/donor/0/,,Overview of ODA to fragile contexts.webp,Overview of ODA to fragile contexts.pdf
"Paradigm shift: the Humanitarian Development Nexus in Cox's Bazar District, Bangladesh","The case study explores the humanitarian-development nexus in the Cox's Bazar District of Bangladesh, focusing on challenges in Water, Sanitation, and Hygiene (WASH). Cox's Bazar is marked by low human development indicators, frequent natural disasters, and pressures from the Rohingya refugee crisis, exacerbating the district's vulnerabilities. UNICEF has implemented multi-dimensional strategies involving WASH improvement, emergency response, community engagement in sanitation practices, and women's leadership to enhance the living conditions and resilience of the host and internally displaced communities.

Key initiatives include promoting blended emergency and development programs, establishing Open Defecation-Free communities, and ensuring access to safe water and sanitation during emergencies. Despite progress, significant WASH gaps remain. The study highlights lessons learned, such as the importance of community mobilization and women\'s leadership, and suggests a need for research on disaster-resilient WASH practices to support future planning and advocacy efforts.",Case Study,Bangladesh,"Development,Humanitarian","Climate,Education,Environment,Gender,Health,Protection,Economic Development,WASH,Disaster Risk Reduction,Livelihoods,Food Security & Nutrition,Social Cohesion,Displacement & Migration,Resilience","7. Programming: Align with risk environment,5. Programming: People at the centre,8. Programming: National and local capacities,1. Coordination: Joint analysis,11. Financing: Predictable flexible multi-year",UNICEF,Z. Mamun,2022,English,https://www.susana.org/knowledge-hub/resources?id=5088,,"Paradigm shift the Humanitarian Development Nexus in Cox's Bazar District, Bangladesh.webp",3-5088-7-1666084599.pdf
Participatory Learning Exercise of HDP Coordination in South Sudan,"This document presents findings and lessons from the Participatory Review and Learning Exercise (PRLE) of selected Humanitarian-Development-Peace (HDP) Nexus initiatives in South Sudan. Conducted by the Food Security Cluster with technical support from FAO's Knowledge Platform on Emergencies and Resilience (KORE), the exercise identified good practices that effectively bring together humanitarian, development and peace actors through coordinated efforts to address drivers of food insecurity.

Key lessons address: bridging HDP nexus coordination mechanisms; common needs and context analysis; collaborative programme planning and implementation; joint Monitoring, Evaluation and Learning (MEAL) systems; and joint financing of HDP programmes. The exercise used a participatory approach giving space to diverse stakeholders, facilitating peer learning and open exchanges.",Report,South Sudan,"Development,Humanitarian,Peace","Food Security & Nutrition,Governance,Resilience,Peace & Security,Social Cohesion","1. Coordination: Joint analysis,2. Coordination: Empowered leadership,4. Programming: Prioritising prevention,5. Programming: People at the centre,7. Programming: Align with risk environment,8. Programming: National and local capacities,9. Programming: Learning and evidence,10. Financing: Develop evidence-based strategies,11. Financing: Predictable flexible multi-year","Food and Agriculture Organization (FAO), Food Security Cluster",,2023,English,https://www.fao.org/in-action/kore/good-practices/good-practices-details/en/c/1648216/,,Participatory Learning Exercise of HDP Coordination in South Sudan.webp,Participatory Learning Exercise of HDP Coordination in South Sudan.pdf
Pathways for Peace: Inclusive Approaches to Preventing Violent Conflict,"This landmark joint United Nations and World Bank report makes the case for a fundamental refocusing of the international community's attention on conflict prevention. Based on a review of cases where prevention has been successful, it argues that a scaled-up system for preventive action would save between US$5 billion and $70 billion per year. The report stresses the centrality of inclusion — from access to power, natural resources, security and justice — as the root of many violent conflicts, and recommends that development processes better interact with diplomacy, mediation, and security tools. It calls for a coherent, whole-of-government and whole-of-society approach that bridges humanitarian, development, and peace action to prevent conflicts from becoming violent.",Report,,"Development,Humanitarian,Peace","Peace & Security,Governance,Social Cohesion,Resilience,Economic Development","3. Coordination: Political engagement,4. Programming: Prioritising prevention,5. Programming: People at the centre,7. Programming: Align with risk environment,8. Programming: National and local capacities,9. Programming: Learning and evidence,10. Financing: Develop evidence-based strategies","United Nations, World Bank",,2018,English,https://www.worldbank.org/en/topic/fragilityconflictviolence/publication/pathways-for-peace-inclusive-approaches-to-preventing-violent-conflict,,Pathways for Peace Inclusive Approaches to Preventing Violent Conflict.webp,Pathways for Peace Inclusive Approaches to Preventing Violent Conflict.pdf
"PBF Project Document: Joint HDP Nexus Operationalisation in the Cascades Region, Burkina Faso (PBF/BFA/B-8)","This PBF-funded project document (2024) covers a joint UN initiative in the Cascades region of Burkina Faso designed to strengthen the resilience of displaced and host communities and build local authority capacity through the joint operationalisation of the Humanitarian-Development-Peace (HDP) nexus.

The project addresses one of Burkina Faso's fastest-growing displacement crises and uses the nexus framework to link immediate humanitarian response with longer-term stabilisation and local governance strengthening. It is a practical example of Peacebuilding Fund financing being used explicitly to catalyse HDP nexus coordination at the subnational level, with participating UN entities working under a unified collective outcome framework.",Other,Burkina Faso,"Humanitarian,Development,Peace","Financing,Coordination,Displacement & Migration,Localisation","8. Programming: National and local capacities,10. Financing: Develop evidence-based strategies,1. Coordination: Joint analysis",UN Peacebuilding Fund (PBF),PBF,2024,French,https://mptf.undp.org/project/00140926,,"PBF Project Document Joint HDP Nexus Operationalisation in the Cascades Region, Burkina Faso (PBFBFAB-8).webp","PBF Project Document Joint HDP Nexus Operationalisation in the Cascades Region, Burkina Faso (PBFBFAB-8).pdf"
Peace in the HDP Nexus — Challenges and Dilemmas,"Analyzes the specific dilemmas of integrating peace into development and humanitarian programs, including prioritization, the risk of politicization, measuring complementarity, and navigating the definitions of negative versus positive peace. Usefulness/New Knowledge: Tackles the taboo subject of aid politicization, offering frameworks for maintaining humanitarian neutrality while engaging in state-building and positive peace.",Report,Guinea-Bissau,"Peace,Humanitarian,Development","Peace & Security,Governance","1. Coordination: Joint analysis,4. Programming: Prioritising prevention",swisspeace,KOFF,2025,"English,German,French",https://koff.swisspeace.ch/apropos/5466/peace-in-the-hdp-nexus-challenges-and-dilemmas/,,Peace in the HDP Nexus — Challenges and Dilemmas.webp,Peace in the HDP Nexus — Challenges and Dilemmas.pdf
Peace in the Humanitarian-Development-Peace Nexus: Key Recommendations,"Presents policy recommendations for intentionally integrating the peacebuilding component within the HDP nexus. It calls for conflict-sensitive, locally led support that gives peacebuilding equal weight alongside humanitarian and development action. Usefulness/New Knowledge: A concise, forceful advocacy tool for 2025 designed to pressure donors into equalizing funding streams so 'Peace' isn't just an afterthought.",Policy Brief,,"Peace,Humanitarian,Development","Peace & Security,Social Cohesion","6. Programming: Do no harm,8. Programming: National and local capacities",EPLO,Lorenzo Angelini,2025,English,https://eplo.org/peace-in-the-humanitarian-development-peace-nexus-key-recommendations/,,Peace in the Humanitarian-Development-Peace Nexus Key Recommendations.webp,Peace in the Humanitarian-Development-Peace Nexus Key Recommendations.pdf
Peacebuilding and Resilience: How Society Responds to Violence,"This report examines how societies respond to violence and develop resilience in the face of conflict, drawing on research conducted in the United States context. It analyses the mechanisms through which communities, institutions and social networks build resilience to violence and support peacebuilding from the bottom up.

Key themes include: the relationship between resilience and peacebuilding; how social cohesion and community-level dynamics influence responses to violence; the role of civil society organisations and community-based approaches; and implications for programmatic support to conflict-affected populations.

The study contributes to the evidence base for conflict-sensitive programming and the 'small p' peace approaches within HDP Nexus frameworks.",Report,,"Peace,Development","Peace & Security,Social Cohesion,Resilience,Governance","4. Programming: Prioritising prevention,5. Programming: People at the centre,8. Programming: National and local capacities,9. Programming: Learning and evidence",,,2014,English,https://www.govinfo.gov/app/details/GOVPUB-Y3_P31-PURL-gpo146814,,Peacebuilding and Resilience How Society Responds to Violence.webp,Peacebuilding and Resilience How Society Responds to Violence.pdf
"Personal attitudes of individuals working in the fields of humanitarian, development and peace regarding the HDP Nexus","This thesis by Marina Muenchenbach explores the Humanitarian-Development-Peace (HDP) Nexus, detailing personal attitudes of individuals working in these fields. Through interviews with 38 professionals, the study identifies positive and negative attitudes towards the nexus, alongside operational challenges and conceptual dilemmas. Major findings include concerns about institutional resistance, conceptual vagueness, and feasibility issues, as well as the political challenges in implementing the nexus effectively. 

The thesis discusses the potential of the HDP Nexus for more holistic approaches by bridging humanitarian aid, development, and peacebuilding, although practical examples of peace work remain sparse. Recommendations include reworking the overall approach to clearly define peace elements, addressing dilemmas from different mandates, and enhancing coordination among relevant parties. Proposed operational improvements focus on better implementation modalities, financing strategies, and local stakeholder engagement to foster a sustainable and coordinated inter-agency response to crises.",Thesis,Iraq,"Development,Humanitarian,Peace","Gender,Peace & Security,Governance","8. Programming: National and local capacities,3. Coordination: Political engagement,11. Financing: Predictable flexible multi-year",Swisspeace,Marina Muenchenbach,2025,English,https://www.csrf-southsudan.org/repository/personal-attitudes-of-individuals-working-in-the-fields-of-humanitarian-development-and-peace-regarding-the-hdp-nexus/,,"Personal attitudes of individuals working in the fields of humanitarian, development and peace regarding the HDP Nexus.webp",
Plan of Action [French]: Plan d'Action de mise en oeuvre de l'approche HDP Nexus au Cameroun,Plan of Action for HDP Nexus approach in Cameroon (in French),Strategy,Cameroon,"Humanitarian,Development,Peace",,"7. Programming: Align with risk environment,6. Programming: Do no harm,5. Programming: People at the centre,4. Programming: Prioritising prevention,3. Coordination: Political engagement,2. Coordination: Empowered leadership,1. Coordination: Joint analysis,8. Programming: National and local capacities,9. Programming: Learning and evidence,10. Financing: Develop evidence-based strategies,11. Financing: Predictable flexible multi-year","Resident Coordinator’s Office, Cameroon",Theoneste Ganza,2025,French,,,,
Practical Approaches to Localisation in Peacebuilding: Kenya - [Full report],"Country report on practical localisation in peacebuilding in Kenya, drawn from regional dialogue workshops held across the country with civil society, community leaders, religious institutions, government agencies, and international organisations. Kenya has a well-developed civil society and active multi-stakeholder peacebuilding structures at county and national levels, making it a rich setting for examining what genuine locally-led peacebuilding looks like in practice.

The report covers how trust-building, power dynamics, and funding and compliance requirements shape locally-led peacebuilding, and provides concrete recommendations for international actors seeking to shift decision-making power and resources toward local peacebuilders.",Report,Kenya,Peace,"Localisation,Peace & Security,Social Cohesion","5. Programming: People at the centre,8. Programming: National and local capacities",International Alert,"Miriam Wanjiru, Naomi Mogire, Leah Kimathi",2024,English,https://www.international-alert.org/app/uploads/2024/12/FINAL-Localisation-Kenya-EN-2024.pdf,,Practical Approaches to Localisation in Peacebuilding Kenya - [Full report].webp,Practical Approaches to Localisation in Peacebuilding Kenya - [Full report].pdf
Practical Approaches to Localisation in Peacebuilding: Kenya — [Summary],"Summary of country research on localisation in peacebuilding in Kenya. Draws on dialogue workshops with local peacebuilding structures across the country, covering civil society, religious leaders, community actors, government agencies and international organisations. Sets out key findings on trust-building between international and local actors, the need to transform unequal power relationships, how rigid funding and compliance requirements burden local organisations, and what more effective international support for Kenyan peacebuilders would look like.",Policy Brief,Kenya,Peace,"Localisation,Peace & Security,Social Cohesion","5. Programming: People at the centre,8. Programming: National and local capacities",International Alert,"Miriam Wanjiru, Naomi Mogire, Leah Kimathi",2024,English,https://www.international-alert.org/app/uploads/2024/12/FINAL-Kenya-localisation-summary-EN-2024.pdf,,Practical Approaches to Localisation in Peacebuilding Kenya — [Summary].webp,Practical Approaches to Localisation in Peacebuilding Kenya — [Summary].pdf
Practical Approaches to Localisation in Peacebuilding: Lebanon — [Full Report],"Country report on practical localisation in peacebuilding in Lebanon — a context that changed dramatically during the research period. Since October 2023, escalating conflict in the south and Gaza has shifted many local organisations' focus toward humanitarian emergency response; from September 2024, war engulfed the whole country. The report examines what localisation in peacebuilding looks like when available entry points are increasingly found within humanitarian service delivery, and how trust, power dynamics and capacity constraints manifest for civil society organisations operating under active conflict. Provides guidance for international actors on sustaining support for Lebanese civil society through acute crisis while preserving longer-term peacebuilding investments.",Report,Lebanon,"Peace,Humanitarian","Localisation,Peace & Security,Social Cohesion,Conflict Sensitivity","5. Programming: People at the centre,6. Programming: Do no harm,8. Programming: National and local capacities",International Alert,"Ilina Slavova, Mohammad Chabaan, Hiba Souk",2024,English,https://www.international-alert.org/app/uploads/2024/12/FINAL-Lebanon-localisation-EN-2024.pdf,,Practical Approaches to Localisation in Peacebuilding Lebanon — [Full Report].webp,Practical Approaches to Localisation in Peacebuilding Lebanon — [Full Report].pdf
Practical Approaches to Localisation in Peacebuilding: Lebanon — [Summary],"Summary of country research on localisation in peacebuilding in Lebanon. Documents how the October 2023 conflict escalation in the south and Gaza, and the country-wide war from September 2024, reshaped local organisations' priorities and capacity — narrowing peacebuilding space and shifting entry points toward conflict-sensitive humanitarian service delivery. Identifies what meaningful international support for local peacebuilders looks like under conditions of active conflict and acute crisis.",Policy Brief,Lebanon,"Peace,Humanitarian","Localisation,Peace & Security,Conflict Sensitivity","5. Programming: People at the centre,6. Programming: Do no harm,8. Programming: National and local capacities",International Alert,"Ilina Slavova, Mohammad Chabaan, Hiba Souk",2024,English,https://www.international-alert.org/app/uploads/2024/12/FINAL-Lebanon-localisation-summary-EN-2024.pdf,,Practical Approaches to Localisation in Peacebuilding Lebanon — [Summary].webp,Practical Approaches to Localisation in Peacebuilding Lebanon — [Summary].pdf
Practical Approaches to Localisation in Peacebuilding: Rwanda — [Summary],"Summary of country research on localisation in peacebuilding in Rwanda, one of four focus countries in the 18-month Practical Approaches to Localisation in Peacebuilding project. Rwanda's active civil society and ongoing localisation discussions make it an instructive East African case. The summary covers how trust-building between international and local actors, shifting power relationships, and local capacity strengthening play out in the Rwandan peacebuilding context, drawing lessons relevant for post-conflict and transitional settings more broadly.",Policy Brief,Rwanda,Peace,"Localisation,Peace & Security,Social Cohesion","5. Programming: People at the centre,8. Programming: National and local capacities",International Alert,Dr. Ndagijimana Ibrahim,2024,English,https://www.international-alert.org/app/uploads/2024/12/2024-10-Localisation-project-Rwanda-Summary-V4-VF.pdf,,Practical Approaches to Localisation in Peacebuilding Rwanda — [Summary].webp,Practical Approaches to Localisation in Peacebuilding Rwanda — [Summary].pdf
Practical Approaches to Localisation in Peacebuilding: Syria — [Full Report],"Country report on practical localisation in peacebuilding in Syria, produced in partnership between International Alert and its Syrian partner Mobaderoon. Much of Syrian civil society operates from the diaspora, and the political context shifted significantly with the fall of the Assad regime in December 2024.

The report examines what locally-led peacebuilding means when civil society is fragmented between inside-country and diaspora actors, how different international support modalities affect local agency and legitimacy, and what entry points exist for supporting Syrian peacebuilders through a critical transition period.",Report,Syria,"Peace,Humanitarian","Localisation,Peace & Security,Social Cohesion,Displacement & Migration","5. Programming: People at the centre,6. Programming: Do no harm,8. Programming: National and local capacities","International Alert, Mobaderoon","International Alert, Mobaderoon",2024,English,https://www.international-alert.org/app/uploads/2024/12/FINAL-Localisation-Syria-EN-2024.pdf,,Practical Approaches to Localisation in Peacebuilding Syria — [Full Report].webp,Practical Approaches to Localisation in Peacebuilding Syria — [Full Report].pdf
Practical Approaches to Localisation in Peacebuilding: Syria — [Summary],"Summary of country research on localisation in peacebuilding in Syria, drawing on research by International Alert's partner Mobaderoon. Covers how Syrian civil society — largely diaspora-based — engages with localisation processes, and what locally-led peacebuilding looks like in a context of prolonged conflict and political transition. The fall of the Assad regime in December 2024 created new possibilities and risks for civil society engagement.

The summary identifies practical entry points for supporting Syrian peacebuilders and provides guidance for international actors on how to engage constructively with a fragmented civil society landscape across its inside-country and diaspora dimensions.",Policy Brief,Syria,"Peace,Humanitarian","Localisation,Peace & Security,Social Cohesion","5. Programming: People at the centre,8. Programming: National and local capacities","International Alert, Mobaderoon","International Alert, Mobaderoon",2024,English,https://www.international-alert.org/app/uploads/2024/12/FINAL-Syria-localisation-summary-EN-2024.pdf,,Practical Approaches to Localisation in Peacebuilding Syria — [Summary].webp,Practical Approaches to Localisation in Peacebuilding Syria — [Summary].pdf
Preparedness Enablers' Guide,"The Preparedness Enablers' Guide (PEG) offers a comprehensive framework for enhancing disaster preparedness through a systems-strengthening approach.

The guide is developed by the Global Logistics Cluster as part of the Field Based Preparedness Project (FBPP) and aims to advance sustainable localization by empowering local actors. It emphasizes the importance of understanding complex adaptive systems, investing in change management skills, and prioritizing localization strategies.

The guide critiques traditional capacity development methodologies, highlighting challenges such as terminological ambiguity, implementation failures, and dependency traps like isomorphic mimicry. Alternatives include recentering capacity development efforts around local actors, addressing different capacity types and levels, and focusing on institutionalization. Tools such as stakeholder mapping, and ability and readiness indexing are suggested for comprehensive context analysis and capacity assessments.

The guide concludes by outlining steps for designing, implementing, and monitoring capacity development engagements with an emphasis on sustainability and mutual learning.",Guide,Bhutan,"Development,Humanitarian","Disaster Risk Reduction,Governance,Resilience","7. Programming: Align with risk environment,8. Programming: National and local capacities,10. Financing: Develop evidence-based strategies",Logistics Cluster,"Aaron Holmes, Dominique De Bonis",2023,English,https://s3.eu-west-1.amazonaws.com/logcluster-web-prod-files/public/2023-11/Preparedness%20Enabler%27s%20Guide%20PEG%20-%20May%202023.pdf,,Preparedness Enablers' Guide.webp,Preparedness Enablers' Guide.pdf
Presentation of the report “The triple nexus in practice: challenges and proposals for Spanish cooperation”,"Recording from June 28th, 2022 of the virtual presentation of the study “The triple nexus in practice: challenges and proposals for Spanish cooperation”, developed with the support of the Spanish Agency for International Development Cooperation (AECID). The authors, Beatriz Abellán and Francisco Rey Marcos participated in this event. In the same way, the experiences of incorporation of this approach in German, Italian and Spanish cooperation were shared.",Webinar recording,,"Humanitarian,Development,Peace","Policy & Strategy,Financing,Gender,Localisation","8. Programming: National and local capacities,9. Programming: Learning and evidence,10. Financing: Develop evidence-based strategies",IECAH (Instituto de Estudios sobre Conflictos y Acción Humanitaria),IECAH,2022,English,https://iecah.org/en/now-available-presentation-of-the-report-the-triple-nexus-in-practice-challenges-and-proposals-for-spanish-cooperation/,,Presentation of the report “The triple nexus in practice challenges and proposals for Spanish cooperation”.webp,
"Preventing displacement, addressing root causes and the promise of the Global Compact on Refugees","The journal article explores the complex issues surrounding displacement, particularly focusing on preventing displacement, addressing root causes, and the potential of the Global Compact on Refugees to facilitate durable solutions.

The article stresses the importance of a holistic approach involving multiple stakeholders, including international organizations, governments, and local communities, to address drivers such as human rights violations, conflict, climate change, and governance issues. It highlights successful initiatives in the Democratic Republic of Congo and Somalia that integrate humanitarian, development, and peace-building efforts to tackle structural causes of displacement.

Additionally, it underscores the need for political reintegration of exiled individuals to mend the relationship between the State and its citizens, citing case studies in Burundi and Sudan. The article advocates for the operationalization of the humanitarian-development-peace nexus, timely preparedness and early warning systems, and leveraging international frameworks like the Global Compact on Refugees to encourage multilateral cooperation and responsibility sharing.",Article,"Burundi,Iraq","Development,Humanitarian,Peace","Environment,Governance,Peace & Security,Social Cohesion,Economic Development,Displacement & Migration,Resilience","5. Programming: People at the centre,4. Programming: Prioritising prevention,1. Coordination: Joint analysis,2. Coordination: Empowered leadership",Oxford University,Volker Türk,2019,English,https://www.fmreview.org/return/turk/,,"Preventing displacement, addressing root causes and the promise of the Global Compact on Refugees.webp","Preventing displacement, addressing root causes and the promise of the Global Compact on Refugees.pdf"
Problem Driven Iterative Adaptation (PDIA) Toolkit: A DIY Approach to Solving Complex Problems,"This practical toolkit from Harvard University's Building State Capability (BSC) programme presents the Problem Driven Iterative Adaptation (PDIA) approach — a step-by-step methodology for solving complex development challenges. Developed by Matt Andrews, Lant Pritchett, Salimah Samji and Michael Woolcock, PDIA contrasts with standard 'best practice' approaches by focusing on four core principles: solving locally nominated problems rather than transplanting pre-packaged solutions; creating authorising environments for experimentation; embedding rapid feedback loops for learning; and engaging broad sets of agents. The toolkit provides worksheets, templates and guided exercises to help practitioners break problems into root causes, identify entry points, test solutions, and adapt iteratively.",Guide,,Development,"Governance,Resilience,Economic Development","9. Programming: Learning and evidence,5. Programming: People at the centre,8. Programming: National and local capacities,7. Programming: Align with risk environment","Building State Capability (BSC), Center for International Development, Harvard University","Salimah Samji, Matt Andrews, Lant Pritchett, Michael Woolcock",2018,English,https://bsc.hks.harvard.edu/tools/,,Problem Driven Iterative Adaptation (PDIA) Toolkit A DIY Approach to Solving Complex Problems.webp,Problem Driven Iterative Adaptation (PDIA) Toolkit A DIY Approach to Solving Complex Problems.pdf
"ProDoc: Renforcement de la résilience des communautés déplacées et hôtes ainsi que des capacités des autorités locales, par l'opérationnalisation conjointe du Nexus HDP dans la région des Cascades",Joint project document following a Nexus approach. Can serve as an example and a template ofr project writing and for the Monitoring and evaluation part at the end. ,Other,Burkina Faso,"Humanitarian,Development,Peace","Peace & Security,Resilience,Social Cohesion","4. Programming: Prioritising prevention,6. Programming: Do no harm,5. Programming: People at the centre,7. Programming: Align with risk environment,8. Programming: National and local capacities,9. Programming: Learning and evidence",UN Peacebuilding,,2025,French,,,,
Programming Considerations for Humanitarian-Development-Peace Coherence: A Note for USAID's Implementing Partners,"The practical note by USAID\'s Resilience Leadership Council elaborates on Humanitarian-Development-Peace (HDP) coherence, aiming to enhance collaboration among humanitarian, development, and peace actors for a common agenda, maximizing impact and sustainability of programs. It highlights USAID\'s commitment to HDP principles, including upholding humanitarian principles, planning jointly, integrating conflict sensitivity, and strengthening local systems.

Key programming strategies involve shock-responsive planning, mutual learning platforms, and adaptive management approaches. Significantly, it acknowledges challenges such as rigid procurement processes, lack of coordination platforms, and undervaluation of local systems and multidisciplinary skillsets. The document aims to inspire USAID staff and partners with shared practices and collaboration ideas, enabling them to effectively integrate these principles in operational decision-making, with an emphasis on inclusive development and gender equality.",Guide,"Democratic Republic of the Congo,Ethiopia,Haiti,Iraq","Development,Humanitarian,Peace","Climate,Gender,Health,Food Security & Nutrition,Social Cohesion,Protection,Governance,Resilience","7. Programming: Align with risk environment,5. Programming: People at the centre,8. Programming: National and local capacities,1. Coordination: Joint analysis",USAID,USAID,2025,English,https://seedsystem.org/wp-content/uploads/2025/04/USAIDProgrammingConsiderations_HDP_Coherence.pdf,,Programming Considerations for Humanitarian-Development-Peace Coherence A Note for USAID's Implementing Partners.webp,Programming Considerations for Humanitarian-Development-Peace Coherence A Note for USAID's Implementing Partners.pdf
Programming Guide: Conflict Sensitivity and Peacebuilding,"The Programming Guide: Conflict Sensitivity and Peacebuilding by UNICEF provides field staff and leadership with guidance on integrating conflict sensitivity and peacebuilding into their programs. It emphasizes that conflict significantly impacts UNICEF's efforts and conversely, UNICEF's interventions can influence conflict dynamics. The guide promotes a systematic approach to conflict-sensitive programming to mitigate negative impacts, and peacebuilding programming to positively address root causes of conflict.

Key components include conflict analysis, program design, theories of change, and monitoring and evaluation systems. Furthermore, the guide outlines how to integrate these approaches at policy, community, and individual levels, highlighting the roles of social services sectors like education, health, and WASH in fostering social cohesion. The flexibility of the guide allows its application across different contexts, aiming to enhance capacities for transitioning out of fragility, reducing violent relapses, and achieving sustainable results for children.",Guide,"Afghanistan,Burundi,Central African Republic,Côte d'Ivoire,Democratic Republic of the Congo,Guinea,Haiti,Colombia","Humanitarian,Peace","Education,Environment,Peace & Security,Protection,Economic Development,Social Cohesion,Livelihoods,Food Security & Nutrition,Displacement & Migration,Governance,Resilience","6. Programming: Do no harm,5. Programming: People at the centre,4. Programming: Prioritising prevention,8. Programming: National and local capacities,10. Financing: Develop evidence-based strategies",UNICEF,UNICEF,2016,English,https://inee.org/sites/default/files/resources/Programming_Guide_-_Conflict_Sensitivity_and_Peacebuilding__UNICEF_Nov_2016.pdf,,Programming Guide Conflict Sensitivity and Peacebuilding.webp,Programming Guide Conflict Sensitivity and Peacebuilding.pdf
Progress achieved in Chad through the Global Food Security Cluster,"The event report outlines progress achieved in Chad through the Global Food Security Cluster (GNAFC) project. The focus of the meeting was to discuss the implementation and outcomes of the HDP Nexus coordination system in Chad. While efforts are made towards conflict mediation and building local institutional capacity to support peace, there\'s a need to further strengthen the peace component.

The initiative promotes a Monitoring, Evaluation, Accountability, and Learning (MEAL) approach, emphasizing harmonization of tools and collaboration among stakeholders. An impact assessment involving Tufts University and the University of Ndjamena is planned to analyze the initiative's effect on household food insecurity, child malnutrition, and institutional benefits. Data protection is addressed through a developed data-sharing agreement and work on secure IT tools to ensure compliance.",Event Report,Chad,"Development,Humanitarian,Peace","Food Security & Nutrition,Disaster Risk Reduction,Protection,Social Cohesion,Governance","7. Programming: Align with risk environment,4. Programming: Prioritising prevention,8. Programming: National and local capacities,1. Coordination: Joint analysis,10. Financing: Develop evidence-based strategies","Food Security Cluster, Global Network Against Food Crisis","Food Security Cluster, Global Network Against Food Crisis",2021,English,https://fscluster.org/document/progress-achieved-chad-through-global,,Progress achieved in Chad through the Global Food Security Cluster.webp,Progress achieved in Chad through the Global Food Security Cluster.pdf
Progress Report Global Refugee Forum Multi-Stakeholder Pledge,"A report detailing the progress of the HDP Nexus Multi-Stakeholder Pledge. It emphasizes specific donor commitments to predictable and multi-year financing, economic inclusion, and coherent joint actions in displacement contexts. Usefulness/New Knowledge: Holds donors accountable to their 2025 GRF pledges, tracking actual financial disbursements against promised multi-year funding targets.",Report,,"Humanitarian,Development,Peace","Displacement & Migration,Economic Development","11. Financing: Predictable flexible multi-year,1. Coordination: Joint analysis","UNDP, Government of Japan",UNDP,2025,English,https://www.undp.org/sites/g/files/zskgke326/files/2025-12/with_design_japan_progress_report_on_nexus_msp_undp-clean_revhetianj_undp_3_0.pdf,,Progress Report Global Refugee Forum Multi-Stakeholder Pledge.webp,Progress Report Global Refugee Forum Multi-Stakeholder Pledge.pdf
Protection and the Humanitarian-Development Nexus: A Literature Review,"This literature review from the Local Engagement Refugee Research Network (LERRN) examines the intersection of protection programming and the humanitarian-development nexus. It synthesises academic and policy literature on how protection concerns — including refugee protection, child protection, gender-based violence, and human rights — relate to and should be integrated into nexus approaches.

The review identifies key tensions between the immediate, principled nature of protection work and the longer-term, more politically engaged development approaches required by the nexus, and examines how different actors have navigated these tensions in practice across multiple country contexts.",Report,,"Development,Humanitarian,Peace","Governance,Peace & Security,Resilience,Displacement & Migration,Social Cohesion","5. Programming: People at the centre,6. Programming: Do no harm,7. Programming: Align with risk environment,9. Programming: Learning and evidence",Local Engagement Refugee Research Network (LERRN),"Midori Kaga, Delphine Nakache",2019,English,https://carleton.ca/lerrn/wp-content/uploads/PAPER-1.pdf,,Protection and the Humanitarian-Development Nexus A Literature Review.webp,Protection and the Humanitarian-Development Nexus A Literature Review.pdf
Protection and the nexus: tensions and opportunities,"The report discusses the humanitarian-development nexus, particularly its implications for protection actors. It emphasizes the importance of a coordinated approach across humanitarian and development assistance to address protracted crises effectively. The nexus approach advocates for collective outcomes, which involve comprehensive planning and collaboration between various stakeholders to ensure both immediate aid and long-term development goals are met.

The report identifies opportunities for protection actors in the nexus, such as durable solutions for displacement, building state social systems for protection services, and strengthening justice, rule of law, and accountability. It also highlights the challenges and risks, including potential threats to humanitarian principles, the need for state accountability, and the limits of humanitarian actors' mandates. 

Recommendations include establishing workstreams on the nexus approach, enhancing strategic planning, and ensuring proper coordination mechanisms to foster collaboration between humanitarians and development actors.",Report,"Burkina Faso,Cameroon,Central African Republic,Ethiopia,Côte d'Ivoire","Development,Humanitarian","Peace & Security,Protection,Displacement & Migration,Governance,Resilience","5. Programming: People at the centre,8. Programming: National and local capacities,1. Coordination: Joint analysis,10. Financing: Develop evidence-based strategies",Humanitarian Practice Network (HPN),Damian Lilly,2020,English,https://odihpn.org/en/publication/protection-and-the-nexus-tensions-and-opportunities/,,Protection and the nexus tensions and opportunities.webp,Protection and the nexus tensions and opportunities.pdf
Qatar's Approach across the Triple Nexus in Conflict-Affected Contexts: The Case of Darfur,"The purpose of this paper is to document Qatar’s recent contribution of humanitarian, development, and peace-related efforts to the Sudanese in Darfur. It delves deeply into Qatar’s involvement in Darfur by tracing the flow of foreign assistance provided between 2011 and 2018, while analysing the relevant mediation efforts to settle the conflict in the region. 

The paper calls for adopting the Triple Nexus approach – or humanitarian development-peace nexus in dealing with Qatar’s role as a third party in Darfur both as a donor and mediator. Contextualising Qatar’s role in this context necessitates considering its foreign assistance and peace-related efforts in conflict-affected contexts and its positioning in relation to the Triple Nexus. While Qatar has not publicly committed itself to the Triple Nexus reforms directed to OECD-DAC donor countries, the paper argues that adopting the Triple Nexus approach might develop the prevailing humanitarian and development and peace-related assistance practices in Qatar.",Journal Article,Sudan,"Development,Humanitarian,Peace","Peace & Security,Governance,Displacement & Migration,Social Cohesion","1. Coordination: Joint analysis,3. Coordination: Political engagement,4. Programming: Prioritising prevention,9. Programming: Learning and evidence,10. Financing: Develop evidence-based strategies,11. Financing: Predictable flexible multi-year","Center for Conflict and Humanitarian Studies (CHS), Arab Centre for Research and Policy Studies",Wadee Alarabeed,2023,English,https://www.tandfonline.com/doi/full/10.1080/01436597.2023.2215724,,Qatar's Approach across the Triple Nexus in Conflict-Affected Contexts The Case of Darfur.webp,Qatar's Approach across the Triple Nexus in Conflict-Affected Contexts The Case of Darfur.pdf
Rapport sur la coopération pour le développement 2024: Lutter contre la pauvreté et les inégalités par la transition verte,"Version française du Rapport sur la coopération pour le développement de l'OCDE 2024. Ce rapport annuel fournit aux décideurs politiques des données, des preuves et des analyses sur la manière dont la coopération pour le développement peut lutter contre la pauvreté et les inégalités dans le contexte de la transition verte mondiale. Il démontre que la lutte contre la pauvreté et les inégalités doit être menée conjointement, identifie trois priorités politiques transversales, et examine des politiques éprouvées notamment en matière de protection sociale, de réforme fiscale et de politiques du marché du travail.",Report,,Development,"Economic Development,Resilience,Governance,Gender","5. Programming: People at the centre,8. Programming: National and local capacities,9. Programming: Learning and evidence,10. Financing: Develop evidence-based strategies,11. Financing: Predictable flexible multi-year",OECD Development Assistance Committee (DAC),,2024,French,https://www.oecd.org/fr/publications/cooperation-pour-le-developpement-2024_cf89cef9-fr.html,,Rapport sur la coopération pour le développement 2024 Lutter contre la pauvreté et les inégalités par la transition verte.webp,Rapport sur la coopération pour le développement 2024 Lutter contre la pauvreté et les inégalités par la transition verte.pdf
Ready to Change? Building flexibility into the triple nexus,"This report explores the importance of flexibility in implementing the humanitarian-development-peace nexus (triple nexus) in fragile and protracted crises. It argues that in these settings, crisis-affected populations require responses that address both immediate and long-term needs concurrently, rather than sequentially. Nexus programming must overcome the rigidity typical of humanitarian or development approaches by being context-driven and focusing on evolving local dynamics. 

The study features case studies from Christian Aid, World Vision, and the Norwegian Refugee Council in countries like Burundi, the Democratic Republic of the Congo (DRC), and Cameroon. These organizations piloted flexible programming approaches that included anticipatory strategies based on scenario planning and adaptive strategies using community feedback. Challenges such as funding inflexibility, procurement delays, and a lack of adaptive management systems were identified as barriers to effective nexus programming.

The report concludes that embedding flexibility into agency operations is critical to adapting to the complex needs of populations in crisis settings and transforming nexus concepts into impactful practice.",Report,"Burundi,Cameroon,Democratic Republic of the Congo,Honduras","Development,Humanitarian,Peace","Education,Environment,Health,Recovery,Peace & Security,Disaster Risk Reduction,Livelihoods,Food Security & Nutrition,Protection,Social Cohesion,Economic Development,Governance,Resilience","7. Programming: Align with risk environment,5. Programming: People at the centre,4. Programming: Prioritising prevention,8. Programming: National and local capacities,1. Coordination: Joint analysis,11. Financing: Predictable flexible multi-year",ALNAP,Tilly Alcayna,2019,English,https://alnap.org/help-library/resources/ready-to-change-building-flexibility-into-the-triple-nexus/,,Ready to Change Building flexibility into the triple nexus.webp,Ready to Change Building flexibility into the triple nexus.pdf
"Realities and Myths of the ""Triple Nexus"" Local Perspectives on Peacebuilding, Development, and Humanitarian Action in Mali","This journal article analyzes the challenges faced by Mali, a country destabilized by poverty, violence, and political instability. Despite being labeled a 'model democracy' and receiving significant international aid, Mali suffers from ongoing inter-ethnic tensions and weakened governance structures. The paper explores key factors contributing to the instability: Tuareg separatism, stultified state-building, and the spread of conservative Islamic and jihadist influences.

The international response, including interventions by foreign troops and peacebuilding initiatives, is scrutinized for its effectiveness. The paper questions the applicability of the 'triple nexus' approach, which attempts to align humanitarian, development, and peacebuilding efforts, and critiques the blurred boundaries between these operations. Interviews reveal deep skepticism about the nexus's potential to improve the situation in Mali, highlighting concerns about the possible politicization of humanitarian actions and the lack of local inclusivity.

Ultimately, the article calls for rethinking strategies to empower local communities while addressing the systemic failures in governance and peacebuilding efforts.",Article,Burkina Faso,"Development,Humanitarian,Peace","Climate,Protection,Governance,Disaster Risk Reduction,Social Cohesion,Economic Development,Displacement & Migration,Resilience","7. Programming: Align with risk environment,4. Programming: Prioritising prevention,8. Programming: National and local capacities,11. Financing: Predictable flexible multi-year",Harvard Humanitarian Initiative (HHI),"Anaïde Nahikian, Emmanuel Tronc, Rob Grace",2019,English,https://hhi.harvard.edu/publications/realities-and-myths-%E2%80%9Ctriple-nexus%E2%80%9D-local-perspectives,,"Realities and Myths of the Triple Nexus Local Perspectives on Peacebuilding, Development, and Humanitarian Action in Mali.webp","Realities and Myths of the Triple Nexus Local Perspectives on Peacebuilding, Development, and Humanitarian Action in Mali.pdf"
Recovery and Peacebuilding Assessment Toolkit,"The Recovery and Peacebuilding Assessment (RPBA) Toolkit provides guidance for teams conducting joint recovery and peacebuilding assessments in countries transitioning out of conflict or political crisis. A joint methodology developed by the United Nations, the World Bank, and the European Union, the RPBA aims to ensure that international and national interventions for recovery are aligned by helping countries assess, plan and prioritize requirements under a common process.

The toolkit includes a practical note on assessment and planning, guidance on prioritization and costing, and sector-specific tools. The RPBA has been applied in contexts including the Central African Republic, North-East Nigeria, Mali, Ukraine and others, providing an evidence-based assessment of recovery and peacebuilding requirements as a platform for consensus building.",Toolkit,,"Development,Humanitarian,Peace","Governance,Peace & Security,Economic Development,Resilience,Social Cohesion","1. Coordination: Joint analysis,2. Coordination: Empowered leadership,3. Coordination: Political engagement,4. Programming: Prioritising prevention,9. Programming: Learning and evidence,10. Financing: Develop evidence-based strategies,11. Financing: Predictable flexible multi-year","United Nations, World Bank, European Union",,2020,English,https://documents.worldbank.org/en/publication/documents-reports/documentdetail/099111824222092677,,Recovery and Peacebuilding Assessment Toolkit.webp,Recovery and Peacebuilding Assessment Toolkit.pdf
Recursos Bibliograficos sobre el Triple Nexo,"This CEIPAZ compiled bibliography (2025) brings together key Spanish-language and international resources on the HDP triple nexus, compiled as part of the CEIPAZ project on WPS and the triple nexus in Spanish cooperation. It provides an annotated reference list of documents produced within the CEIPAZ research programme — including analytical notes, policy briefs, and country case studies — alongside key international sources.

The compilation serves as a Spanish-language entry point into the nexus knowledge base and is designed for Spanish-speaking cooperation practitioners, policymakers, and researchers engaging with the HDP nexus in Spanish international cooperation contexts.",Report,,"Humanitarian,Development,Peace","Policy & Strategy,Coordination,Gender,Climate,Localisation",9. Programming: Learning and evidence,CEIPAZ (Centro de Educacion e Investigacion para la Paz),"Renata Gomez Lameiras, Lucia Picazo de la Pena",2025,Spanish,https://ceipaz.org/wp-content/uploads/2025/06/n2025-Recursos-bibliograficos-HDP-CEIPAZ.pdf,,Recursos Bibliograficos sobre el Triple Nexo.webp,Recursos Bibliográficos sobre el Nexo HDP — Compilación CEIPAZ (2025).pdf
Réflexion: éléments tirés des évaluations: la localisation des ODD par la gouvernance,"This document presents lessons learned from initiatives conducted by the United Nations Development Programme (UNDP) and other agencies in localizing Sustainable Development Goals (SDGs) via local governance. Successful localization of SDGs requires coordination across governance levels and stakeholder engagement, including varied viewpoints and recognizing marginalized communities. 

The UNDP's initiatives proved effective in several countries, strengthening local governments\' capacity, transparency, accountability, and harnessing local data for planning. Programs targeting local SDG integration faced challenges, such as coordination issues and insufficient capacity building, but produced notable successes in countries like India, Nepal, Cuba, Malawi, and Bosnia-Herzegovina. Stakeholder inclusion and structured engagement are essential for fostering local ownership of SDG initiatives.

The use of voluntary local reviews offers a promising approach to accelerate local SDG progress by aligning national priorities with local needs and enhancing transparency. Despite some challenges, these initiatives underscore the importance of tailored, continuous support for effective SDG localization.",Evaluation,"Afghanistan,Argentina,Bangladesh,Bolivia,Brazil,Colombia,Cuba,Gabon,India,Bosnia and Herzegovina",Development,"Livelihoods,Energy,Environment,Peace & Security,Governance,Disaster Risk Reduction,Social Cohesion,Resilience","7. Programming: Align with risk environment,8. Programming: National and local capacities,11. Financing: Predictable flexible multi-year",UNDP Independent Evaluation Office,"Anna Kunová, Mario Biggeri, Shivit Bakrania, Solomon Mamo",2023,French,http://web.undp.org/evaluation/documents/reflections/French/sdg_locationzation_FR.pdf,,Réflexion éléments tirés des évaluations la localisation des ODD par la gouvernance.webp,Réflexion éléments tirés des évaluations la localisation des ODD par la gouvernance.pdf
Reforming the OIC's Role in Peace and Security: Institutional Gaps and Strategic Pathways,"Policy brief examining institutional gaps and strategic pathways for reforming the Organisation of Islamic Cooperation's role in peace and security. The OIC represents 57 member states, many of which are among the most fragile and conflict-affected countries globally. Analyses what institutional reform would enable the OIC to play a more effective role in supporting peace and stability across its membership, including how the OIC could complement UN-led frameworks and multilateral peacebuilding efforts in Muslim-majority fragile states. Contributes to debates on the role of regional and inter-governmental bodies in delivering the peace dimension of the HDP nexus.",Policy Brief,,Peace,"Governance,Peace & Security,Policy & Strategy","3. Coordination: Political engagement,4. Programming: Prioritising prevention",Copenhagen Business School,Christina Plesner Volkdal,2025,English,https://research-api.cbs.dk/ws/files/113691162/POLICY_BRIEF_Reforming_the_OIC_s_Role_in_Peace_and_Security-_Institutional_Gaps_and_Strategic_Pathways.pdf,,Reforming the OIC's Role in Peace and Security Institutional Gaps and Strategic Pathways.webp,Reforming the OIC's Role in Peace and Security Institutional Gaps and Strategic Pathways.pdf
Reframing Displacement Crises as Development Opportunities,"The policy paper 'Reframing Displacement Crises as Development Opportunities' explores the potential of viewing displacement not only as a humanitarian challenge but also as an opportunity for development. It argues that large-scale displacements, such as refugees and internally displaced persons (IDPs), present impacts and opportunities beyond humanitarian needs, affecting human capital, economic growth, and host communities.

The paper promotes a development-led approach that integrates displaced populations into economic systems by leveraging their skills and resources, engaging the private sector, and implementing market-led strategies. It emphasizes the need to harmonize humanitarian and development efforts by mainstreaming displaced populations into development planning and improving fiscal responses to the economic challenges posed by displaced populations.

The policy note advocates for a proactive role for governments and donors to optimize economic contributions from displaced populations and reduce negative impacts, leading to sustainable socio-economic benefits for both refugees and host communities.",Policy Paper,,"Development,Humanitarian","Livelihoods,Economic Development,Displacement & Migration,Resilience","5. Programming: People at the centre,8. Programming: National and local capacities,10. Financing: Develop evidence-based strategies",Global Initiative on Solutions,Roger Zetter,2014,English,https://www.rsc.ox.ac.uk/files/files-1/pn-reframing-displacement-crises-2014.pdf,,Reframing Displacement Crises as Development Opportunities.webp,Reframing Displacement Crises as Development Opportunities.pdf
"Relief, Recovery and Resilience: World Vision HDP Nexus Programming in Northern Bahr el Ghazal, South Sudan","This World Vision Germany study examines project-level HDP nexus implementation and coordination in Northern Bahr el Ghazal, South Sudan — a region facing mutually reinforcing shocks including conflict, flooding, and chronic underdevelopment. Commissioned by World Vision Germany, the study focuses on two linked projects delivered under the German Chapeau framework, assessing how effectively they were coordinated within and across the nexus, what complementarities and gaps emerged, and what transferable lessons can be drawn for future nexus design. Key findings suggest that aligning humanitarian and development efforts is possible in fragile, flood-prone areas when there is strong field coordination, flexible management, and locally embedded teams. The study contributes empirically-grounded insights to the broader HDP nexus discourse and aims to refine World Vision Germany's next generation of programming.",Report,South Sudan,"Humanitarian,Development,Peace","Resilience,Coordination,Learning & Evidence,Food Security & Nutrition","7. Programming: Align with risk environment,9. Programming: Learning and evidence",World Vision,World Vision Germany,2025,English,https://alnap.org/help-library/resources/world-vision-hdp-nexus-programming-in-northern-bahr-el-ghazal-south-sudan/,,"Relief, Recovery and Resilience World Vision HDP Nexus Programming in Northern Bahr el Ghazal, South Sudan.webp","Relief, Recovery and Resilience World Vision HDP Nexus Programming in Northern Bahr el Ghazal, South Sudan.pdf"
Report on the Implementation of the DAC Recommendation on the HDP Nexus (2024 Five-Year Review),"This 2024 report marks five years since the adoption of the DAC Recommendation on the Humanitarian-Development-Peace Nexus and provides a comprehensive assessment of progress by all 39 Adherents (DAC members and seven UN entities). It finds that adherents have made significant efforts to disseminate and implement the Recommendation, with new policies, strategies, and modalities developed to increase coherence and complementarity across humanitarian, development, and peace instruments.

However, it also identifies enduring challenges: persistent tensions between different mandates, limited progress in genuinely translating policy commitments into operational change, and gaps in financing, coordination, and peace integration. The next reporting cycle is scheduled for 10 years' time, making this a critical milestone document for practitioners and policymakers.",Report,,"Humanitarian,Development,Peace","Policy & Strategy,Financing,Coordination,Learning & Evidence","1. Coordination: Joint analysis,9. Programming: Learning and evidence",OECD,OECD/DAC,2024,English,https://one.oecd.org/document/DCD/DAC/INCAF(2023)1/FINAL/en/pdf,4,Report on the Implementation of the DAC Recommendation on the HDP Nexus (2024 Five-Year Review).webp,Report on the Implementation of the DAC Recommendation on the HDP Nexus (2024 Five-Year Review).pdf
Repositioning the United Nations Development System to Deliver on the 2030 Agenda: Ensuring a Better Future for All,"Report of the UN Secretary-General to the General Assembly and Economic and Social Council setting out proposals for repositioning the UN development system to deliver on the 2030 Agenda for Sustainable Development. It calls for greater coherence and reduced fragmentation across the UN's humanitarian, development and peace pillars, and lays out the institutional architecture — including reform of the Resident Coordinator system — needed to enable integrated approaches at country level.

A foundational policy document for understanding the UN reforms that underpinned the emergence of the HDP nexus framework and the subsequent UNDS restructuring.",Policy Paper,,"Humanitarian,Development,Peace","Governance,Coordination,Policy & Strategy","2. Coordination: Empowered leadership,3. Coordination: Political engagement",United Nations,UN Secretary-General,2017,English,https://digitallibrary.un.org/record/1298793?v=pdf#files,,Repositioning the United Nations Development System to Deliver on the 2030 Agenda Ensuring a Better Future for All.webp,Repositioning the United Nations Development System to Deliver on the 2030 Agenda Ensuring a Better Future for All.pdf
"Repositioning the United Nations Development System to Deliver on the 2030 Agenda: Our Promise for Dignity, Prosperity and Peace on a Healthy Planet","This report by UN Secretary-General António Guterres outlines a reform agenda for repositioning the UN development system to implement the 2030 Agenda for Sustainable Development. The report proposes 38 concrete ideas and actions across eight key areas, including: strengthening Resident Coordinator leadership and accountability; increasing system-wide coherence; improving funding mechanisms; and restructuring the UN Development Group into the UN Sustainable Development Group (UNSDG). It also introduces the UN Joint Steering Committee to advance Humanitarian and Development Collaboration. The reform agenda aims to shift the UN from parallel operations to a more integrated, results-oriented system working collectively across the HDP spectrum.",Report,,"Development,Humanitarian,Peace","Governance,Resilience,Economic Development","1. Coordination: Joint analysis,2. Coordination: Empowered leadership,3. Coordination: Political engagement,9. Programming: Learning and evidence,10. Financing: Develop evidence-based strategies,11. Financing: Predictable flexible multi-year",United Nations,António Guterres,2017,"English,Arabic,Chinese,French,Spanish,Russian",https://digitallibrary.un.org/record/1473546,,"Repositioning the United Nations Development System to Deliver on the 2030 Agenda Our Promise for Dignity, Prosperity and Peace on a Healthy Planet.webp","Repositioning the United Nations Development System to Deliver on the 2030 Agenda Our Promise for Dignity, Prosperity and Peace on a Healthy Planet.pdf"
Resilience and Humanitarian-Development-Peace Nexus,"This European Commission DG ECHO overview examines the relationship between resilience-building and the humanitarian-development-peace nexus, articulating the EU's approach to linking these two strategic frameworks. For ECHO, resilience — understood as the capacity of households, communities, and systems to withstand, adapt to, and recover from shocks — is both a core objective and a key bridge between the humanitarian and development pillars of the nexus.

The document explains how the EU integrates resilience considerations into its nexus programming, covering how resilience analysis informs joint situation assessment, how resilience-oriented programming can address both immediate vulnerability and structural drivers of crisis, and how the EU's financing instruments — including ECHO humanitarian financing and DEVCO development cooperation instruments — can be aligned to support multi-year resilience investments across the nexus. It provides the conceptual and policy basis for EU nexus implementation in fragile contexts globally.",Report,"Somalia,Myanmar","Humanitarian,Development,Peace","Resilience,Livelihoods,Protection","5. Programming: People at the centre,8. Programming: National and local capacities",European Commission,N/A,2025,English,https://civil-protection-humanitarian-aid.ec.europa.eu/what/humanitarian-aid/resilience-and-humanitarian-development-peace-nexus_en,,Resilience and Humanitarian-Development-Peace Nexus.webp,Resilience and Humanitarian-Development-Peace Nexus.pdf
Resolution Adopted by the General Assembly on 27 April 2016: Review of the United Nations Peacebuilding Architecture,"This UN General Assembly (and Security Council) resolution reviews the UN's peacebuilding architecture — including the Peacebuilding Commission, Peacebuilding Support Office, and Peacebuilding Fund — and establishes the concept of 'sustaining peace' as a guiding framework.

The resolution calls for more coherent, integrated and inclusive approaches to preventing conflict and sustaining peace, emphasising that humanitarian, development and peacebuilding dimensions of action must be mutually reinforcing. It is foundational for the peace pillar of the HDP Nexus, calling on the UN system to work collectively to address the root causes of conflict, support national and local actors, and ensure that development strategies are underpinned by conflict sensitivity and the goal of sustaining peace.",Policy Paper,,"Development,Humanitarian,Peace","Peace & Security,Governance,Social Cohesion,Resilience","1. Coordination: Joint analysis,2. Coordination: Empowered leadership,3. Coordination: Political engagement,4. Programming: Prioritising prevention,8. Programming: National and local capacities","United Nations General Assembly, United Nations Security Council",,2016,"English,Arabic,Chinese,French,Russian,Spanish",https://docs.un.org/en/A/RES/70/262,,Resolution Adopted by the General Assembly on 27 April 2016 Review of the United Nations Peacebuilding Architecture.webp,Resolution Adopted by the General Assembly on 27 April 2016 Review of the United Nations Peacebuilding Architecture.pdf
Rethinking Planned Relocation as Social Protection,"A paper proposing that planned climate relocations must be treated as long-term developmental and protective interventions (social assistance) rather than short-term humanitarian responses. Usefulness/New Knowledge: Offers a radical policy shift paradigm for 2026, officially linking climate adaptation funding to traditional state-run social protection mechanisms.",Policy Paper,,"Humanitarian,Development","Climate,Protection","4. Programming: Prioritising prevention,7. Programming: Align with risk environment",ISS,"Tomy Ncube, Una Murray",2026,English,https://researchinginternaldisplacement.org/wp-content/uploads/2026/03/Ncube-and-Murray-Planned-Relocations.pdf,,Rethinking Planned Relocation as Social Protection.webp,Rethinking Planned Relocation as Social Protection.pdf
Rethinking the Triple-Nexus: Integrating Peacebuilding and Resilience Initiatives in Conflict Contexts,"This journal article by Norman and Mikhael reevaluates the triple-nexus framework, which integrates humanitarian aid, development, and peace initiatives, with a focus on how the peace component can be effectively combined with resilience programs in conflict contexts. Drawing from fieldwork in Burundi, the Democratic Republic of the Congo, Myanmar, and South Sudan, the authors identify methods for integrating peacebuilding with community resilience. They propose approaches such as conflict sensitivity, prevention, and resolution, emphasizing hyper-local community-driven processes for dispute resolution to enhance resilience. 

The article recognizes the challenges of integrating peacebuilding within the triple-nexus, such as maintaining impartiality, engaging with state actors, and managing conflicting priorities. Overall, the authors recommend more localized, integrative, and context-sensitive approaches to increase resilience and effectively operationalize the nexus in chronic conflict zones.",Journal Article,"Burundi,Democratic Republic of the Congo","Development,Humanitarian,Peace","Peace & Security,Social Cohesion,Governance,Resilience","4. Programming: Prioritising prevention,8. Programming: National and local capacities,6. Programming: Do no harm,5. Programming: People at the centre","Queen's University Belfast, UCL","Drew Mikhael, Julie Norman",2023,English,https://doi.org/10.1177/15423166231200210,,Rethinking the Triple-Nexus Integrating Peacebuilding and Resilience Initiatives in Conflict Contexts.webp,Rethinking the Triple-Nexus Integrating Peacebuilding and Resilience Initiatives in Conflict Contexts.pdf
Review Report of the Highlands Joint Programme,"This review report assesses the Highlands Joint Programme — a multi-agency UN programme designed to address the integrated humanitarian, development and resilience needs of highland communities in a conflict-affected context. The programme represents a practical example of HDP Nexus operationalisation through joint planning, shared analysis, and coordinated programming across humanitarian and development silos. 

The review examines the programme's effectiveness in delivering integrated outcomes, the quality of inter-agency coordination mechanisms, and lessons learned for scaling up joint nexus programming approaches. Key findings address challenges of multi-year programming, institutional coordination, and the transition from humanitarian to longer-term development and resilience approaches.",Report,Papua New Guinea,"Development,Humanitarian,Peace","Resilience,Food Security & Nutrition,Governance,Livelihoods","1. Coordination: Joint analysis,2. Coordination: Empowered leadership,5. Programming: People at the centre,8. Programming: National and local capacities,9. Programming: Learning and evidence,11. Financing: Predictable flexible multi-year",United Nations,,2022,English,https://erc.undp.org/evaluation/documents/download/22347,,Review Report of the Highlands Joint Programme.webp,Review Report of the Highlands Joint Programme.pdf
Risk-informed Education Programming for Resilience,"The UNICEF Risk-Informed Education Programming for Resilience Guidance Note emphasizes the importance of incorporating risk analysis into education programming to enhance resilience against crises such as conflicts, natural disasters, and other stresses. The document highlights that crises negatively impact education systems and children, who often lose access to essential services such as schooling and healthcare. Through strategic planning and the integration of risk-informed methodologies, UNICEF aims to create education systems that are resilient, capable of withstanding and adapting to adverse circumstances. 

Key strategies include disaster risk reduction, climate change education, conflict-sensitive education, school health and nutrition, child protection, and social protection. The guidance note outlines steps for implementing these strategies, which involve thorough risk analysis and scenario planning, as well as ongoing monitoring and evaluation to ensure effectiveness and adaptability.",Guide,"Bangladesh,Democratic Republic of the Congo","Development,Humanitarian,Peace","Climate,Education,Environment,Disaster Risk Reduction,Protection,Social Cohesion,Resilience","7. Programming: Align with risk environment,5. Programming: People at the centre,1. Coordination: Joint analysis,10. Financing: Develop evidence-based strategies",UNICEF,UNICEF,2019,English,https://www.unicef.org/media/65436/file/Risk-informed%20education%20programming%20for%20resilience:%20Guidance%20note.pdf,,Risk-informed Education Programming for Resilience.webp,Risk-informed Education Programming for Resilience.pdf
Roadmap for the Operationalisation of the Humanitarian-Development-Peace Nexus In Cameroon,"The roadmap for the operationalisation of the Humanitarian-Development-Peace (HDP) Nexus in Cameroon aims to enhance collaboration and synergies among humanitarian, development, and peacebuilding interventions. This integration seeks to address the root causes of conflict, reduce vulnerabilities, and improve risk management capacities. 

Key actions include establishing convergence areas where these interventions can be synchronized, and creating a National HDP Nexus Task Force to guide the initiative. Significant efforts will focus on developing tools like joint analysis frameworks, strategic frameworks, and accountability mechanisms to ensure coordinated action across various regions, including the Far-North and Eastern Front. 

The roadmap also emphasizes the importance of mobilizing financial resources, advocating for multi-year flexible funding, and fostering an understanding of the Nexus approach among stakeholders. The final goal is to form comprehensive action plans in convergence areas that align short-term and long-term needs of communities with strategic interventions for sustainable development and peacebuilding.",Guide,Cameroon,"Development,Humanitarian,Peace","Peace & Security,Social Cohesion,Economic Development,Governance,Resilience","4. Programming: Prioritising prevention,1. Coordination: Joint analysis,11. Financing: Predictable flexible multi-year",United Nations,Nexus Taskforce Cameroon,2021,English,https://www.unocha.org/publications/report/cameroon/roadmap-operationalisation-humanitarian-development-peace-nexus-cameroon,,Roadmap for the Operationalisation of the Humanitarian-Development-Peace Nexus In Cameroon.webp,Roadmap for the Operationalisation of the Humanitarian-Development-Peace Nexus In Cameroon.pdf
SDC EiE Toolkit: Guidance on Inclusive Quality Education in Emergencies,"This toolkit from the Swiss Agency for Development and Cooperation (SDC) provides comprehensive practical guidance on delivering inclusive, quality education in emergencies (EiE) — a domain that sits at the intersection of humanitarian response, longer-term education system development, and peacebuilding.

The EiE field has been at the forefront of nexus thinking in the education sector, recognising that immediate crisis education response must be designed to strengthen — rather than replace or undermine — national education systems, and that quality inclusive education is itself a contribution to social cohesion and peacebuilding.

The toolkit covers the key principles of inclusive quality EiE, including how to conduct inclusive needs assessments, how to adapt educational content to conflict and crisis contexts, how to work with national systems and local actors, how to mainstream gender, disability, and conflict sensitivity, and how to plan for the transition from emergency response to sustainable educational recovery. It is designed for SDC and partner staff working in fragile and crisis-affected contexts.",Toolkit,,"Humanitarian,Development,Peace","Protection,Resilience","5. Programming: People at the centre,8. Programming: National and local capacities",SDC,SDC,2025,English,https://www.sdc-economy-education.ch/en/eie-toolkit,,SDC EiE Toolkit Guidance on Inclusive Quality Education in Emergencies.webp,
"Securing coherence between humanitarian aid, development cooperation and peacebuilding (the hdp nexus)","This practical note by the Ministry of Foreign Affairs of Denmark provides guidelines for implementing 'The World We Share', focusing on the Humanitarian, Development, and Peace (HDP) nexus. It aims to integrate humanitarian aid, development cooperation, and peacebuilding to effectively address issues in fragile regions.

The document underscores the importance of consistency, complementarity, and cooperation between these pillars to tackle crises, conflict, and development challenges. Denmark's approach leverages the HDP nexus for better outcomes, emphasizing resilience, prevention, and localization. Examples like the Regional Development and Protection Programme in Syria and collaboration in places like Libya and Jordan highlight multisectoral initiatives bolstered by partnerships with organizations such as the World Bank and civil society.

The note stresses the need for shared goals, flexible financing, and learning to enhance the HDP nexus's impact. Coordination efforts through platforms like the UN and the EU, engaging in dialogue, and conducting joint analyses are recommended actions to achieve sustainable peacebuilding and development outcomes.",Guide,"Afghanistan,Iraq","Development,Humanitarian,Peace","Peace & Security,Economic Development,Displacement & Migration,Resilience","8. Programming: National and local capacities,3. Coordination: Political engagement,11. Financing: Predictable flexible multi-year",Ministry of Foreign Affairs of Denmark,Ministry of Foreign Affairs of Denmark,2022,English,https://amg.um.dk/-/media/country-sites/amg-en/policies-and-strategies/how-to-notes-implementation-of-danish-strategy/11-approach-securing-the-coherence-between-humanitarian-aid-development-cooperation-and-peacebuildi.ashx,,"Securing coherence between humanitarian aid, development cooperation and peacebuilding (the hdp nexus).webp","Securing coherence between humanitarian aid, development cooperation and peacebuilding (the hdp nexus).pdf"
"Sexual Orientation and Gender Identity in Contexts Affected by Fragility, Conflict, and Violence","Report examining the situation of LGBTQ+ people in fragile, conflict and violence-affected contexts. Documents how sexual orientation and gender identity intersect with fragility and conflict to produce compounded vulnerabilities, exclusion from services, and heightened protection risks for populations systematically overlooked in both humanitarian response and development programming. Examines what inclusive programming across the humanitarian, development and peace pillars would require to reach these groups, including how data collection methods, service design and protection mechanisms need to adapt to address the specific needs and risks faced by LGBTQ+ people in crisis settings.",Report,,"Humanitarian,Development","Gender,Protection,Social Cohesion","5. Programming: People at the centre,6. Programming: Do no harm",World Bank,World Bank,2020,English,https://openknowledge.worldbank.org/server/api/core/bitstreams/5fb464d0-dd23-5705-a36a-a09e82e9d56e/content,,"Sexual Orientation and Gender Identity in Contexts Affected by Fragility, Conflict, and Violence.webp","Sexual Orientation and Gender Identity in Contexts Affected by Fragility, Conflict, and Violence.pdf"
Shock-Responsive Social Safety Nets — Engagement in Humanitarian Crises,"This EU DG ECHO booklet (February 2025) provides a comprehensive overview of DG ECHO's strategic efforts to link humanitarian aid with social protection systems in crisis contexts. Drawing on country examples from Bangladesh, Malawi, Nigeria, Mauritania, Ukraine, and the Caribbean, it illustrates how DG ECHO works at the humanitarian-development nexus to transition emergency cash transfers towards shock-responsive national social safety net systems.

The booklet demonstrates how humanitarian speed and flexibility can build on existing social protection programmes and support their transition to long-term government management, illustrating in practice what the OECD DAC Recommendation calls 'development wherever possible, humanitarian action when necessary'. A key reference for practitioners working on cash programming, anticipatory action, and nexus social protection.",Guide,"Bangladesh,Ukraine,Malawi,Nigeria,Mauritania","Humanitarian,Development","Protection,Resilience,Financing,Coordination","7. Programming: Align with risk environment,11. Financing: Predictable flexible multi-year",European Union (EU),DG ECHO,2025,English,https://civil-protection-humanitarian-aid.ec.europa.eu/document/download/d60ef024-a6c2-4957-ac7d-c1e804f24c8d_en?filename=28.02.25+Booklet+SSN+-+Final.pdf,,Shock-Responsive Social Safety Nets — Engagement in Humanitarian Crises.webp,Shock-Responsive Social Safety Nets — Engagement in Humanitarian Crises.pdf
"Social cohesion and peacebuilding in the Rohingya refugee crisis in Cox's Bazar, Bangladesh","This report explores the significance of social cohesion in the context of the Rohingya refugee crisis in Cox's Bazar, Bangladesh. It outlines the regional situation, the challenges undermining social cohesiveness like gender-based violence, drug trade, and the strain on resources, alongside the involvement of major geopolitical players.

The document highlights the broader socio-political dynamics, details the impact of refugee integration on local communities, and changes in local political scenarios. It emphasizes the need for conflict-sensitive approaches, leveraging human rights frameworks, and engaging in multilateral processes for peacebuilding. Elements such as trauma healing, better social interaction, conflict context analysis, and strengthening resilience are proposed as strategic interventions.

The report acknowledges the complex interplay between humanitarian aid, social cohesion, and peacebuilding and suggests a comprehensive strategy including diplomatic engagement and influencing narratives.",Case Study,Bangladesh,Peace,"Peace & Security,Protection,Social Cohesion,Displacement & Migration,Resilience","6. Programming: Do no harm,5. Programming: People at the centre,4. Programming: Prioritising prevention,8. Programming: National and local capacities,3. Coordination: Political engagement,11. Financing: Predictable flexible multi-year","Koff, Swisspeace",Andrea Grossenbacher,2020,English,https://koff.swisspeace.ch/fileadmin/user_upload/2021CaseStudyBangladesh.pdf,,"Social cohesion and peacebuilding in the Rohingya refugee crisis in Cox's Bazar, Bangladesh.webp","Social cohesion and peacebuilding in the Rohingya refugee crisis in Cox's Bazar, Bangladesh.pdf"
Social Protection at the Humanitarian-Development Nexus: Insights from Yemen,"Discussion paper examining how social protection systems can function at the humanitarian-development nexus in Yemen. Analyses how the Social Welfare Fund — Yemen's main social protection mechanism — has bridged humanitarian and development programming, and how the collapse of formal institutions under conflict conditions has affected the ability to maintain even basic social protection transfers. Explores what nexus-oriented social protection looks like in practice in a context of competing governance structures, severely constrained access and deeply fragmented aid architecture. Provides evidence relevant to both Yemen-specific programming and broader debates about shock-responsive social protection as a vehicle for operationalising the humanitarian-development nexus.",Policy Paper,Yemen,"Humanitarian,Development","Social Cohesion,Financing,Governance,Resilience","5. Programming: People at the centre,8. Programming: National and local capacities,11. Financing: Predictable flexible multi-year","World Bank, State and Peacebuilding Fund","Yashodhan Ghorpade, Ali Ammar",2021,English,https://openknowledge.worldbank.org/server/api/core/bitstreams/be602fbc-0c55-5a2e-a798-053c370656c0/content,,Social Protection at the Humanitarian-Development Nexus Insights from Yemen.webp,Social Protection at the Humanitarian-Development Nexus Insights from Yemen.pdf
Societal Dynamics and Fragility: Engaging Societies in Responding to Fragile Situations,"This World Bank publication examines the role of societal dynamics and social cohesion in responding to fragile situations, arguing that effective engagement requires working with and through societies rather than treating fragility as purely a state governance failure.

The report analyses how social capital, community networks, civic institutions and local governance mechanisms can serve as foundations for resilience in fragile contexts. It provides guidance on how development and humanitarian actors can engage more effectively with societal dynamics and build on local capacities, rather than defaulting to parallel delivery structures.",Report,,"Development,Humanitarian,Peace","Social Cohesion,Governance,Resilience,Peace & Security","5. Programming: People at the centre,8. Programming: National and local capacities,4. Programming: Prioritising prevention,7. Programming: Align with risk environment,9. Programming: Learning and evidence",World Bank,"Alexandre Marc, Alys Willman, Ghazia Aslam, Michelle Rebosio, Kanishka Balasuriya",2013,English,https://documents1.worldbank.org/curated/en/239731468170343524/pdf/NonAsciiFileName0.pdf,,Societal Dynamics and Fragility Engaging Societies in Responding to Fragile Situations.webp,Societal Dynamics and Fragility Engaging Societies in Responding to Fragile Situations.pdf
Somali Regional State - Multi-Year Resilience Investment Plan Towards A Resilient and Sustainable Future (2023 – 2028),Multiyear financing strategy following a HDP Nexus approach. Can be used as an example of how to integrate the Nexus into a strategy. ,Strategy,Ethiopia,"Humanitarian,Development,Peace",Financing,"10. Financing: Develop evidence-based strategies,11. Financing: Predictable flexible multi-year",Somali Regional State,,2023,English,,,,Somali Regional State - Multi-Year Resilience Investment Plan Towards A Resilient and Sustainable Future (2023 – 2028).pdf
Somali-State Evidence-Based Multi-Year Resilience Strategy (2023-2028),Multiyear strategy following a HDP Nexus approach. Can be used as an example of how to integrate the Nexus into a strategy. ,Strategy,Ethiopia,"Humanitarian,Development,Peace","Disaster Risk Reduction,Displacement & Migration,Economic Development,Education,Energy,Environment,Financing,Food Security & Nutrition,Governance,Health,Livelihoods,Policy & Strategy,Resilience,Social Cohesion","2. Coordination: Empowered leadership,3. Coordination: Political engagement,4. Programming: Prioritising prevention,5. Programming: People at the centre,6. Programming: Do no harm,7. Programming: Align with risk environment,8. Programming: National and local capacities,9. Programming: Learning and evidence",Somali Regional State,Somali Regional State,2023,English,,,,Somali-State Evidence-Based Multi-Year Resilience Strategy (2023-2028).pdf
Somalia: Summary of the Evaluation Report on Durable Solutions,"In the last quarter of 2023, NRC commissioned an external independent evaluation to assess durable solutions projects implemented in Somalia. The primary objectives of this evaluation were to ensure accountability to all stakeholders, enhance practices through lessons learned, and support advocacy and policy shifts. Additionally, the report sought to provide evidence-based recommendations to strengthen the effectiveness of durable solutions interventions in different Somali regions.

Following the final report submitted in January 2024, NRC committed to acting on the recommendations, with a management response plan to ensure implementation. The evaluation, which was carried out by an external consultant assessed seven projects NRC implemented across Somalia, covering Southwest, Jubbaland, Puntland, and Somaliland states.",Report,Somalia,"Development,Humanitarian,Peace","Displacement & Migration,Resilience,Governance,Social Cohesion,Peace & Security,Livelihoods","1. Coordination: Joint analysis,5. Programming: People at the centre,8. Programming: National and local capacities,9. Programming: Learning and evidence,10. Financing: Develop evidence-based strategies,11. Financing: Predictable flexible multi-year",Regional Durable Solutions Secretariat (ReDSS),,2024,English,https://reliefweb.int/report/somalia/somalia-summary-evaluation-report-durable-solutions-november-2024,,Somalia Summary of the Evaluation Report on Durable Solutions.webp,Somalia Summary of the Evaluation Report on Durable Solutions.pdf
Spotlight on HDP Nexus Implementation in Iraq: Challenges to Peace Activities from a Decolonial Perspective,"This BICC Spotlight Paper examines HDP nexus implementation in Iraq, where the approach has been introduced through a UN-driven, top-down process focused on 'durable solutions to protracted displacement'. The paper finds that the question of whether, where, and how internally displaced persons should return is politically and socially contentious, and that peace activities seeking to negotiate local conflicts are not always welcomed by competing armed groups. From a decolonial perspective, the paper analyses how decisions made in UN- and INGO-dominated aid structures about what 'peace' Iraq should pursue sideline Iraqi political processes and self-determination. It draws on qualitative interviews with NGO staff and community members in Iraq and offers decolonially-grounded recommendations for more bottom-up, locally anchored nexus implementation.",Policy Brief,Iraq,"Humanitarian,Development,Peace","Peace & Security,Localisation,Governance,Displacement & Migration","6. Programming: Do no harm,8. Programming: National and local capacities",BICC - Bonn International Centre for Conflict Studies,Esther Meininghaus,2024,English,https://reliefweb.int/report/iraq/meininghaus-e-2024-spotlight-hdp-nexus-implementation-iraq-challenges-peace-activities-decolonial-perspective,,Spotlight on HDP Nexus Implementation in Iraq Challenges to Peace Activities from a Decolonial Perspective.webp,Spotlight on HDP Nexus Implementation in Iraq Challenges to Peace Activities from a Decolonial Perspective.pdf
Spotlight on HDP Nexus Implementation in Mali: Challenges in Civil-Military Cooperation from a Decolonial Perspective,"This BICC Spotlight Paper examines the specific context of Mali and why the HDP approach has been highly contested there. Mali presents a particularly challenging case: humanitarian actors strongly resisted nexus adoption due to concerns that it would blur the lines between principled humanitarian action and politicised military operations, as nexus approaches were first introduced by French military mission Barkhane and UN peacekeeping mission MINUSMA through their '3D' and Quick Impact strategies.

The paper analyses how this association with international military presence, perceived as neo-colonial by parts of the population, generated widespread resistance. From a decolonial perspective, it explores how the dominance of external actors in defining 'peace' for Mali, and the failure to centre local priorities and leadership, has undermined nexus legitimacy and effectiveness in the country.",Policy Brief,Mali,"Humanitarian,Development,Peace","Peace & Security,Localisation,Governance","6. Programming: Do no harm,8. Programming: National and local capacities",BICC - Bonn International Centre for Conflict Studies,Boubacar Haidara,2024,English,https://reliefweb.int/report/mali/haidara-b-2024-spotlight-hdp-nexus-implementation-mali-challenges-civil-military-cooperation-decolonial-perspective,,Spotlight on HDP Nexus Implementation in Mali Challenges in Civil-Military Cooperation from a Decolonial Perspective.webp,Spotlight on HDP Nexus Implementation in Mali Challenges in Civil-Military Cooperation from a Decolonial Perspective.pdf
Stabilisation et Développement (French),"Version française de l'évaluation du Bureau d'Évaluation Indépendant du PNUD sur l'approche de stabilisation et développement dans les contextes fragiles et affectés par les conflits. L'évaluation examine la cohérence, l'efficacité et l'impact de la programmation de stabilisation du PNUD dans les contextes de transition, et formule des recommandations pour renforcer l'approche du PNUD en tant que composante du nexus HDP.",Evaluation,,"Development,Humanitarian,Peace","Peace & Security,Governance,Resilience","3. Coordination: Political engagement,4. Programming: Prioritising prevention,9. Programming: Learning and evidence",UNDP Independent Evaluation Office,UNDP,2025,French,https://www.undp.org/sites/g/files/zskgke326/files/2025-05/stabilization_fr.pdf,,Stabilisation et Développement (French).webp,Stabilisation et Développement (French).pdf
Stabilization and development,"The evaluation covers the UNDP's approach to stabilization in conflict-affected regions. It emphasizes the transition from immediate stabilization to recovery, peacebuilding, and development through collaborations between state institutions and local communities. UNDP has been involved in stabilization programmes across 15 countries, focusing on rebuilding infrastructure, supporting livelihoods, and restoring governance.

The paper highlights the importance of creating structured frameworks for stabilization, aligning political leverage, and engaging communities to ensure sustainability. It also discusses challenges such as the need for effective coordination, gender integration, addressing youth needs, and risk management. Successes include improved infrastructure, social cohesion, and return of displaced populations in specific regions like Iraq and the Lake Chad Basin.

The lessons learned stress realistic goals, long-term commitment, and the importance of pooled financing and collaborative strategies to enhance outcomes in complex environments.",Evaluation,"Burkina Faso,Cameroon,Central African Republic,Chad,Democratic Republic of the Congo,Iraq","Development,Humanitarian,Peace","Gender,Recovery,Protection,Social Cohesion,Livelihoods,Peace & Security,Disaster Risk Reduction,Governance,Resilience","4. Programming: Prioritising prevention,8. Programming: National and local capacities,1. Coordination: Joint analysis,11. Financing: Predictable flexible multi-year",UNDP Independent Evaluation Office,"José Miguel López Beltrán, Vijayalakshmi Vadivelu",2025,"English,French,Spanish",https://www.undp.org/evaluation/publications/stabilization-and-development,,Stabilization and development.webp,Stabilization and development EN.pdf
States of Fragility 2025,"This OECD flagship report marks 25 years of the OECD's work on fragility, offering comprehensive analysis of the state of global fragility in 2025. The report identifies 61 contexts experiencing high or extreme fragility — home to 2.1 billion people representing 25% of the world's population but 72% of the world's extreme poor. It analyses how multidimensional fragility (assessed across economic, environmental, political, security, societal and human dimensions) lies at the core of geopolitical shifts disrupting global power balances. This edition introduces a revised classification system moving away from the 'fragile contexts' label, and refines its focus on the development and peace pillars of the HDP Nexus. Key findings address rising armed conflict, the impact of COVID-19 and climate change on fragility, and implications for aid effectiveness.",Report,,"Development,Humanitarian,Peace","Governance,Peace & Security,Economic Development,Resilience,Displacement & Migration,Food Security & Nutrition","1. Coordination: Joint analysis,4. Programming: Prioritising prevention,7. Programming: Align with risk environment,9. Programming: Learning and evidence,10. Financing: Develop evidence-based strategies","Organisation for Economic Co-operation and Development (OECD), International Network on Conflict and Fragility (INCAF)",,2025,English,https://www.oecd.org/en/publications/2025/02/states-of-fragility-2025_c9080496.html,,States of Fragility 2025.webp,States of Fragility 2025.pdf
States of fragility and Official Development Assistance,"This OECD paper examines the distribution of official development assistance (ODA) in 57 fragile contexts as determined by the 2020 fragility framework. In 2018, Development Assistance Committee (DAC) members allocated 63% of their net ODA to these fragile contexts, highlighting its importance for sustainable development and peace. Despite economic pressures from COVID-19, maintaining this level of ODA is vital to protect development progress.

The paper details the sectors receiving ODA, such as health, education, and social safety nets, critical during the pandemic. It also discusses the channels used for aid delivery, emphasizing the role of multilateral organizations. Moreover, it analyzes how ODA aligns across the humanitarian-development-peace (HDP) nexus and suggests that while ODA addresses drivers of fragility, more can be done to tailor financial strategies to specific needs of fragile contexts, advocating for prevention-focused approaches to reduce humanitarian needs.",Policy Paper,,"Development,Humanitarian,Peace","Education,Gender,Health,WASH,Disaster Risk Reduction","7. Programming: Align with risk environment,4. Programming: Prioritising prevention,10. Financing: Develop evidence-based strategies",OECD,"Harsh Desai, OECD",2020,English,https://www.oecd.org/en/publications/states-of-fragility-and-official-development-assistance_44bbde61-en.html,,States of fragility and Official Development Assistance.webp,States of fragility and Official Development Assistance.pdf
Step by Step Guide - Humanitarian Programme Cycle,"This visual guide provides an accessible, graphically-oriented overview of the programme cycle for humanitarian operations, illustrating the key elements, steps and inter-relationships of the Humanitarian Programme Cycle (HPC). The guide depicts the iterative nature of the cycle, covering needs assessment and analysis, strategic planning, resource mobilization, implementation, monitoring and evaluation. It is designed as a reference tool for humanitarian practitioners and coordinators to understand the sequencing of actions, the roles of different actors and the linkages between different elements of the HPC, including connections to development and longer-term planning frameworks.",Guide,,Humanitarian,"Governance,Resilience","1. Coordination: Joint analysis,2. Coordination: Empowered leadership,9. Programming: Learning and evidence",UN Office for the Coordination of Humanitarian Affairs (OCHA),,2015,English,https://www.unocha.org/publications/report/world/01-step-step-guide-humanitarian-programme-cycle-2023-may-2022,,Step by Step Guide - Humanitarian Programme Cycle.webp,Step by Step Guide - Humanitarian Programme Cycle.pdf
Still struggling to give “P” a chance? Options for integrating the peace pillar into the triple nexus,"Explores lessons from in-country programming and mediation support to integrate peace more effectively into nexus programming. It challenges the distinction between 'small p' and 'Big P' peacebuilding. Usefulness/New Knowledge: Deconstructs the artificial divide in peacebuilding, arguing compellingly that community-level dialogue ('small p') is as critical to the Nexus as high-level political mediation.",Article,"Somalia,Lebanon","Peace,Humanitarian,Development","Peace & Security,Social Cohesion","1. Coordination: Joint analysis,8. Programming: National and local capacities",Berghof Foundation,Berghof Foundation,2025,English,https://berghof-foundation.org/news/blog-post-still-struggling-to-give-p-a-chance-options-for-integrating-the-peace-pillar-into-the-triple-nexus,,Still struggling to give “P” a chance Options for integrating the peace pillar into the triple nexus.webp,Still struggling to give “P” a chance Options for integrating the peace pillar into the triple nexus.pdf
"Straddling Humanitarian, Peace and Development Boundaries: Unarmed Civilian Protection","This paper examines Unarmed Civilian Protection (UCP) as a methodology that straddles the boundaries between humanitarian action, peacebuilding and development — making it a distinctive example of practice at the HDP Nexus. UCP involves trained, non-armed civilians providing physical presence and accompaniment to protect civilian populations at risk of violence, with approaches including interposition between warring parties, patrolling, monitoring and early warning.

The paper analyses how UCP organisations operate across traditional pillar divides, the implications for humanitarian principles, the complementarity with armed peacekeeping missions, and how UCP models can contribute to locally-led protection and peace efforts in conflict-affected contexts.",Article,,"Humanitarian,Peace","Peace & Security,Social Cohesion,Governance,Displacement & Migration","4. Programming: Prioritising prevention,5. Programming: People at the centre,6. Programming: Do no harm,8. Programming: National and local capacities",,,2022,English,https://nonviolentpeaceforce.org/wp-content/uploads/2023/04/Unarmed-Civilian-Protection-and-the-triple-nexus.pdf,,"Straddling Humanitarian, Peace and Development Boundaries Unarmed Civilian Protection.webp","Straddling Humanitarian, Peace and Development Boundaries Unarmed Civilian Protection.pdf"
Strengthening Health Systems in the Humanitarian Development Nexus: Experience and Evidence,"This document examines the intersection of health system strengthening and the Humanitarian-Development Nexus, drawing on experience and evidence from conflict-affected and fragile contexts. It addresses the challenge of maintaining and strengthening health systems in settings where humanitarian response and long-term development goals must be pursued simultaneously.

Key themes include: how to avoid parallel health systems; strategies for building national health capacity during active crises; financing mechanisms that bridge humanitarian and development health investments; protection of health workers; and approaches to integrating health system strengthening into nexus programming. The document draws lessons from multiple country contexts to identify what works in supporting sustainable health outcomes.",Report,"Pakistan,Sudan","Development,Humanitarian","Food Security & Nutrition,Resilience,Governance,Displacement & Migration","1. Coordination: Joint analysis,5. Programming: People at the centre,8. Programming: National and local capacities,9. Programming: Learning and evidence,10. Financing: Develop evidence-based strategies,11. Financing: Predictable flexible multi-year",,,2022,English,https://coregroup.org/wp-content/uploads/2020/01/Save-the-Children-HSS-Brief-Sudan-Pakistan_FINAL.pdf,,Strengthening Health Systems in the Humanitarian Development Nexus Experience and Evidence.webp,Strengthening Health Systems in the Humanitarian Development Nexus Experience and Evidence.pdf
Strengthening Humanitarian and Development Collaboration in Fragile and Conflict-Affected Settings in Africa,"This joint ICRC-African Development Bank (AfDB) policy brief (October 2025) examines how humanitarian and development actors can work together to protect people and preserve essential services during conflict in Africa.

Drawing on experiences across the continent — where more than 100 million people live under partial or full control of non-state armed groups — the brief calls for two key shifts: strengthening collaboration by leveraging comparative advantages of humanitarian and development actors; and engaging earlier to protect systems before they fail. It highlights the value of combining ICRC's humanitarian action and protection dialogue with the AfDB's long-term development finance capacity. The brief feeds into the AfDB-ICRC operational partnership formalised in 2023–24, which includes a $67 million joint programme for women and communities in Sudan, and provides a practical model for MDB-humanitarian actor collaboration across the HDP nexus.",Policy Brief,Sudan,"Humanitarian,Development,Peace","Financing,Coordination,Policy & Strategy,Economic Development","6. Programming: Do no harm,9. Programming: Learning and evidence,11. Financing: Predictable flexible multi-year","International Committee of the Red Cross (ICRC), African Development Bank (AfDB)","ICRC, AfDB",2025,English,https://www.icrc.org/en/publication/afdb-icrc-policy-brief,,Strengthening Humanitarian and Development Collaboration in Fragile and Conflict-Affected Settings in Africa.webp,Strengthening Humanitarian and Development Collaboration in Fragile and Conflict-Affected Settings in Africa.pdf
Strengthening joint programming and response at country and regional levels,"The April 2021 presentation outlines the progress of the Global Network Against Food Crisis (GNAFC), launched in 2016 by the EU, FAO, and WFP at the World Humanitarian Summit. The initiative aims to reduce needs, risks, and vulnerabilities associated with acute hunger by bridging gaps between humanitarian and development partners.

Key actions include improving coordination and collaboration among stakeholders, enhancing data collection and dissemination, and leveraging food and nutrition security investments through the Humanitarian, Development, and Peace (HDP) nexus.

The presentation highlights efforts to improve food security responses by sharing data, fostering partner engagement, and implementing joint monitoring systems. In Chad, various project components such as capacity building, community involvement, and impact evaluation are being implemented.

The strategy includes joint funding appeals and advocacy to address identified gaps. Future steps involve scaling up support to other countries, approving work plans, and recruiting project staff to further strengthen joint programming and response at country and regional levels.",Event Report,Chad,"Development,Humanitarian,Peace","Economic Development,Livelihoods,Food Security & Nutrition,Resilience","7. Programming: Align with risk environment,3. Coordination: Political engagement,11. Financing: Predictable flexible multi-year",Global Food Security Cluster,Food Security Cluster,2021,English,https://fscluster.org/sites/default/files/documents/gnafc_gfsc_april_2021_short_version_0.pdf,,Strengthening joint programming and response at country and regional levels.webp,Strengthening joint programming and response at country and regional levels.pdf
Strengthening the Humanitarian-Development Nexus for Nutrition in Protracted Crises,"This report, produced by the Emergency Nutrition Network through MQSUN+, explores the integration of humanitarian and development actions for nutrition in protracted crises by examining case studies from Somalia, Kenya, Ethiopia, and Yemen. Protracted crises, marked by chronic vulnerability and recurring acute shocks, hinder the achievement of nutrition security.

The report emphasizes the necessity of coherent policies integrating immediate interventions and longer-term resilience-building to prevent undernutrition. It advocates for strengthened national and local capacities, integrated planning, multiyear and flexible financing, and joint humanitarian-development initiatives.

The report calls for systematic financial monitoring and cross-sectoral collaboration to overcome governance challenges and align resources towards collective outcomes centered on nutrition security in fragile contexts.",Report,Ethiopia,"Development,Humanitarian","Food Security & Nutrition,Governance,Resilience","4. Programming: Prioritising prevention,8. Programming: National and local capacities,11. Financing: Predictable flexible multi-year","Emergency Nutrition Network (ENN), Maximising the Quality of Nutrition Plus (MQSUN+), Ukaid","Emergency Nutrition Network (ENN), Maximising the Quality of Nutrition Plus (MQSUN+)",2020,English,https://n4d.group/wp-content/uploads/2025/03/Wasting-HDN-synthesis-report_12June2020.pdf,,Strengthening the Humanitarian-Development Nexus for Nutrition in Protracted Crises.webp,Strengthening the Humanitarian-Development Nexus for Nutrition in Protracted Crises.pdf
"Strengthening the Humanitarian, Development and Peace Nexus: Fostering Collaboration in the Health Cluster","This Health Cluster/WHO presentation examines how the HDP nexus can be strengthened within health sector programming, with specific focus on fostering collaboration between health actors across the three pillars. It examines the opportunities and challenges of health nexus programming — including how emergency health response can contribute to health system strengthening, how development health investment can build resilience to health crises, and how health programming can contribute to peace and social cohesion.

The document provides practical examples and lessons from health cluster experiences in multiple fragile and conflict-affected contexts.",Event Report,,"Development,Humanitarian,Peace","Resilience,Governance,Social Cohesion","1. Coordination: Joint analysis,2. Coordination: Empowered leadership,5. Programming: People at the centre,8. Programming: National and local capacities,9. Programming: Learning and evidence","Global Health Cluster, WHO","Health Cluster, WHO",2018,English,https://healthcluster.who.int/docs/librariesprovider16/events/health-cluster-forum-presentations-day1-hdn.pdf?sfvrsn=284ed2f2_3,,"Strengthening the Humanitarian, Development and Peace Nexus Fostering Collaboration in the Health Cluster.webp","Strengthening the Humanitarian, Development and Peace Nexus Fostering Collaboration in the Health Cluster.pdf"
Summary of the High-Level workshop on Operationalizing and Financing Collective Outcomes,"The High-Level workshop held on March 8, 2018, in Washington DC, organized by OCHA, UNDP, and the OECD Secretariat, with the World Bank, focused on operationalizing and financing collective outcomes in conflict and fragility contexts.

This workshop aimed to understand how donors can contribute to these outcomes and prepare for the OECD-DAC High-Level Roundtable. Discussions explored modalities for articulating and operationalizing collective outcomes, drawing from experiences in Somalia and Chad. The emphasis was on aligning financing streams across humanitarian, development, climate, and peace sectors to overcome fragmentation, aiming for sustainable solutions.

Key discussions highlighted the importance of transcending internal divides of donors, the necessity of involving bilateral development agencies in planning from the outset, and the absence of an aid structure for implementing collective outcomes. Recommendations included developing guidance or a 'playbook' for bilateral donors to articulate, unpack, finance, and ensure accountability of collective outcomes.",Event Report,"Chad,Somalia","Development,Humanitarian,Peace","Climate,Recovery,Protection,Social Cohesion,Resilience","3. Coordination: Political engagement,10. Financing: Develop evidence-based strategies,11. Financing: Predictable flexible multi-year","Agenda for Humanity, International Network on Conflict and Fragility (INCAF), OCHA, OECD","Agenda for Humanity, OCHA, UNDP",2018,English,https://agendaforhumanity.org/sites/default/files/resources/2018/Sep/Operationalizing_and_Financing_Collective_Outcomes_OECD_UN.pdf,,Summary of the High-Level workshop on Operationalizing and Financing Collective Outcomes.webp,Summary of the High-Level workshop on Operationalizing and Financing Collective Outcomes.pdf
Summary Report: Multi-Stakeholder Regional Workshop on the New Way of Working (Entebbe),"This Agenda for Humanity summary report documents a multi-stakeholder regional workshop on the New Way of Working held in Entebbe, Uganda, bringing together East African humanitarian and development practitioners, policymakers, and donors. 

The workshop focused on how the NWoW can be implemented in East African contexts — including South Sudan, Somalia, DRC, and the Horn of Africa — where protracted crises, displacement, and fragility create significant nexus challenges. It captures regional perspectives on NWoW implementation, identifies context-specific barriers, and records workshop recommendations for advancing more coherent HDP approaches in the region.",Event Report,,"Development,Humanitarian,Peace","Governance,Resilience,Peace & Security","1. Coordination: Joint analysis,2. Coordination: Empowered leadership,9. Programming: Learning and evidence",Agenda for Humanity,Agenda for Humanity,2017,English,https://agendaforhumanity.org/sites/default/files/resources/2018/Apr/Entebbe%20NWOW%20Workshop%20Report%20Final%20Draft.pdf,,Summary Report Multi-Stakeholder Regional Workshop on the New Way of Working (Entebbe).webp,Summary Report- Multi-Stakeholder Regional Workshop on the New Way of Working (Entebbe).pdf
SUN Yemen National Gathering: Towards Sustainable Food and Nutrition Interventions,"This document captures outcomes and key messages from the SUN (Scaling Up Nutrition) Movement's Yemen National Gathering, which brought together humanitarian and development actors, government representatives and civil society to discuss pathways towards sustainable food and nutrition interventions in Yemen's protracted crisis context. 

The gathering focused on how the HDP Nexus can be operationalised through SUN coordination mechanisms to shift nutrition programming from purely emergency response towards prevention-oriented, multisectoral approaches. Key themes include: transitions from humanitarian to development nutrition financing; building national nutrition systems capacity; community-based approaches; and the integration of peace-building dimensions into nutrition programming.",Event Report,Yemen,"Development,Humanitarian,Peace","Food Security & Nutrition,Governance,Resilience,Social Cohesion","1. Coordination: Joint analysis,2. Coordination: Empowered leadership,4. Programming: Prioritising prevention,5. Programming: People at the centre,8. Programming: National and local capacities,9. Programming: Learning and evidence,10. Financing: Develop evidence-based strategies","SUN Movement, N4D, Government of Yemen",,2022,English,https://www.n4d.group/wp-content/uploads/2024/03/SYNG_Final-Report_04-06.June_.2023.pdf,,SUN Yemen National Gathering Towards Sustainable Food and Nutrition Interventions.webp,SUN Yemen National Gathering Towards Sustainable Food and Nutrition Interventions.pdf
"Sustainability of Rural Water Services in the HDP Nexus: A Case Study from Diffa, Niger","This peer-reviewed journal article examines how insecurity in the Diffa region of Niger (Lake Chad Basin, Lake Chad displacement context) affects the sustainability of rural water services in a humanitarian-development-peace triple nexus context. Over 250,000 people have been displaced in Diffa by non-state armed group violence, and substantial humanitarian investment in water infrastructure has addressed immediate needs. However, ongoing insecurity threatens sustainability. 

Using a systems-thinking approach and qualitative assessment methodology, the article finds that insecurity negatively affects all sustainability factors for water services and creates dilemmas for nexus implementation: whether to apply water tariffs, how to ensure durability of infrastructure, and the suitability of community-based management in fragile settings. One of the very few nexus-specific case studies on Niger.",Journal Article,Niger,"Humanitarian,Development,Peace","WASH,Resilience,Conflict Sensitivity,Localisation","6. Programming: Do no harm,7. Programming: Align with risk environment,8. Programming: National and local capacities","International WaterCentre, Griffith University, LM International","Paul Hayes, Ben Fawcett",2024,English,https://www.semanticscholar.org/paper/Sustainability-of-rural-water-services-in-the-a-Hayes-Fawcett/ffa3871f00797ef5cdcfb2a36730327ce4c0fd2a,,"Sustainability of Rural Water Services in the HDP Nexus A Case Study from Diffa, Niger.webp","Sustainability of Rural Water Services in the HDP Nexus A Case Study from Diffa, Niger.pdf"
Sustaining Engagement and Impact in Conflict-Affected Contexts through the World Bank–ICRC Partnership,"This ICRC non-paper (February 2024) reviews the lessons from the World Bank–ICRC partnership established in 2018, and proposes ways to improve delivery in fragility, conflict and violence (FCV) contexts under the IDA21 framework. The partnership — renewed through a 2024 Operational Framework Agreement — enables direct World Bank financing of ICRC operations where governments cannot implement.

The paper focuses on three action areas: sharing knowledge to better understand conflict dynamics; navigating the complexities of de facto government situations; and increasing support for the hardest-to-reach affected populations. It argues for more flexible World Bank engagement criteria in FCV settings, and contributes to systemic debates about how development institutions can operate across the HDP nexus without compromising humanitarian principles. A landmark document on MDB-humanitarian institution partnership design.",Report,,"Humanitarian,Development","Financing,Coordination,Policy & Strategy",6. Programming: Do no harm,"International Committee of the Red Cross (ICRC), World Bank",ICRC,2024,English,https://www.icrc.org/en/publication/4751-sustaining-engagement-and-impact-conflict-affected-contexts-through-world-bank-icrc,,Sustaining Engagement and Impact in Conflict-Affected Contexts through the World Bank–ICRC Partnership.webp,Sustaining Engagement and Impact in Conflict-Affected Contexts through the World Bank–ICRC Partnership.pdf
Synthesis and meta-analysis of findings from crisis-specific inter-agency humanitarian evaluations (2015-2025),"Pulls together findings from seven interagency evaluations to highlight systemic challenges and best practices in achieving collective outcomes across the HDP nexus. Usefulness/New Knowledge: A definitive decade-in-review synthesis that aggregates data across multiple crises, serving as a baseline for future evidence-based strategies.

The IAHE Synthesis exercise pulls together the findings from seven interagency humanitarian evaluations (IAHEs) covering nine different contexts spanning 2015 – 2025:

    Mozambique Cyclone Idai (2019),
    Ethiopia drought (2015-2018),
    Yemen (2015-2021),
    Afghanistan (2021-2023),
    Northern Ethiopia conflict (2021-2023),
    Somalia drought (2022-2024), and
    Türkiye/Syria Earthquake (2023-2025).

It also presents a meta-analysis of issues that arise from reading across the evaluations and suggests recommendations that stem from the findings.",Evaluation,"Afghanistan,Eritrea,Mozambique,Somalia,Syria,Yemen","Humanitarian,Development,Peace","Resilience,Governance","1. Coordination: Joint analysis,9. Programming: Learning and evidence",IAHE,IAHE,2026,English,https://alnap.org/help-library/resources/synthesis-and-meta-analysis-of-findings-from-crisis-specific-inter-agency-humanitarian-evaluations-covering-the-period-2015-2025/,,Synthesis and meta-analysis of findings from crisis-specific inter-agency humanitarian evaluations (2015-2025).webp,Synthesis and meta-analysis of findings from crisis-specific inter-agency humanitarian evaluations (2015-2025).pdf
Syrian Arab Republic: Emergency and Resilience Plan 2026–2028,"This FAO Emergency and Resilience Plan (2026–2028) for Syria sets out FAO's operational framework for agricultural and food security response in one of the world's most protracted crisis contexts. It applies the HDP nexus approach to link immediate food emergency response with longer-term agricultural resilience, livelihoods recovery, and food system stabilisation.

Syria's combination of active conflict, post-conflict recovery, economic collapse, and climate stress makes it an important test case for integrated nexus programming. The plan provides a detailed operational roadmap with collective outcomes, financing requirements, and multi-partner coordination arrangements across the three nexus pillars.",Report,Syria,"Humanitarian,Development","Food Security & Nutrition,Resilience,Coordination,Financing","7. Programming: Align with risk environment,10. Financing: Develop evidence-based strategies,1. Coordination: Joint analysis",FAO,FAO,2026,English,https://openknowledge.fao.org/items/f64e2487-1557-4ce9-bf39-7865fd857b0f,,Syrian Arab Republic Emergency and Resilience Plan 2026–2028.webp,Syrian Arab Republic Emergency and Resilience Plan 2026–2028.pdf
Terms of Reference for the Joint Steering Committee to Advance Humanitarian and Development Collaboration,"This document sets out the Terms of Reference for the Joint Steering Committee (JSC) to Advance Humanitarian and Development Collaboration, established by the UN Secretary-General in December 2017. The JSC is chaired by the Deputy Secretary-General and co-led by the Emergency Relief Coordinator and the UNDP Administrator, reflecting the commitment at the highest levels of the UN to operationalise the humanitarian-development nexus.

The ToR defines the JSC's mandate, objectives, composition, governance, responsibilities and working modalities, including its role in overseeing the implementation of the 'New Way of Working' and collective outcomes, and in driving system-wide changes to overcome humanitarian-development silos in the UN system.",Other,,"Development,Humanitarian",Governance,"1. Coordination: Joint analysis,2. Coordination: Empowered leadership,3. Coordination: Political engagement,11. Financing: Predictable flexible multi-year",United Nations,,2018,English,https://www.un.org/jsc/sites/www.un.org.jsc/files/general/tors_of_the_jsc.pdf,,Terms of Reference for the Joint Steering Committee to Advance Humanitarian and Development Collaboration.webp,Terms of Reference for the Joint Steering Committee to Advance Humanitarian and Development Collaboration.pdf
Terms of Reference: Iraq Durable Solutions Task Force (DSTF),"Terms of Reference for a strategic level HDP Nexus working group, centered around Durable Solutions to Displacement. 
To use as an example for draft ToRs.",Terms of Reference,Iraq,"Humanitarian,Development,Peace",Displacement & Migration,"1. Coordination: Joint analysis,2. Coordination: Empowered leadership,3. Coordination: Political engagement",DSTF,,2022,English,,,,Terms of Reference Iraq Durable Solutions Task Force (DSTF).pdf
Terms of Reference: Iraq Durable Solutions Technical Working Group (DSTWG),"Terms of Reference for a technical level HDP Nexus working group, centered around Durable Solutions to Displacement. 
To use as an example for draft ToRs.",Terms of Reference,Iraq,"Humanitarian,Development,Peace",Displacement & Migration,"3. Coordination: Political engagement,2. Coordination: Empowered leadership,1. Coordination: Joint analysis",DSTWG,DSTWG,2022,English,,,,Terms of Reference Iraq Durable Solutions Technical Working Group (DSTWG).pdf
Terms of Reference: National HDP Nexus Task Force in Cameroon,"Terms of reference for a national level HDP Nexus working group. 
To use as an example for draft ToRs.",Terms of Reference,Cameroon,"Humanitarian,Development,Peace",,"1. Coordination: Joint analysis,2. Coordination: Empowered leadership,3. Coordination: Political engagement",National HDP Nexus Task Force in Cameroon,,2024,English,,,,Terms of reference NTF-HDPN-oct1124final.docx
"Terms of Reference: Regional Taskforce HDP Nexus  in Eastern Facade (North, Adamaoua, East Regions)","Terms of reference for a local level HDP Nexus working group. 
To use as an example for draft ToRs.",Terms of Reference,Democratic Republic of the Congo,"Humanitarian,Development,Peace",,"1. Coordination: Joint analysis,2. Coordination: Empowered leadership,3. Coordination: Political engagement",UNHCR,,,"English,French",,,,Terms of reference - HDPN-Eastern Facade.docx
Terms of Reference: Yemen Partner Group,"Terms of Reference of a strategic, donor-driven, HDP Nexus working group. To use as an example for draft ToRs.",Terms of Reference,Yemen,"Humanitarian,Development,Peace",,"2. Coordination: Empowered leadership,1. Coordination: Joint analysis,3. Coordination: Political engagement",Yemen Partner Group,,2022,English,,,,Terms of Reference Yemen Partner Group.pdf
Terms of Reference: Yemen Partner Technical Team,"Terms of Reference of a technical level donor-driven, HDP Nexus working group. To use as an example for draft ToRs.",Terms of Reference,Yemen,"Humanitarian,Development,Peace",,"3. Coordination: Political engagement,2. Coordination: Empowered leadership,1. Coordination: Joint analysis",Yemen Partner Technical Team,,2022,English,,,,Terms of Reference Yemen Partner Technical Team.pdf
The 'humanitarian anchor': A social economy approach to assistance in protracted displacement situations,"This paper explores a social economy approach to humanitarian assistance in protracted displacement situations, advocating for cooperative modes of production to integrate humanitarian actions with development goals. It critiques market-led responses and traditional humanitarian interventions, proposing an innovative model called the 'humanitarian anchor'. This concept involves leveraging anchor institutions, typically large procurers of goods and services like international NGOs, to create a community investment fund. This fund supports worker-owned cooperatives that supply goods and services tailored to humanitarian needs.

The paper highlights the potential benefits in terms of economic and social impacts, such as poverty alleviation, social cohesion, and diminished tensions between host and displaced communities. However, it acknowledges political and logistical challenges, particularly in adapting procurement practices and overcoming skepticism from host governments regarding refugee rights and market access. The paper calls for a shift from traditional aid frameworks to those emphasizing infrastructural investment and community ownership.",Report,Iraq,"Development,Humanitarian","Livelihoods,Social Cohesion,Economic Development,Displacement & Migration,Resilience","7. Programming: Align with risk environment,5. Programming: People at the centre,8. Programming: National and local capacities,10. Financing: Develop evidence-based strategies",Humanitarian Policy Group,Tahir Zaman,2018,English,https://media.odi.org/documents/12203.pdf,,The 'humanitarian anchor' A social economy approach to assistance in protracted displacement situations.webp,The 'humanitarian anchor' A social economy approach to assistance in protracted displacement situations.pdf
The Challenges of Research in the Humanitarian Sector: An Evolving Relationship,"This article examines the evolving relationship between the humanitarian sector and academic research, highlighting the importance and challenges of integrating scientific research into humanitarian practices. Over the past two decades, humanitarian organizations have increasingly sought to collaborate with researchers to improve their effectiveness and accountability. 

The French Red Cross Foundation, established in 2013, exemplifies this trend, supporting over 120 research projects focused on key issues like migration, health, and disaster management. The article discusses collaborative models such as 'social interaction' for effective knowledge transfer and reports on the experiences and methodologies of the Foundation, including initiatives like the Bénévo'Lab and APRIS workshops. Despite progress, challenges persist, such as operational access, funding, ethical concerns, and the inclusion of local researchers. 

The authors emphasize the need for continued collaboration between humanitarian organizations and academia to address current and future crises more effectively.",Journal Article,,Humanitarian,"Health,Disaster Risk Reduction,Social Cohesion,Displacement & Migration,Governance","7. Programming: Align with risk environment,8. Programming: National and local capacities,2. Coordination: Empowered leadership",International Review of the Red Cross,"Camille Raillon, Julien Antouly, Vincent Leger, Virginie Triot",2024,English,https://www.cambridge.org/core/journals/international-review-of-the-red-cross/article/challenges-of-research-in-the-humanitarian-sector-an-evolving-relationship/391792B7143505A4AA4E490815605F66,,The Challenges of Research in the Humanitarian Sector An Evolving Relationship.webp,The Challenges of Research in the Humanitarian Sector An Evolving Relationship.pdf
The choice of pragmatism: A critical review of People In Need's greening approach,"This ALNAP review provides a critical analysis of People In Need (PIN)'s organisational approach to integrating environmental sustainability — or 'greening' — into its humanitarian and development programming. As climate change increasingly intersects with the humanitarian-development-peace nexus, with climate shocks driving displacement, food insecurity, and conflict, environmental integration has become an urgent priority for international organisations.

PIN's approach offers a case study in how an INGO has navigated the practical, institutional and cultural challenges of embedding environmental considerations into existing programme design, implementation, and monitoring systems.

The review critically assesses what PIN has achieved, where implementation has fallen short of ambition, and what 'pragmatic' choices have been made in balancing environmental integrity with operational practicality. It provides lessons for other organisations seeking to green their operations and programmes, with particular attention to the tensions between short-term humanitarian imperatives and longer-term environmental sustainability goals.",Report,,"Humanitarian,Development","Environment,Climate","6. Programming: Do no harm,9. Programming: Learning and evidence",People In Need,Groupe URD,2026,English,https://alnap.org/help-library/resources/the-choice-of-pragmatism-a-critical-review-of-people-in-needs-greening-approach/,,The choice of pragmatism A critical review of People In Need's greening approach.webp,The choice of pragmatism A critical review of People In Need's greening approach.pdf
The Development-Peace Nexus: Experiences and Findings,"The report from the Peace Research Institute Frankfurt explores the intricate relationship between development and peace, identifying areas where current policy implementations have fallen short. A consensus exists that peace and development are mutually reinforcing, yet the nexus is often narrowly applied in practice, focusing more on stabilization rather than transformative development. Key factors like socioeconomic development and political inclusion are necessary for sustaining peace, but local and interpersonal violence remain under-addressed.

Policy tends to prioritize reactionary measures rather than preventive strategies, neglecting the complexities of different conflict forms, including geographic and interpersonal violence. The authors argue that a broader understanding and application of the nexus are needed, taking into account context-specific challenges and promoting inclusive strategies that involve local actors and address both major conflicts and localized violence effectively.",Report,"Brazil,Colombia,Ecuador","Development,Peace","Protection,Peace & Security,Economic Development,Social Cohesion,Governance","5. Programming: People at the centre,4. Programming: Prioritising prevention,8. Programming: National and local capacities,10. Financing: Develop evidence-based strategies",Peace Research Institute Frankfurt,"Anton Peez, Antonia Witt, Ben Christian, Felix Bethke, Jens Stappenbeck, Jonas Wolff, Julian Junk, Melanie Coni-Zimmer, Simone Schnabel, Sophia Birchinger",2020,English,https://www.jstor.org/stable/resrep24494.6?seq=1,,The Development-Peace Nexus Experiences and Findings.webp,The Development-Peace Nexus Experiences and Findings.pdf
The Durable Solutions Initiative in Somalia: Evaluation Report,"This evaluation report assesses the Somalia Durable Solutions Initiative (DSI), launched in early 2016, which brought together the Federal Government of Somalia, UN agencies, donors, and NGOs to advance a coordinated approach to ending displacement. 

The report examines the DSI's effectiveness in creating an enabling policy environment, establishing the Durable Solutions Secretariat within Somalia's Ministry of Planning, and embedding durable solutions into national development priorities. It analyses the multi-donor-funded consortia approach (including Danwadaag and EU RE-INTEG programmes), capacity development efforts, and the financing landscape. Key lessons address the transition from humanitarian to development financing, government ownership, and the challenges of area-based programming in fragile contexts.",Report,Somalia,"Development,Humanitarian,Peace","Displacement & Migration,Resilience,Governance,Livelihoods,Social Cohesion","1. Coordination: Joint analysis,2. Coordination: Empowered leadership,5. Programming: People at the centre,8. Programming: National and local capacities,9. Programming: Learning and evidence,10. Financing: Develop evidence-based strategies,11. Financing: Predictable flexible multi-year","Regional Durable Solutions Secretariat (ReDSS), Danwadaag Consortium",,2022,English,https://www.aramis.admin.ch/Default?DocumentID=67514&Load=true,,The Durable Solutions Initiative in Somalia Evaluation Report.webp,The Durable Solutions Initiative in Somalia Evaluation Report.pdf
The EU Member states' implementation of the Humanitarian-Development-Peace Nexus,"This report published by VOICE focuses on how the EU Member States are operationalizing the Humanitarian-Development-Peace (HDP) Nexus, exploring national initiatives from countries such as Italy, Denmark, Germany, Sweden, and Finland. It highlights the evolving nature of humanitarian crises driven by factors like the COVID-19 pandemic, climate change, and protracted conflicts, resulting in increasing humanitarian needs and funding challenges.

The European Commission and EU Member States seek to strengthen the HDP nexus to tackle root causes of crises. Concerns about the implementation of the Nexus approach include potential impacts on humanitarian principles and risks of politicizing aid. The report underscores the importance of joint conflict-sensitive analysis, flexible funding, and local engagement and discusses how different countries are approaching Nexus implementation with varied success and challenges. 

The document calls for more predictable, flexible financing strategies and emphasizes respecting humanitarian principles while integrating peacebuilding efforts.",Report,"Afghanistan,Democratic Republic of the Congo","Development,Humanitarian,Peace","Climate,Gender,Recovery,Peace & Security,Disaster Risk Reduction,Economic Development,Livelihoods,Food Security & Nutrition,Protection,Social Cohesion,Governance,Resilience","5. Programming: People at the centre,4. Programming: Prioritising prevention,8. Programming: National and local capacities,3. Coordination: Political engagement,2. Coordination: Empowered leadership,10. Financing: Develop evidence-based strategies,11. Financing: Predictable flexible multi-year",VOICE,VOICE,2021,English,https://voiceeu.org/publications/voice-out-loud-32-the-eu-member-states-implementation-of-the-humanitarian-development-peace-nexus.pdf,,The EU Member states' implementation of the Humanitarian-Development-Peace Nexus.webp,The EU Member states' implementation of the Humanitarian-Development-Peace Nexus.pdf
"The European Union Humanitarian-Development Nexus, Recommendations from the Red Cross, EU Office and the ICRC","This paper, prepared by the Red Cross EU Office and ICRC, discusses the Humanitarian-Development Nexus in the EU context and provides critical recommendations for operationalising this approach. 

The Nexus aims to address prolonged humanitarian crises by bridging humanitarian aid and development cooperation, which have traditionally been separated. Emphasizing complex emergencies, the EU is urged to maintain a needs-based approach that respects humanitarian principles and international laws. Recommendations include ensuring civil society engagement, fostering local resilience, applying context-specific programming, and maintaining distinct budgets for humanitarian and development efforts. 

Additionally, the paper highlights the importance of flexible, multi-year funding and integrating lessons learned to improve future projects. The Nexus approach aligns with global initiatives to enhance collaboration between humanitarian and development actors to address massive displacement and crises more effectively.",Policy Paper,"Chad,Iraq","Development,Humanitarian","Protection,Social Cohesion,Displacement & Migration,Governance,Resilience","7. Programming: Align with risk environment,1. Coordination: Joint analysis,11. Financing: Predictable flexible multi-year","ICRC, Red Cross EU office","ICRC, Red Cross EU office",2018,English,https://redcross.eu/positions-publications/the-eu-humanitarian-development-nexus,,"The European Union Humanitarian-Development Nexus, Recommendations from the Red Cross, EU Office and the ICRC.webp","The European Union Humanitarian-Development Nexus, Recommendations from the Red Cross, EU Office and the ICRC.pdf"
"The Global Fund Sustainability, Transition and Cofinancing Policy","This document examines the nexus between sustainability transitions and co-financing mechanisms in humanitarian and development contexts. It explores how different financing instruments — including concessional financing, pooled funds, and development finance — can be better leveraged to support the sustainability of humanitarian-to-development transitions.

The paper addresses the challenge of moving from short-term humanitarian funding cycles to longer-term development investment models in contexts of protracted crisis and fragility, with particular attention to mechanisms that enable the inclusion of displaced populations in national systems and multi-year, flexible financing arrangements.",Policy Brief,,"Development,Humanitarian","Resilience,Economic Development,Displacement & Migration,Governance","10. Financing: Develop evidence-based strategies,11. Financing: Predictable flexible multi-year,9. Programming: Learning and evidence",,,2023,English,https://www.theglobalfund.org/en/sustainability-transition-and-co-financing/,,"The Global Fund Sustainability, Transition and Cofinancing Policy.webp","The Global Fund Sustainability, Transition and Cofinancing Policy.pdf"
The Grand Bargain - A Shared Commitment to Better Serve People in Need,"The report outlines an initiative aimed at enhancing global humanitarian efforts through improved coordination, efficiency, and resource allocation. Key focus areas include increasing transparency, supporting local responders, utilizing cash-based programming, reducing management costs, and conducting impartial needs assessments.

The Grand Bargain advocates for collaboration across the humanitarian ecosystem, involving diverse stakeholders such as government bodies, NGOs, and the private sector. This initiative seeks to optimize resources and facilitate a shift from a supply-driven model to a demand-driven one, centered around beneficiaries' needs. It also emphasizes multi-year planning and funding, reducing earmarking of contributions, and simplifying reporting requirements to maximize funds' efficacy.

The report sets global targets to measure success and calls for a participatory approach, incorporating feedback from affected communities in the decision-making process to ensure better humanitarian outcomes.",Report,,"Development,Humanitarian,Peace","Climate,Disaster Risk Reduction,Economic Development,Social Cohesion,Protection,Displacement & Migration,Governance,Resilience","5. Programming: People at the centre,4. Programming: Prioritising prevention,8. Programming: National and local capacities,3. Coordination: Political engagement,1. Coordination: Joint analysis,10. Financing: Develop evidence-based strategies,11. Financing: Predictable flexible multi-year",OCHA,OCHA,2016,English,https://reliefweb.int/report/world/grand-bargain-shared-commitment-better-serve-people-need,,The Grand Bargain - A Shared Commitment to Better Serve People in Need.webp,The Grand Bargain - A Shared Commitment to Better Serve People in Need.pdf
The Grand Bargain in 2022: An Independent Review,"Independent review of progress on the Grand Bargain — the package of commitments agreed at the 2016 World Humanitarian Summit by a coalition of major donors, UN agencies and international NGOs — covering the 2022 implementation year. Examines progress across 15 workstreams including localisation, multi-year funding, cash programming and reduced earmarking, assessing where signatories are advancing or stalling on commitments that are directly relevant to the humanitarian-development nexus. Provides a candid, evidence-based assessment of the reform agenda's trajectory and the structural barriers preventing faster progress on financing flexibility and burden-sharing.",Evaluation,,"Humanitarian,Development","Financing,Coordination,Localisation,Policy & Strategy","9. Programming: Learning and evidence,11. Financing: Predictable flexible multi-year","Humanitarian Policy Group (HPG), ODI","Victoria Metcalfe-Hough, Wendy Fenton, Farah Manji",2023,English,https://media.odi.org/documents/HPG_report-Grand_Bargain_2023_master_rev.pdf,,The Grand Bargain in 2022 An Independent Review.webp,The Grand Bargain in 2022 An Independent Review.pdf
The HDP Nexus as a Key Pathway to Food Security: Evidence from Ethiopia and Madagascar,"This research communication brief (October 2025), adapted from a full report prepared by the Keough School of Global Affairs Integration Lab for Catholic Relief Services (CRS), presents evidence from HDP nexus programming on food security outcomes in Ethiopia (East Hararghe/Babile Woreda, 12 villages surveyed July 2024) and Madagascar. It examines how integrated HDP programming affects dietary diversity, coping strategies, and social cohesion, finding that while improvements in food consumption and hunger are real, they remain fragile where drought and infrastructure deficits persist. Recommends tailoring activities to local needs, timely delivery, and robust monitoring. Provides rare quantitative outcome evidence from nexus food security programming in Ethiopia and Madagascar.",Policy Brief,"Ethiopia,Madagascar","Humanitarian,Development,Peace","Food Security & Nutrition,Social Cohesion,Resilience,Learning & Evidence","9. Programming: Learning and evidence,5. Programming: People at the centre,4. Programming: Prioritising prevention","Catholic Relief Services (CRS), Keough School of Global Affairs","Emmanuel Gyasi, Beverly Ndifoin, Ximena Hernandez, Tanner DeBoer",2025,English,https://www.crs.org/sites/default/files/documents/2025-10/ILab%20Communication%20Brief%20Sep%2030%20FINAL.pdf,,The HDP Nexus as a Key Pathway to Food Security Evidence from Ethiopia and Madagascar.webp,The HDP Nexus as a Key Pathway to Food Security Evidence from Ethiopia and Madagascar.pdf
The HDP Nexus at the Onset of Crisis: Can Local Actors Lead the Way?,"This Global Policy journal contribution examines a critical but often overlooked dimension of HDP nexus implementation: how the nexus can and should operate at the very onset of a crisis, when needs are immediate and acute, institutional arrangements are being established, and the conditions for longer-term nexus engagement are being determined.

The author argues that the nexus is too often treated as a post-emergency framework, with humanitarian actors focusing on immediate response and nexus approaches coming later, after the crisis has stabilised. This misses a crucial window: the decisions made at the onset of a crisis about coordination structures, financing, programming modalities, and actor engagement fundamentally shape whether a nexus approach is feasible later.

The piece examines whether local actors — often the first responders — can and should be positioned to lead nexus approaches from the outset, rather than waiting for international coordination mechanisms to establish themselves, and what this requires from international actors in terms of pre-positioned partnerships, flexible financing, and genuine commitment to local leadership.",Article,"Chad,Iraq,Uganda,South Sudan,Syria","Humanitarian,Development,Peace","Governance,Resilience","8. Programming: National and local capacities,5. Programming: People at the centre",Global Policy Journal,Aleix S. Porras Cantons,2025,English,https://www.globalpolicyjournal.com/blog/24/09/2025/hdp-nexus-onset-crisis-can-local-actors-lead-way,,The HDP Nexus at the Onset of Crisis Can Local Actors Lead the Way.webp,The HDP Nexus at the Onset of Crisis Can Local Actors Lead the Way.pdf
The High-Level Independent Panel on UN Peace Operations,"The policy paper discusses the advancements and challenges faced by UN peace operations. Initiated by UN Secretary-General Ban Ki-moon in June 2014, the review focuses on four key aspects: the absence of peace in operating areas, non-viable political processes, asymmetrical threats, and the Security Council\'s renewed commitment to peacekeeping.

The High-Level Independent Panel, led by Nobel laureate Jose Ramos Horta, includes representatives from various countries, aiming to create regional balance. The panel is to produce recommendations by June 2015. Innovations in peacekeeping mandates, such as the Force Intervention Brigade and new technologies, prompt questions on UN's capability and the limits of peacekeeping. There is emphasis on integrating gender perspectives, protecting civilians, and linking peacekeeping with peacebuilding. Despite recent contractions due to economic factors, demand for peacekeeping has increased.

Key challenges include consensus on policy, accountability, and operational planning. The panel aims to consult widely and align its work with other UN reform processes, addressing issues like recurring instability and weak governance.",Policy Paper,"Bangladesh,Brazil,Burundi,Ghana,India",Peace,"Gender,Protection,Governance,Peace & Security","7. Programming: Align with risk environment,4. Programming: Prioritising prevention,8. Programming: National and local capacities,2. Coordination: Empowered leadership",Norwegian Institute of International Affairs (NUPI),Mateja Peter,2015,English,https://www.nupi.no/en/publications/cristin-pub/the-high-level-independent-panel-on-un-peace-operations,,The High-Level Independent Panel on UN Peace Operations.webp,The High-Level Independent Panel on UN Peace Operations.pdf
"The Humanitarian - Development - Peace Nexus and Forced displacement Progress, insights and recommendations for operational practice","This policy paper examines the Humanitarian-Development-Peace (HDP) Nexus approach to addressing forced displacement in low and middle-income countries. Increased forced displacement due to conflicts, climate change, and natural disasters necessitates durable solutions like voluntary return, local integration, and resettlement, which are often inadequate. The paper reviews 27 initiatives employing the HDP Nexus approach, highlighting progress in integrating long-term development thinking into responses, engagement of new actors, and evolving financing mechanisms. Initiatives show increased support for host communities, economic inclusion, and private sector engagement, with gaps in addressing durable solutions such as conditions in areas of origin for voluntary return. Recommendations include responding with coherent HDP Nexus strategies, investing in sustainability and development, and fostering peace programming that tackles structural drivers of conflict. The findings identify areas for improvement like enhancing coherence in programming, facilitating greater government involvement, and developing sustainable financing solutions.",Policy Paper,"Afghanistan,Ethiopia","Development,Humanitarian,Peace","Livelihoods,Gender,Peace & Security,Economic Development,Displacement & Migration,Governance,Resilience","4. Programming: Prioritising prevention,1. Coordination: Joint analysis,10. Financing: Develop evidence-based strategies","Development Center, OECD, UNHCR","Development Center, OECD, UNHCR",2024,English,https://www.oecd.org/en/publications/the-humanitarian-development-peace-nexus-and-forced-displacement_3e493170-en.html,,"The Humanitarian - Development - Peace Nexus and Forced displacement Progress, insights and recommendations for operational practice.webp","The Humanitarian - Development - Peace Nexus and Forced displacement Progress, insights and recommendations for operational practice.pdf"
The humanitarian development nexus in action: A review and mapping of market-led approaches in forced displacement contexts,"This report by the ILO and UNHCR explores market-led approaches to support livelihoods in forced displacement contexts. It discusses the importance of integrating humanitarian and development efforts to find durable solutions for displaced individuals, focusing on self-reliance and economic opportunities. The document categorizes market-based approaches into three types: push-only, pull-only, and push-and-pull strategies, analyzing their effectiveness in displacement contexts. It underscores the need for systemic thinking and multi-year funding to achieve sustainable impact. Case studies from various countries illustrate the practical application of these approaches, providing insights into challenges, successes, and key recommendations for practitioners. The report highlights the necessity of aligning interventions with market systems, ensuring inclusivity, and fostering partnerships to facilitate market-based programming as a viable solution for economic inclusion and social cohesion between refugees and host communities.",Report,Ethiopia,"Development,Humanitarian","Livelihoods,Protection,Social Cohesion,Economic Development,Displacement & Migration","5. Programming: People at the centre,8. Programming: National and local capacities,11. Financing: Predictable flexible multi-year","ILO, UNHCR",International Labor Organization,2023,English,https://data.unhcr.org/en/documents/details/103042,,The humanitarian development nexus in action A review and mapping of market-led approaches in forced displacement contexts.webp,The humanitarian development nexus in action A review and mapping of market-led approaches in forced displacement contexts.pdf
The Humanitarian Reset (March 2025),"This formal letter (March 10, 2025) from Emergency Relief Coordinator Tom Fletcher to the IASC humanitarian community launches the Humanitarian Reset — a system-wide reform responding to the 'profound crisis of legitimacy, morale, and funding' facing humanitarian action. It outlines three strategic priorities: best possible crisis response with available resources; urgent reform and reimagination of how the system works; and shifting power to humanitarian leaders in country and the people served. 

Specific actions include prioritising local/national actors for pooled fund allocations, shifting to cash-transfer programming, reviewing CBPF/CERF alignment, and simplifying coordination. A foundational document for understanding the most significant humanitarian system reform since the 2016 Grand Bargain.",Policy Paper,,"Humanitarian,Development","Coordination,Financing,Localisation,Policy & Strategy","2. Coordination: Empowered leadership,8. Programming: National and local capacities,11. Financing: Predictable flexible multi-year",OCHA / Inter-Agency Standing Committee (IASC),Tom Fletcher,2025,English,https://www.unocha.org/news/humanitarian-reset-0,,The Humanitarian Reset (March 2025).webp,The Humanitarian Reset (10 March 2025).pdf
The Humanitarian-Development Nexus and its Operationalisation for Health Interventions in Mali,"This peer-reviewed journal article (Journal of International Humanitarian Action, December 2025) presents a qualitative case study of the humanitarian-development nexus for health systems in Mali — continuously ranked among the world's most fragile nations.

Based on key informant interviews conducted in Mali and a document review, it examines how the HD nexus has been operationalised (or failed to be operationalised) specifically for health interventions in a context of recurrent conflict, multiple coups, and restricted humanitarian access. It finds that the convergence of multiple mandates in Mali has created 'blurred lines', fragmented coordination, and limited coherence between humanitarian and development health actors.

Notes regional Sahel analogies, including USAID's RISE program in Burkina Faso and Niger, and the West and Central Africa regional pooled humanitarian fund. One of very few health-specific nexus studies on the Sahel.",Journal Article,Mali,"Humanitarian,Development","Health,Resilience","1. Coordination: Joint analysis,4. Programming: Prioritising prevention,9. Programming: Learning and evidence",Journal of International Humanitarian Action,"Amany Qaddour, Gabrielle Prager, Adama Yalcouye, Aminata Traore, Christopher Lindahl & Paul Spiegel",2025,English,https://link.springer.com/article/10.1186/s41018-025-00182-z,,The Humanitarian-Development Nexus and its Operationalisation for Health Interventions in Mali.webp,The Humanitarian-Development Nexus and its Operationalisation for Health Interventions in Mali.pdf
The Humanitarian-Development Nexus and Sexual and Reproductive Health in Fragile Settings: A Scoping Review,"Published in PLOS Global Public Health (February 2026), this peer-reviewed scoping review examines the operationalisation of the humanitarian-development-peace nexus for sexual and reproductive health (SRH), maternal, newborn, child, and adolescent health (MNCH/AH) in fragile settings. Screening 2,570 publications (36 peer-reviewed, 27 grey literature), the review identifies three overarching themes: SRH prioritisation across the humanitarian-development continuum; the transition between minimum and comprehensive service packages; and health systems strengthening as the bridge between humanitarian response and development.

The review finds very few studies addressing the peace dimension within health-sector nexus approaches, and highlights critical gaps in adolescent and child health programming at the nexus. Authored by researchers from Johns Hopkins Bloomberg School of Public Health, Brown University, and LSHTM.",Journal Article,,"Humanitarian,Development,Peace","Health,Policy & Strategy,Learning & Evidence","7. Programming: Align with risk environment,9. Programming: Learning and evidence","Johns Hopkins Bloomberg School of Public Health, Brown University","Amany Qaddour, Hannah Tappis et al.",2026,English,https://www.ncbi.nlm.nih.gov/pmc/articles/PMC12871988/,,The Humanitarian-Development Nexus and Sexual and Reproductive Health in Fragile Settings A Scoping Review.webp,The Humanitarian-Development Nexus and Sexual and Reproductive Health in Fragile Settings A Scoping Review.pdf
"The Humanitarian-Development Nexus: Humanitarian Principles, Practice, and Pragmatics","This peer-reviewed journal article analyses the humanitarian–development nexus by examining how the encounter between the humanitarian and development 'segments' of the international system challenges each domain's foundational principles and practices. 

Drawing on field research, the article explores how humanitarian actors adapt when discursively recast situations as development contexts — particularly the impact on humanitarian principles such as neutrality, impartiality, and independence. It finds that humanitarians take increasingly pragmatic stances regarding principles while aligning with development activities, and examines the implications of this for the future of the humanitarian space and what it terms 'mission creep'.

The article contributes to understanding of tensions in the operational integration of humanitarian and development approaches.",Journal Article,,"Development,Humanitarian","Governance,Peace & Security,Resilience","4. Programming: Prioritising prevention,5. Programming: People at the centre,6. Programming: Do no harm,7. Programming: Align with risk environment,9. Programming: Learning and evidence",Norwegian Institute of International Affairs (NUPI),Jon Harald Sande Lie,2020,English,https://jhumanitarianaction.springeropen.com/articles/10.1186/s41018-020-00086-0,,"The Humanitarian-Development Nexus Humanitarian Principles, Practice, and Pragmatics.webp","The Humanitarian-Development Nexus Humanitarian Principles, Practice, and Pragmatics.pdf"
The Humanitarian-Development Nexus: Modeling Education in Crisis,"This Education Cannot Wait/UNICEF event report documents discussions from a high-level dialogue on applying the humanitarian-development nexus to education in crisis contexts. It examines how education actors can move beyond emergency response to build more durable education systems in fragile and conflict-affected settings — advancing the nexus between immediate crisis education and longer-term education system development. The report covers financing models, programmatic approaches, system-strengthening strategies, and the role of national governments and local actors in nexus-oriented education programming.",Event Report,,"Development,Humanitarian","Governance,Resilience,Social Cohesion","1. Coordination: Joint analysis,5. Programming: People at the centre,8. Programming: National and local capacities,9. Programming: Learning and evidence,10. Financing: Develop evidence-based strategies,11. Financing: Predictable flexible multi-year","Education Cannot Wait, UNICEF",Education Cannot Wait,2019,English,https://www.educationcannotwait.org/sites/default/files/2022-01/HLSG%20Humanitarian%20Development%20Nexus%20Paper%20April%202019.pdf,,The Humanitarian-Development Nexus Modeling Education in Crisis.webp,The Humanitarian-Development Nexus Modeling Education in Crisis.pdf
The Humanitarian-Development-Peace & Security Nexus,"The report discusses the Humanitarian-Development-Peace & Security Nexus, emphasizing the importance of integrating humanitarian, developmental, and peace efforts to address complex conflict systems effectively. It outlines the double nexus, linking humanitarian and development work, with the triple nexus including peace interventions for holistic strategies. 

The nexus approach aims to reduce unmet needs by prioritizing prevention, mediation, and development while addressing immediate humanitarian needs. Challenges in practice, such as funding limitations, differing inclinations among actors, and coordination complexities, are identified.

To enable successful nexus programming, common interests like resilience and protracted displacement are highlighted, advocating for coalition-building and leveraging existing planning cycles.

Examples include the Nexus Coordinator in the DRC and joint programs in Cameroon and Uganda.",Report,"Cameroon,Central African Republic,Democratic Republic of the Congo","Development,Humanitarian,Peace","Livelihoods,Peace & Security,Displacement & Migration,Resilience","4. Programming: Prioritising prevention,11. Financing: Predictable flexible multi-year","Centre on Conflict Development and Peacebuilding, Global Mentoring Initiative","Centre on Conflict development and peacebuilding, Global Mentoring Initiative",2020,English,https://static1.squarespace.com/static/58256bc615d5db852592fe40/t/5f90598a050bd23a7f986ba0/1603295626964/Intro+to+the+Nexus.pdf,,The Humanitarian-Development-Peace & Security Nexus.webp,The Humanitarian-Development-Peace & Security Nexus.pdf
"The Humanitarian-Development-Peace Nexus and Forced Displacement: Progress, Initiatives, Challenges","This OECD-UNHCR-Development Centre policy paper examines the specific application of the HDP Nexus to forced displacement contexts, documenting progress, initiatives, and persistent challenges since the adoption of the OECD DAC Recommendation. The paper analyses how the nexus framework has been operationalised to address forced displacement — moving from emergency response toward sustainable solutions — and identifies structural barriers in financing, coordination, and governance that impede more effective nexus programming for displaced populations. It provides updated policy recommendations building on the 2023 Global Refugee Forum commitments.",Policy Brief,,"Development,Humanitarian,Peace","Displacement & Migration,Governance,Economic Development,Resilience","1. Coordination: Joint analysis,3. Coordination: Political engagement,8. Programming: National and local capacities,10. Financing: Develop evidence-based strategies,11. Financing: Predictable flexible multi-year","OECD, UNHCR, OECD Development Centre","OECD, UNHCR",2024,English,https://www.oecd.org/content/dam/oecd/en/publications/reports/2024/11/the-humanitarian-development-peace-nexus-and-forced-displacement_76f8c006/3e493170-en.pdf,,"The Humanitarian-Development-Peace Nexus and Forced Displacement Progress, Initiatives, Challenges.webp","The Humanitarian-Development-Peace Nexus and Forced Displacement Progress, Initiatives, Challenges.pdf"
The Humanitarian-Development-Peace Nexus in Practice: A Literature Review,"Systematic literature review (BMZ, 2021) identifying and evaluating approaches that contribute to or hinder successful implementation of the HDP nexus in practice. Commissioned by the German Federal Ministry for Economic Cooperation and Development (BMZ) to inform its Strategy on Transitional Development Assistance (published July 2020), it reviews international experience from Germany, the EU, non-European states and international organisations, covering HDP nexus pilot countries and projects involving the World Bank, UN and EU. Organised around four themes: coordination; resilience, impact measurement and evaluation; programming; and financing approaches.

Findings emphasise the centrality of close coordination, strengthening resilience as an explicit objective, ongoing learning from evaluation, context-specific programming, and flexible financing. Draws conclusions for BMZ's own transitional development assistance instruments, including the BMZ 2030 reform process and its new 'peace and nexus partnerships' category. Includes an excursus on the nexus in the context of the COVID-19 pandemic.",Report,,"Humanitarian,Development,Peace","Coordination,Resilience,Financing,Policy & Strategy,Learning & Evidence","1. Coordination: Joint analysis,9. Programming: Learning and evidence,10. Financing: Develop evidence-based strategies,11. Financing: Predictable flexible multi-year","BMZ (Federal Ministry for Economic Cooperation and Development, Germany)",BMZ,2021,English,https://www.bmz.de/resource/blob/79796/materialie530-humanitarian-development-peace-nexus.pdf,,The Humanitarian-Development-Peace Nexus in Practice A Literature Review.webp,The Humanitarian-Development-Peace Nexus in Practice A Literature Review.pdf
The Humanitarian-Development-Peace Nexus What does it mean for multi-mandated organizations?,"The paper explores the concept of the humanitarian-development-peace nexus within multi-mandated organizations. It highlights the increasing complexity of global crises, including protracted conflicts and intense climate-related shocks, and emphasizes the interconnected nature of humanitarian relief, development, and peacebuilding. The nexus framework seeks to address vulnerabilities comprehensively, challenging the traditional, fragmented aid system and promoting more coherent coordination among different stakeholders.

The paper underscores the benefits of the nexus approach, such as enhanced gender justice, local leadership, and sustainable development, while recognizing potential risks, including the politicization of aid, neglect of immediate humanitarian needs, and dilution of humanitarian principles.

The document advocates for systematic integration of conflict sensitivity and local peace capacities, alongside significant changes to funding mechanisms and program implementation to foster collaboration between humanitarian, development, and peace actors. Ultimately, Oxfam calls for adaptable, context-specific strategies that prioritize local capacities and emphasize consensus-building, learning, and inclusivity.",Policy Paper,"Afghanistan,Burundi,Central African Republic,Chad,Ethiopia,Iraq,Democratic Republic of the Congo","Development,Humanitarian,Peace","Climate,Gender,Peace & Security,Protection,WASH,Economic Development,Livelihoods,Governance,Social Cohesion,Displacement & Migration,Resilience","7. Programming: Align with risk environment,5. Programming: People at the centre,8. Programming: National and local capacities,3. Coordination: Political engagement,11. Financing: Predictable flexible multi-year",Oxfam,Oxfam,2019,English,https://policy-practice.oxfam.org/resources/the-humanitarian-development-peace-nexus-what-does-it-mean-for-multi-mandated-o-620820/,,The Humanitarian-Development-Peace Nexus What does it mean for multi-mandated organizations.webp,The Humanitarian-Development-Peace Nexus What does it mean for multi-mandated organizations.pdf
The Humanitarian-Development-Peace Nexus: Interim Progress Review,"This OECD interim progress review, published in 2022, assesses progress made by DAC members and UN adherents in implementing the OECD DAC Recommendation on the Humanitarian-Development-Peace Nexus since its adoption in 2019.

Drawing on a global survey, country case studies, and stakeholder consultations, the review documents advances in shared understanding, collective outcomes, and nexus-aligned financing, while identifying nine areas requiring accelerated action.

Key findings note that strategic momentum around the Recommendation must be seized, that coordination advances have not always translated into programming change, and that nexus-friendly financing models must be systematically integrated into the international aid architecture.",Report,,"Development,Humanitarian,Peace","Governance,Resilience,Peace & Security","1. Coordination: Joint analysis,2. Coordination: Empowered leadership,3. Coordination: Political engagement,9. Programming: Learning and evidence,10. Financing: Develop evidence-based strategies,11. Financing: Predictable flexible multi-year",OECD,OECD,2022,English,https://www.oecd.org/en/publications/the-humanitarian-development-peace-nexus-interim-progress-review_2f620ca5-en.html,3,The Humanitarian-Development-Peace Nexus Interim Progress Review.webp,The Humanitarian-Development-Peace Nexus Interim Progress Review.pdf
The Humanitarian-Development-Peace Nexus: Towards Differentiated Configurations,"This paper critically examines the Humanitarian-Development-Peace (HDP) nexus, aiming to propose differentiated configurations as a comprehensive response to protracted crises like displacement. It identifies ideological diversity within humanitarian, development, and peace sectors, arguing against generalizations that ignore overlaps and organizational specificity.

The paper distinguishes between interorganizational efforts to bridge silos and intraorganizational processes to break silos, advocating for context-specific nexus configurations informed by local circumstances such as political conditions and needs. Additionally, it emphasizes the need to substantiate nexus approaches with thematic entry points, such as infrastructure, employment, or social protection, to ensure practical applicability. Ultimately, it warns against a nexus-blueprint and calls for tailored approaches that account for ideological, operational, contextual, and substantive factors.",Policy Paper,Afghanistan,"Development,Humanitarian,Peace","Economic Development,Governance,Social Cohesion,Displacement & Migration,Resilience","7. Programming: Align with risk environment,6. Programming: Do no harm,3. Coordination: Political engagement,10. Financing: Develop evidence-based strategies",UNRISD,Sebastian Weishaupt,2020,English,https://cdn.unrisd.org/assets/library/papers/pdf-files/wp2020-8-weishaupt.pdf,,The Humanitarian-Development-Peace Nexus Towards Differentiated Configurations.webp,The Humanitarian-Development-Peace Nexus Towards Differentiated Configurations.pdf
The Humanitarian-Peace Nexus,"The paper analyzes the emerging concept of the humanitarian-peace nexus, focusing on collaboration between humanitarian and peace actors to address issues of internal displacement. Traditionally, the collaboration between humanitarian, development, and peace actors under the 'triple nexus' has been slow, primarily due to concerns about compromising humanitarian principles.

The document highlights the challenges of integrating humanitarian and peace efforts, such as differences in missions and limited strategic coordination mechanisms. It proposes specific recommendations for enhancing cooperation, emphasizing IDPs' involvement in peace processes and transitional justice. Additionally, the paper advocates for better financing mechanisms that support durable solutions for those displaced, and urges for peace agreements to proactively include IDP concerns.

The report encourages stakeholders to engage IDPs politically, integrate them into peace negotiations, develop financial strategies that are flexible and multi-year, and enhance collaboration between peace operations and humanitarian actors.",Report,"Azerbaijan,Colombia,Georgia,Iraq,Democratic Republic of the Congo","Humanitarian,Peace","Protection,Peace & Security,Governance,Social Cohesion,Displacement & Migration","6. Programming: Do no harm,1. Coordination: Joint analysis,2. Coordination: Empowered leadership,11. Financing: Predictable flexible multi-year",UN Secretary-General\'s High Level Panel on Internal Displacement,Dr. Elizabeth Ferris,2020,English,https://www.un.org/internal-displacement-panel/sites/www.un.org.internal-displacement-panel/files/ferris_humanitarian_peace_nexus_0.pdf,,The Humanitarian-Peace Nexus.webp,The Humanitarian-Peace Nexus.pdf
The humanitarian–development–peace nexus and UN 2.0: a field practitioner's perspective,"An article providing a field practitioner's perspective on applying the HDP nexus in Mali. It strongly advocates for structural reform in financing, highlighting the critical need for flexible, multi-year funding to enable rapid programmatic pivots in volatile environments. Usefulness/New Knowledge: Brings the high-level 'UN 2.0' reform agenda down to the dirt in Mali, exposing exactly how inflexible financing mechanisms undermine agile field responses.",Article,Mali,"Humanitarian,Development,Peace","Governance,Peace & Security","11. Financing: Predictable flexible multi-year,2. Coordination: Empowered leadership",ODI,ODI HPN,2025,English,https://odihpn.org/en/publication/the-humanitarian-development-peace-nexus-and-un-2-0-a-field-practitioners-perspective-on-bridging-silos-for-humanitarian-impact/,,The humanitarian–development–peace nexus and UN 2.0 a field practitioner's perspective.webp,The humanitarian–development–peace nexus and UN 2.0 a field practitioner's perspective.pdf
The Humanitarian–Development–Peace Nexus in Colombia's PDET Regions,"This study examines the application of the humanitarian-development-peace nexus in Colombia's Programas de Desarrollo con Enfoque Territorial (PDET) regions — areas that saw some of the most intense conflict during Colombia's armed conflict and have been prioritised for comprehensive transformation under the 2016 Peace Agreement.

The PDET regions present a unique case for the nexus: they simultaneously face ongoing humanitarian needs from residual armed conflict and displacement, major development deficits, and active peacebuilding processes under the peace accord framework.

The study analyses how the three pillars of the nexus interact in this specific post-agreement context, examining how international and national actors are coordinating across humanitarian response, development investment, and peacebuilding support. It identifies the specific opportunities and tensions of nexus implementation where a peace agreement provides a political framework, and draws lessons for other post-agreement contexts.",Article,Colombia,"Humanitarian,Development,Peace","Peace & Security,Economic Development","4. Programming: Prioritising prevention,8. Programming: National and local capacities",Duke University,Angelika Rettberg,2025,English,https://peacenews.com/the-humanitarian-development-peace-nexus-in-colombias-pdet-regions/,,The Humanitarian–Development–Peace Nexus in Colombia's PDET Regions.webp,The Humanitarian–Development–Peace Nexus in Colombia's PDET Regions.pdf
The Humanitarian–Development–Peace Nexus in Practice: Building Climate and Conflict Sensitivity into Humanitarian Projects,"Examines how to operationalize the HDP Nexus in environmentally fragile, conflict-affected settings by integrating conflict sensitivity and climate adaptation into humanitarian projects. Usefulness/New Knowledge: Merges climate adaptation science with conflict sensitivity methodologies, creating a dual-lens approach critical for operating in environmentally degraded conflict zones.",Guide,,"Peace,Humanitarian,Development","Peace & Security,Environment,Climate","6. Programming: Do no harm,7. Programming: Align with risk environment",HDP Nexus Platform,HDP Nexus Platform,2025,English,https://hdpnexus.net/documents,,The Humanitarian–Development–Peace Nexus in Practice Building Climate and Conflict Sensitivity into Humanitarian Projects.webp,
"The Humanitarian, Development and Peace Nexus (HDPN) in Africa: the Urgent Need for a Coherent Framework for Health","This article discusses the urgent need for a coherent framework integrating health into the humanitarian, development, and peace nexus (HDPN) in Africa. The HDPN approach seeks to bridge gaps between humanitarian, development, and peacebuilding efforts, aiming for integrated and coordinated responses in crises marked by fragility, conflict, and violence. Despite progress, the adoption of HDPN in Africa lags, with a high prevalence of protracted crises affecting health systems and economies.

The paper advocates for strategic collaboration among stakeholders including the African Union, WHO, and major funders, emphasizing health security and resilient health systems as critical components. It underscores the importance of leveraging resources efficiently to address immediate health needs, rebuild systems, and tackle underlying crisis drivers.

Furthermore, it proposes methodologies for developing an HDPN framework grounded in evidence and stakeholder engagement to operationalize and align health responses with broader HDPN strategies across Africa.",Journal Article,,"Development,Humanitarian,Peace","Health,Governance,Food Security & Nutrition,Social Cohesion,Displacement & Migration,Resilience","7. Programming: Align with risk environment,8. Programming: National and local capacities,11. Financing: Predictable flexible multi-year",WHO,"Ambrose Talisuna, Georges Alfred Kizerbo, Hiba Boujnah, Mayur Lalji Mandalia, Redda Seifeldin, Samuel Tweed, Sohel Saikat",2023,English,https://gh.bmj.com/content/8/10/e013880,,"The Humanitarian, Development and Peace Nexus (HDPN) in Africa the Urgent Need for a Coherent Framework for Health.webp","The Humanitarian, Development and Peace Nexus (HDPN) in Africa the Urgent Need for a Coherent Framework for Health.pdf"
"The Humanitarian, Development and Peace Nexus Approach: Practical Guidance with Recommended Steps & Examples from Country Food Security Clusters","The Humanitarian, Development, and Peace Nexus (HDPN) approach seeks to bridge the gap between humanitarian, development, and peace (HDP) actors to address protracted food crises more effectively. The guidance note by the Global Food Security Cluster outlines practical steps for implementing the HDPN approach in food security clusters at the country level.

With examples from five pilot countries-Chad, Mali, Nigeria, Somalia, and South Sudan-the note describes four key phases: mapping HDP actors and activities, conducting joint analysis of hunger and food insecurity drivers, planning aligned and complementary responses, and strengthening coordination tools for monitoring, evaluation, accountability, and learning. It emphasizes the need for collective outcomes, improved coordination across HDP sectors, and the necessity of ensuring sustained engagement from all HDP actors including national governments.

The guidance further discusses data sharing, context-specific methodologies, and resource requirements for carrying out the comprehensive HDPN approach.",Guide,Chad,"Development,Humanitarian,Peace","Disaster Risk Reduction,Food Security & Nutrition,Economic Development,Governance,Resilience","8. Programming: National and local capacities,1. Coordination: Joint analysis,11. Financing: Predictable flexible multi-year",Global Food Security Cluster,Global Food Security Cluster,2023,English,https://fscluster.org/document/hdpn-approach-practical-guidance,,"The Humanitarian, Development and Peace Nexus Approach Practical Guidance with Recommended Steps & Examples from Country Food Security Clusters.webp","The Humanitarian, Development and Peace Nexus Approach Practical Guidance with Recommended Steps & Examples from Country Food Security Clusters.pdf"
"The Humanitarian, Development And Peace Nexus: From Paradigm To Practice",A study outlining how the WFP clarifies its role in mainstreaming the HDP approach into its strategic planning to address complex food insecurity in protracted crises. Usefulness/New Knowledge: Details the strategic restructuring of the world's largest humanitarian agency as it attempts to permanently embed peace and development into its corporate DNA.,Report,"Haiti,Iraq,Democratic Republic of the Congo","Humanitarian,Development,Peace","Food Security & Nutrition,Governance","1. Coordination: Joint analysis,2. Coordination: Empowered leadership",Geneva Graduate Institute,Triya Roy,2025,English,https://www.graduateinstitute.ch/sites/internet/files/2024-10/FINAL.2024-08_HDPNexusApproach_56--1----Triya-Roy.pdf,,"The Humanitarian, Development And Peace Nexus From Paradigm To Practice.webp","The Humanitarian, Development And Peace Nexus From Paradigm To Practice.pdf"
The Impact of Spoilers on Peace Processes and Peacebuilding,"This journal article explores the role of spoilers and spoiling tactics in peace processes and peacebuilding efforts. Spoilers are groups or individuals who seek to hinder, delay, or undermine conflict settlements for various reasons. 

The authors argue that peace processes are often complicated by these spoilers, who may be rebels, insurgents, governments, or external entities such as Diasporas or states. Spoiler violence does not necessarily indicate the failure of a peace process, as such behavior can be part of peace processes, reflecting broader social and political changes. Addressing spoilers requires identifying their motives and understanding their capacity to leverage conflicts.

The article examines the influence of external third-party facilitators, the impact of asymmetrical power relations, and the normative dilemmas in promoting the liberal peace framework. The establishment of a UN Peacebuilding Commission is discussed as a step toward improving international coordination in peacebuilding efforts, although challenges remain in effectively integrating all actors and addressing spoilers\' devious objectives.",Article,"Afghanistan,Angola,Democratic Republic of the Congo,Haiti,Indonesia,Iraq,Bosnia and Herzegovina",Peace,"Governance,Protection,Peace & Security","4. Programming: Prioritising prevention,2. Coordination: Empowered leadership,10. Financing: Develop evidence-based strategies",United Nations University,"Edward Newman, Oliver Richmond",2006,English,https://collections.unu.edu/eserv/UNU:3095/pb2_06.pdf,,The Impact of Spoilers on Peace Processes and Peacebuilding.webp,The Impact of Spoilers on Peace Processes and Peacebuilding.pdf
The Nexus Approach and Its Impact on Educational Performance in Ethiopia,"Blog post in NORRAG's Humanitarian-Development-Peace Nexus blog series examining Ethiopia's application of the nexus approach to improving educational performance. Argues that integrating education with complementary sectors — nutrition, health, WASH, and social protection — creates a more effective and sustainable model for addressing learning outcomes in crisis-affected and fragile contexts. 

Highlights school feeding programmes and multi-sectoral coordination as concrete mechanisms through which the nexus approach strengthens educational access and quality. Provides field-level evidence from Ethiopia on how cross-sectoral programming can produce better results than siloed educational interventions.",Article,Ethiopia,"Humanitarian,Development","Education,Food Security & Nutrition,Health,Resilience,Social Cohesion","5. Programming: People at the centre,8. Programming: National and local capacities",NORRAG,Shirega Minuye,2026,English,https://www.norrageducation.org/the-nexus-approach-and-its-impact-on-educational-performance-in-ethiopia/,,The Nexus Approach and Its Impact on Educational Performance in Ethiopia.webp,The Nexus Approach and Its Impact on Educational Performance in Ethiopia.pdf
The Nexus in Practice: A Spotlight Report by the Peace & Security Thematic Working Group,"The report examines the implementation of the DAC Recommendation on the Humanitarian-Development-Peace Nexus, assessing progress and challenges in applying the triple nexus approach. The DAC-CSO Reference Group focuses on the integration and cooperation among humanitarian, development, and peace actors.

Despite several initiatives aimed at improving cohesion, the report highlights the uneven progress, particularly the deprioritization of the peace component and insufficient funding. It suggests transforming donor-driven systems into people-centered approaches and enhancing localization efforts and civil society capacities. Key barriers identified include political inertia, donor-driven silos, and inadequate funding structures.

The report calls for systemic changes, emphasizing the importance of accountability, increased funding to peace initiatives, and improved coordination among stakeholders for effective nexus implementation in conflict-prone regions. The document portrays a need for broader inclusion of civil society in decision-making processes, ensuring local organizations are equipped to address humanitarian, development, and peace issues effectively.",Report,"Afghanistan,Cameroon,Chad,Ethiopia","Development,Humanitarian,Peace","Climate,Governance,Environment,Gender,Economic Development,Recovery,Food Security & Nutrition,Disaster Risk Reduction,Protection,Social Cohesion,Displacement & Migration,Resilience","7. Programming: Align with risk environment,8. Programming: National and local capacities,3. Coordination: Political engagement,10. Financing: Develop evidence-based strategies","Civil Society Platform for Peacebuilding and Statebuilding (CSPPS), ICVA, Reality of Aid","Civil Society Platform for Peacebuilding and Statebuilding (CSPPS), ICVA, Reality of Aid",2024,English,https://www.cspps.org/files/2024-04/The%20Nexus%20in%20Practice_1.pdf,,The Nexus in Practice A Spotlight Report by the Peace & Security Thematic Working Group.webp,The Nexus in Practice A Spotlight Report by the Peace & Security Thematic Working Group.pdf
The Nexus in Practice: The Long Journey to Impact,"The report by the Norwegian Refugee Council examines the operationalization of the Humanitarian-Development-Peace (HDP) Nexus approach in five fragile and conflict-affected contexts: Libya, Iraq, Cameroon, Somalia, and Afghanistan. Each case highlights differing practices in implementing Nexus approaches, ranging from transitions from humanitarian to development-led responses in Iraq and Libya, to locally-driven strategies in Cameroon, and challenges faced in Somalia and Afghanistan due to an overreliance on humanitarian assistance.

Key findings include the need for greater political will for complementary development funding, issues surrounding protection and inclusivity, and barriers posed by inadequate coordination and financing structures. 

Recommendations emphasize strengthening donor coordination, local capacities, ensuring protection mechanisms, and promoting long-term, flexible financing to better align humanitarian, development, and peace actions for durable solutions. The overarching conclusion suggests adapting existing coordination structures and financing approaches to address the emerging 'grey-zone' between humanitarian and development interventions in protracted crisis settings.",Report,"Afghanistan,Cameroon,Iraq","Development,Humanitarian,Peace","Protection,Economic Development,Displacement & Migration,Governance,Resilience","6. Programming: Do no harm,2. Coordination: Empowered leadership,11. Financing: Predictable flexible multi-year,8. Programming: National and local capacities,3. Coordination: Political engagement",Norwegian Refugee Council (NRC),Lene Grønkjær,2023,English,https://reliefweb.int/report/libya/nexus-practice-long-journey-impact,,The Nexus in Practice The Long Journey to Impact.webp,The Nexus in Practice The Long Journey to Impact.pdf
The Peace Dilemma in the Triple Nexus: Challenges and Opportunities for the Humanitarian-Development-Peace Approach,"The article explores the challenges and opportunities presented by the integration of peace into the humanitarian-development-peace (HDP) nexus. It analyzes projects in Kenya, Pakistan, the Philippines, and Indonesia, employing literature reviews and interviews with 55 donors, practitioners, and academics.

The research finds that adding peace to the nexus requires cultural and systemic shifts in international aid delivery, including moving away from project-based approaches, and raises questions about whether it undermines humanitarian principles.

The study emphasizes the need for increased coordination and critical rethinking of systems affecting humanitarian, development, and peace efforts. Key challenges identified include adapting to different timescales and donor financing strategies. The findings suggest that peacebuilding should focus on social cohesion at community levels and should not conflict with humanitarian principles when appropriately defined.",Journal Article,"Colombia,Indonesia,Democratic Republic of the Congo","Development,Humanitarian,Peace","Peace & Security,Disaster Risk Reduction,Social Cohesion,Protection,Economic Development,Governance,Resilience","6. Programming: Do no harm,4. Programming: Prioritising prevention,1. Coordination: Joint analysis,11. Financing: Predictable flexible multi-year","Brown University, Erasmus University Rotterdam","Rodrigo Mena, Summer Brown, Sylvia Brown",2024,English,https://www.tandfonline.com/doi/full/10.1080/09614524.2024.2334774,,The Peace Dilemma in the Triple Nexus Challenges and Opportunities for the Humanitarian-Development-Peace Approach.webp,The Peace Dilemma in the Triple Nexus Challenges and Opportunities for the Humanitarian-Development-Peace Approach.pdf
The Programme Clinic: Designing conflict-sensitive interventions,"The guide 'The Programme Clinic: Designing conflict-sensitive interventions' by the Food and Agriculture Organization (FAO) provides methodologies for developing conflict-sensitive intervention strategies in fragile and conflict-affected contexts. Emphasizing the importance of context analysis, the document outlines a five-step process to ensure interventions minimize negative impacts on local conflicts while maximizing peace contributions. It includes stakeholder analysis, conflict driver identification, and assessment of peace and conflict impacts.

The guide highlights the role of agriculture in conflict zones and stresses the need for adaptive strategies to sustain peace and social cohesion. Developed through collaboration with Interpeace, the guide encourages iterative learning and practical application, offering a workshop-based approach that is accessible for practitioners without expert facilitation. Feedback from field offices across multiple countries has contributed to its refinement, aiming to improve future engagements in humanitarian and development contexts.",Guide,Iraq,"Development,Humanitarian,Peace","Livelihoods,Food Security & Nutrition,Disaster Risk Reduction,Social Cohesion,Governance,Resilience","7. Programming: Align with risk environment,6. Programming: Do no harm,4. Programming: Prioritising prevention,8. Programming: National and local capacities",FAO,FAO,2019,English,https://www.fao.org/in-action/kore/publications/publications-details/en/c/1206212/,,The Programme Clinic Designing conflict-sensitive interventions.webp,The Programme Clinic Designing conflict-sensitive interventions.pdf
"The Triple Humanitarian, Development and Peace Nexus: In Context and Everyday Perspective (Introduction)","This introductory chapter launches the Global Policy e-book series 'The Triple Humanitarian, Development and Peace Nexus: In Context and Everyday Perspective', edited by Marina Ferrero Baselga and Rodrigo Mena. The e-book compiles first-hand accounts from practitioners, donors, and academics across diverse organisations including Oxfam, Plan International, Dutch Relief Alliance, and Action Against Hunger, examining how various actors understand, operationalise, apply, and conceptualise the triple nexus in everyday practice. The introduction frames the key questions the series addresses: whether the triple nexus is genuinely new, who it serves, how it operates beyond policy debates in local and organisational realities, and what risks and opportunities it holds. It provides essential framing for a rich body of practitioner knowledge serialised throughout 2025.",Article,,"Humanitarian,Development,Peace","Policy & Strategy,Localisation,Coordination",9. Programming: Learning and evidence,,"Marina Ferrero Baselga, Rodrigo Mena",2025,English,https://www.globalpolicyjournal.com/blog/05/01/2025/triple-humanitarian-development-and-peace-nexus-context-and-everyday-perspective,,"The Triple Humanitarian, Development and Peace Nexus In Context and Everyday Perspective (Introduction).webp","The Triple Humanitarian, Development and Peace Nexus- In Context and Everyday Perspective (Introduction).pdf"
The Triple Nexus – Threat or Opportunity for the Humanitarian Principles?,"This discussion paper by Marc DuBois examines the relationship between the Humanitarian-Development-Peace Nexus (Triple Nexus) and the humanitarian principles of humanity, impartiality, neutrality, and independence.

The paper argues that humanitarian objections to the Nexus often misread the principles, which function as flexible ideals rather than rigid regulations. It proposes two pathways forward: (1) applying 'Nexus-thinking' to improve humanitarian programming by extending its scope and temporal dimension, particularly in protracted crises; and (2) revaluing the principle of humanity — centred on human dignity — as a common ground across the three sectors.

The paper concludes that the HDP Nexus is not anathema to principled humanitarian action, but holds the key to unlocking it.",Policy Paper,,"Development,Humanitarian,Peace","Resilience,Peace & Security,Social Cohesion,Governance","4. Programming: Prioritising prevention,5. Programming: People at the centre,6. Programming: Do no harm,7. Programming: Align with risk environment,9. Programming: Learning and evidence,1. Coordination: Joint analysis,2. Coordination: Empowered leadership","Centre for Humanitarian Action (CHA), Maecenata Foundation",Marc DuBois,2020,English,https://www.chaberlin.org/wp-content/uploads/2020/05/2020-05-triple-nexus-threat-or-opportunity-dubois-en.pdf,,The Triple Nexus – Threat or Opportunity for the Humanitarian Principles.webp,The Triple Nexus – Threat or Opportunity for the Humanitarian Principles.pdf
The Triple Nexus (H-D-P) and Implications for Durable Solutions to Internal Displacement,Analyzes how planned relocations and local civil society interventions can perform protective and transformative social protection functions for those displaced by climate change. Usefulness/New Knowledge: Re-frames climate relocation from a humanitarian failure to a proactive developmental social protection strategy.,Policy Paper,Bangladesh,"Humanitarian,Development,Peace","Displacement & Migration,Climate","5. Programming: People at the centre,7. Programming: Align with risk environment",Researching Internal Displacement,"Tomy Ncube, Una Murray",2026,English,https://www.un.org/internal-displacement-panel/sites/www.un.org.internal-displacement-panel/files/idrp_hlp_submission_ws3_triple_nexus.pdf,,The Triple Nexus (H-D-P) and Implications for Durable Solutions to Internal Displacement.webp,The Triple Nexus (H-D-P) and Implications for Durable Solutions to Internal Displacement.pdf
The Triple Nexus Framework and its Operationalization across UN Agencies,"Policy brief examining how the triple nexus framework is operationalised across different UN agencies, identifying variations in institutional approach, organisational incentives, and implementation gaps.

Drawing on comparative analysis across UN entities, it provides a cross-agency view of how nexus commitments are translated from policy into programme practice — covering coordination arrangements, mandate tensions between agencies, and the enabling factors and barriers that shape joint implementation across the humanitarian, development and peace pillars at country level.",Policy Brief,,"Humanitarian,Development,Peace","Coordination,Governance,Policy & Strategy","2. Coordination: Empowered leadership,9. Programming: Learning and evidence",Copenhagen Business School,Christina Plesner Volkdal,2025,English,https://research-api.cbs.dk/ws/files/113782380/POLICY_BRIEF_The_Triple_Nexus_Framework_and_its_Operationalization_across_UN-Agencies.pdf,,The Triple Nexus Framework and its Operationalization across UN Agencies.webp,The Triple Nexus Framework and its Operationalization across UN Agencies.pdf
"The Triple Nexus in Mali: Coordination, Securitisation and Blurred Lines","The paper examines the challenges of implementing the Triple Nexus-Humanitarian-Development-Peace-in Mali, emphasizing coordination, securitization, and blurred lines between civilian and military agendas. It highlights the protracted crisis characterized by political instability, jihadist violence, and humanitarian needs, complicating the integration of humanitarian, development, and peace sectors.

The Triple Nexus, seen as a UN-driven concept in Mali, faces struggles in conceptual consistency and coordination among international actors, further amplified by overlaps in mandates and challenges in civil-military relations. Funding mechanisms targeting security have raised concerns among humanitarian organizations regarding neutrality and independence. Political and military interests, security concerns, and European migration regimes influence funding decisions, complicating operational efforts of NGOs.

The paper suggests redefining security to focus on human security and explores potential diplomatic engagements to shift peace strategies from militarized to civilian-centric approaches, possibly advancing social cohesion through job creation and local partnerships.",Policy Paper,Burkina Faso,"Development,Humanitarian,Peace","Peace & Security,Food Security & Nutrition,Displacement & Migration,Governance","6. Programming: Do no harm,5. Programming: People at the centre,2. Coordination: Empowered leadership,11. Financing: Predictable flexible multi-year",Centre for Humanitarian Action (CHA),Dr. Andrea Steinke,2021,"English,French",https://www.chaberlin.org/en/publications/the-triple-nexus-in-mali-coordination-securitisation-and-blurred-lines/,,"The Triple Nexus in Mali Coordination, Securitisation and Blurred Lines.webp","[EN] The Triple Nexus in Mali- Coordination, Securitisation and Blurred Lines.pdf"
The Triple Nexus in Practice: Challenges and Options for Multi-Mandated Organisations,"Few debates on international cooperation currently generate as much momentum and controversy simultaneously as the discourse around the Humanitarian-Development-Peace (Triple Nexus). However, the discussion on a better coordination embedded within the framework of a ‘Humanitarian-Development-Peace’ Nexus remains mostly abstract and theoretical. The lack of analysis and debate on the Triple Nexus from a practical perspective, and its peace pillar in particular, are evident. At the same time, aid agencies have to position themselves in the field of the much-debated Triple Nexus, which is characterised by substantial incoherence and conflicting views about its concept, terms and practical impact. The Triple Nexus is of substantial relevance to particularly multi-mandated organisations, who are committed to fight root causes of poverty and humanitarian needs while conflicts are next to climate change the main driver of humanitarian crises today.

To take a strategic decision on the way forward aid agencies are advised to look into three spaces identified by the CHAvocado model: The organisational internal space, the local civil space, as well as the macro space including actors like national governments, United Nations missions, the military and related coordination fora. Building on this spatial analysis, this research has identified three options for aid organisations on how to engage in the Triple Nexus: a core approach, a proactive approach, and a criteria-based local approach and their respective pros and cons. All three options will come with substantial implications for an agency’s policies, donor strategies, future programmes, the political role it intends to play and its corporate strategies. For this, multi-mandated organisations are advised to decide in a participatory, strategic way on which direction they want to go in one of the most relevant and contested fields of aid agencies’ work today.  ",Report,"South Sudan,Pakistan,Mali","Development,Humanitarian,Peace","Governance,Peace & Security,Resilience,Social Cohesion","1. Coordination: Joint analysis,2. Coordination: Empowered leadership,3. Coordination: Political engagement,4. Programming: Prioritising prevention,5. Programming: People at the centre,6. Programming: Do no harm,7. Programming: Align with risk environment,8. Programming: National and local capacities,9. Programming: Learning and evidence,10. Financing: Develop evidence-based strategies,11. Financing: Predictable flexible multi-year",Centre for Humanitarian Action (CHA),"Ralf Südhoff, Sonja Hövelmann, Andrea Steinke",2020,English,https://www.chaberlin.org/en/publications/the-triple-nexus-in-practice-challenges-and-options-for-multi-mandated-organisations-2/,,The Triple Nexus in Practice Challenges and Options for Multi-Mandated Organisations.webp,The Triple Nexus in Practice Challenges and Options for Multi-Mandated Organisations.pdf
The Triple Nexus in Practice: Toward a New Way of Working in Protracted and Repeated Crises,"The policy paper 'The Triple Nexus in Practice: Toward a New Way of Working in Protracted and Repeated Crises' by the Center on International Cooperation explores implementing the \'new way of working\' amidst ongoing, complex global crises. 

The document, funded by the United Nations Development Programme and the Norwegian government, outlines three main objectives: reinforcing national systems without replacing them, transcending the divide between humanitarian and development sectors by aiming for collective outcomes, and anticipating crises to prevent them. It emphasizes the importance of government leadership in crisis response, the integration of humanitarian concerns into national plans, sector-based approaches, and the role of UN agencies and NGOs in localization and capacity building. It highlights successful transitions strategies, the significance of coordinated cash programming, and innovative partnerships such as those with the World Bank.

However, the paper also identifies constraints including funding through national systems, coordination challenges, and staff turnover, urging consistency in bridging silos and recommending improved integrated policy advice and accountability to affected communities.",Policy Paper,"Afghanistan,Chad,Ethiopia","Development,Humanitarian,Peace","Education,Environment,Economic Development,Recovery,Peace & Security,Disaster Risk Reduction,Social Cohesion,Protection,Displacement & Migration,Governance,Resilience","7. Programming: Align with risk environment,3. Coordination: Political engagement,10. Financing: Develop evidence-based strategies,11. Financing: Predictable flexible multi-year","Center on International Cooperation (CIC), NYU",Leah Zamore,2019,English,https://cic.nyu.edu/wp-content/uploads/1662/65/triple-nexus-in-practice-nwow-full-december-2019-web.pdf,,The Triple Nexus in Practice Toward a New Way of Working in Protracted and Repeated Crises.webp,The Triple Nexus in Practice Toward a New Way of Working in Protracted and Repeated Crises.pdf
The Triple Nexus in Somaliland: Lessons from Integrated Humanitarian-Development-Peacebuilding Work in El-Afweyn District,"This Oxfam report (November 2024) documents lessons from a pioneering pilot triple nexus programme in the El-Afweyn district of Somaliland, Somalia. Oxfam Somalia has been at the forefront of implementing integrated HDP approaches that challenge siloed aid logic and support locally-led programming.

The report examines how humanitarian, development, and peacebuilding programming was linked in a single geographic area — covering WASH, livelihoods, protection, peacebuilding, and village savings and loans associations — and what this revealed about the promises and practical challenges of triple nexus implementation.

Key lessons address: the difficulty of genuinely integrating peace programming for multi-mandate organisations; the importance of women's leadership; donor funding constraints on nexus programming; and how local community leadership can enable more holistic responses when international actors are willing to follow their lead.",Report,Somalia,"Humanitarian,Development,Peace","Localisation,Coordination,Peace & Security,Food Security & Nutrition","6. Programming: Do no harm,8. Programming: National and local capacities,9. Programming: Learning and evidence",Oxfam,"Nur Musa, Ahmed",2024,English,https://policy-practice.oxfam.org/resources/the-triple-nexus-in-somaliland-lessons-from-integrated-humanitarian-development-621664/,,The Triple Nexus in Somaliland Lessons from Integrated Humanitarian-Development-Peacebuilding Work in El-Afweyn District.webp,The Triple Nexus in Somaliland Lessons from Integrated Humanitarian-Development-Peacebuilding Work in El-Afweyn District.pdf
"The Triple Nexus: Questions and Answers on Integrating Humanitarian, Development and Peace Actions in Protracted Crises","This Q&A document by WeWorld-GVC explains the Triple Nexus framework for practitioners, outlining what it is, why it is needed, and how the organization positions itself in relation to it. The paper traces the Nexus's origins in the Linking Relief, Rehabilitation and Development (LRRD) approach, explains the rationale for integrating humanitarian, development and peace actions in protracted crises, and articulates WeWorld-GVC's seven Nexus principles centred on 'Community Protection'. It describes the organization's programmatic experience in the occupied Palestinian territory (oPt) through an Integrated Protection Programming consortia, addresses the risk of compromising humanitarian principles, and applies a Nexus lens to the COVID-19 pandemic response.",Policy Brief,"""Palestine, State of""","Development,Humanitarian,Peace","Resilience,Governance,Social Cohesion,Peace & Security,Displacement & Migration","1. Coordination: Joint analysis,2. Coordination: Empowered leadership,4. Programming: Prioritising prevention,5. Programming: People at the centre,6. Programming: Do no harm,7. Programming: Align with risk environment,8. Programming: National and local capacities,9. Programming: Learning and evidence,11. Financing: Predictable flexible multi-year",WeWorld-GVC,,2020,English,https://reliefweb.int/report/world/triple-nexus-questions-and-answers-integrating-humanitarian-development-and-peace,,"The Triple Nexus Questions and Answers on Integrating Humanitarian, Development and Peace Actions in Protracted Crises.webp","The Triple Nexus Questions and Answers on Integrating Humanitarian, Development and Peace Actions in Protracted Crises.pdf"
The Welfare of Syrian Households after a Decade of Conflict,"Research report examining the welfare of Syrian households after a decade of conflict, drawing on multiple rounds of household survey data to provide quantitative evidence on poverty, food security, consumption levels and human capital. Documents the cumulative socioeconomic impact of the Syria conflict on living standards and human development, and assesses the scale of recovery and development investment required. Provides an essential evidence base for development actors engaging in Syria's recovery and reconstruction, and for understanding what the transition from humanitarian response to development programming must address in terms of structural deprivation and lost human capital.",Report,Syria,Development,"Resilience,Food Security & Nutrition,Social Cohesion","9. Programming: Learning and evidence,10. Financing: Develop evidence-based strategies",World Bank,World Bank,2024,English,https://openknowledge.worldbank.org/server/api/core/bitstreams/dd5106a7-0d52-48cd-b4df-dd91fc0cff52/content,,The Welfare of Syrian Households after a Decade of Conflict.webp,The Welfare of Syrian Households after a Decade of Conflict.pdf
"The Women, Peace and Security Agenda in the Implementation of the Triple Nexus","Chapter 11 of the Global Policy triple nexus e-book series, this research-based contribution examines convergence between the Women, Peace and Security (WPS) agenda and the triple nexus within Spanish development cooperation.

Drawing on interviews, workshops, and qualitative analysis of projects in Colombia, El Salvador, Ethiopia, Mali, Mozambique, Niger, and Jordan, the authors identify key opportunities and challenges in aligning the WPS and HDP frameworks. They argue that the two agendas — long implemented separately — have significant potential for mutual reinforcement: the WPS agenda can anchor gender-responsiveness and women's agency in nexus programming, while the nexus framework can help operationalise WPS commitments in complex, multi-pillar crisis contexts. Timely given the 25th anniversary of UNSC Resolution 1325 in 2025 and ongoing calls for stronger gender integration in nexus approaches.",Article,"Colombia,El Salvador,Ethiopia,Mali,Mozambique,Niger,Jordan","Humanitarian,Development,Peace","Gender,Peace & Security,Localisation,Coordination","8. Programming: National and local capacities,9. Programming: Learning and evidence",,Marina Ferrero Baselga et al.,2025,English,https://www.globalpolicyjournal.com/blog/06/08/2025/women-peace-and-security-agenda-implementation-triple-nexus,,"The Women, Peace and Security Agenda in the Implementation of the Triple Nexus.webp","The Women, Peace and Security Agenda in the Implementation of the Triple Nexus.pdf"
"The World Development Report 2011: Conflict, Security and Development","This landmark World Bank report examines the relationship between conflict, security and development, making the case for a paradigm shift in international engagement with fragile and conflict-affected situations. The report argues that not a single low-income country affected by repeated violence has achieved any of the Millennium Development Goals, and that once mass violence takes root it can take a generation or more to overcome.

Key findings include: institutional legitimacy is the key to stability; investing in citizen security, justice and jobs is essential; security and development tools must be sequenced and integrated; countries face repeated cycles of violence; and external actors must change their own behaviour to provide more agile, coordinated, long-term support.",Report,,"Development,Humanitarian,Peace","Peace & Security,Governance,Economic Development,Social Cohesion,Resilience","1. Coordination: Joint analysis,3. Coordination: Political engagement,4. Programming: Prioritising prevention,8. Programming: National and local capacities,9. Programming: Learning and evidence,10. Financing: Develop evidence-based strategies",World Bank Group,,2011,"English,Chinese,Arabic,French,Portuguese",https://documents.worldbank.org/en/publication/documents-reports/documentdetail/966731468161352341/world-development-report-2011-conflict-security-and-development,,"The World Development Report 2011 Conflict, Security and Development.webp","The World Development Report 2011 Conflict, Security and Development.pdf"
"This World Humanitarian Day, solidarity is needed more than ever to reflect the realities of a world in turmoil ","This Saferworld commentary (August 2025) reflects on the persistent gap between nexus rhetoric and practice on the ground, making the case that conflict sensitivity and locally-led peacebuilding offer concrete pathways to making the HDP nexus real.

Written by a Senior Conflict and Security Adviser working with conflict sensitivity facilities in Sudan and South Sudan, it draws on direct field experience to argue that the nexus remains 'nebulous' and top-down in perception, while demonstrating — through examples from Sudan — that local peacebuilders have continued to make tangible contributions during active conflict: enabling local ceasefires, supporting humanitarian access, and maintaining community cohesion. The piece argues for a deeper integration of conflict sensitivity beyond tools and templates into principled, adaptive practice.",Blog,"Sudan,South Sudan","Humanitarian,Development,Peace","Conflict Sensitivity,Peace & Security,Localisation","3. Coordination: Political engagement,6. Programming: Do no harm,8. Programming: National and local capacities",Saferworld,Natalia Chan,2025,English,https://www.saferworld-global.org/resources/news-and-analysis/post/1097-this-world-humanitarian-day-solidarity-is-needed-more-than-ever-to-reflect-the-realities-of-a-world-in-turmoil,,"This World Humanitarian Day, solidarity is needed more than ever to reflect the realities of a world in turmoil.webp","This World Humanitarian Day, solidarity is needed more than ever to reflect the realities of a world in turmoil.pdf"
Three Ways to Support Locally-led Peace in the HDP Nexus,"This BICC (Bonn International Centre for Conflict Studies) brief identifies and analyses three concrete ways that international actors can more effectively support locally-led peace within the humanitarian-development-peace nexus.

Drawing on extensive field research in Mali, Iraq and South Sudan — based on over 320 interviews with community members, diverse community leaders and NGO staff conducted between 2022 and 2024 — the brief addresses a fundamental tension in nexus implementation: while the HDP nexus framework calls for building on national and local capacities and prioritising local ownership, in practice local peace processes and local peacebuilders are often marginalised from nexus coordination structures, programming decisions, and financing.

The three approaches identified focus on: creating genuine space for local peace actors in nexus coordination and planning processes; designing and resourcing programmes that strengthen rather than bypass local peace infrastructure; and adapting gender-responsive approaches that engage meaningfully with the diverse roles of men, women, youth, and marginalised groups in local peace processes.",Policy Brief,,"Humanitarian,Development,Peace","Peace & Security,Social Cohesion","8. Programming: National and local capacities,11. Financing: Predictable flexible multi-year",BICC,Carina Yıldırım-Schlüsing,2025,English,https://www.bicc.de/Publications/Report/Three-Ways-to-Support-Locally-led-Peace-in-the-HDP-Nexus/pu/14941,,Three Ways to Support Locally-led Peace in the HDP Nexus.webp,Three Ways to Support Locally-led Peace in the HDP Nexus.pdf
Towards a Conflict-Sensitive HDP Nexus in South Sudan,"This Conflict Sensitivity Resource Facility (CSRF) paper examines the intersection of conflict sensitivity and HDP nexus approaches in South Sudan. It argues that the rationale behind both frameworks is deeply aligned — both seek to make aid more effective, collaborative, context-specific, and focused on long-term causes of conflict and vulnerability. The paper draws on CSRF's extensive field experience in South Sudan to identify how a conflict-sensitive lens can improve nexus implementation, particularly in a context where the nexus has emerged through a top-down, UN-driven process that raises accountability concerns. It addresses specific implementation challenges including: limited localisation, civil society exclusion from coordination, and the difficulty of engaging the transitional government as a nexus partner without reinforcing aid dependency or overlooking accountability concerns.",Policy Brief,South Sudan,"Humanitarian,Development,Peace","Conflict Sensitivity,Localisation,Coordination,Peace & Security","1. Coordination: Joint analysis,6. Programming: Do no harm,8. Programming: National and local capacities",Conflict Sensitivity Resource Facility (CSRF),CSRF South Sudan,2023,English,https://www.csrf-southsudan.org/wp-content/uploads/2023/05/BAC-CSRF-Milestone-Q17.B-Towards-a-conflict-sensitive-HDP-nexus-in-South-Sudan-1.pdf,,Towards a Conflict-Sensitive HDP Nexus in South Sudan.webp,Towards a Conflict-Sensitive HDP Nexus in South Sudan.pdf
Towards a renewed humanitarian approach to peace negotiations,"The journal article explores the complexities of integrating humanitarian actors into peace negotiations. The author, Irène Lizzola, discusses the tensions between humanitarian organizations and political mediators, focusing on organizations like the ICRC and MSF, who maintain neutral humanitarian principles, and Wilsonian NGOs, who see their role as peacebuilders. She examines the 'humanitarian-development-peace nexus,' investigating how humanitarian issues are brought into political negotiations in conflict zones such as Syria, South Sudan, and Yemen. 

The article highlights the ethical dilemmas posed by different organizational mandates and the strategic use of humanitarian issues in peace processes. It calls for prioritizing humanitarian considerations in peace negotiations and emphasizes the need for independent humanitarian action, while acknowledging potential cooperation with political actors to achieve common humanitarian goals.",Article,Colombia,"Humanitarian,Peace","Governance,Protection,Resilience","7. Programming: Align with risk environment,4. Programming: Prioritising prevention,1. Coordination: Joint analysis,10. Financing: Develop evidence-based strategies",Sciences Po,Irène Lizzola,2022,English,https://www.alternatives-humanitaires.org/wp-content/uploads/2022/03/AH_N19_Innovations_Lizzola_VEN.pdf,,Towards a renewed humanitarian approach to peace negotiations.webp,Towards a renewed humanitarian approach to peace negotiations.pdf
"Towards the Triple Nexus: Toolkit on Afghanistan’s NPP, SDGs, and Triple Nexus","Toolkit (DACAAR/Samuel Hall, August 2020) supporting the Danish Committee for Aid to Afghan Refugees (DACAAR) in adapting its programming to the triple nexus approach within the Afghan context. Developed through field research, key informant interviews and practitioner training workshops, it addresses three interlocking questions: how DACAAR can engage with the triple nexus across its dual humanitarian-development mandate; whether and how the organisation should engage with the peacebuilding agenda; and how to align programming with Afghanistan's national priority programmes (NPPs) and Afghanistan SDGs (A-SDGs) while upholding neutrality and impartiality. 

The toolkit maps the core components of the triple nexus in Afghanistan, traces the move from do no harm and conflict sensitivity toward peacebuilding engagement, assesses entry points for aligning DACAAR programming with the A-SDGs, and reviews opportunities and constraints for collaboration on NPPs. Includes a Peace and Conflict Impact Assessment (PCIA) tool and one-pager briefs on the triple nexus, A-SDGs and NPPs. Provides a practitioner-facing model of how an NGO with a dual mandate can operationalise the triple nexus from the bottom up in a protracted conflict setting.",Toolkit,Afghanistan,"Development,Humanitarian,Peace","Peace & Security,Governance,Resilience,Displacement & Migration","1. Coordination: Joint analysis,3. Coordination: Political engagement,7. Programming: Align with risk environment,9. Programming: Learning and evidence",DACAAR,,2020,English,https://dacaar.org/viewresearch/1664258599.pdf,,"Towards the Triple Nexus Toolkit on Afghanistan’s NPP, SDGs, and Triple Nexus.webp","Towards the Triple Nexus Toolkit on Afghanistan’s NPP, SDGs, and Triple Nexus.pdf"
training Manual for HDP Nexus (Yemen context),,Other,Yemen,"Humanitarian,Development,Peace",,,Nexus specialist in Yemen nexus initiative,Wafa Al Madhagi,2024,Arabic,chrome-extension://efaidnbmnnnibpcajpcglclefindmkaj/https://yemenexus.org/wp-content/uploads/2025/05/AR.-NEXUS-MANUAL.pdf,,,AR-NEXUS-MANUAL.pdf
training Manual for HDP Nexus (Yemen context),,Other,Yemen,"Humanitarian,Development,Peace",,,Nexus specialist in Yemen nexus initiative ,Wafa Al Madhagi,2024,English,chrome-extension://efaidnbmnnnibpcajpcglclefindmkaj/https://yemenexus.org/wp-content/uploads/2025/05/EN.-NEXUS-MANUAL.pdf,,,EN-NEXUS-MANUAL.pdf
Training of Trainers Manual: Transforming Conflict and Building Peace,"This Training of Trainers (ToT) manual provides practitioners with structured methodologies and tools for facilitating training on conflict transformation and peacebuilding. It is designed to equip trainers with the skills, exercises and conceptual frameworks needed to help development, humanitarian and government actors understand conflict dynamics and take a conflict-sensitive approach to their work.

The manual covers: conflict analysis frameworks; theories of conflict transformation; practical exercises for exploring peacebuilding entry points; and facilitation skills for working with diverse stakeholder groups in conflict-affected contexts. It supports the capacity building of practitioners operating at the intersection of the HDP Nexus, particularly on the peace pillar.",Guide,,"Development,Peace","Peace & Security,Social Cohesion,Governance","4. Programming: Prioritising prevention,6. Programming: Do no harm,7. Programming: Align with risk environment,8. Programming: National and local capacities,9. Programming: Learning and evidence",,,2006,English,https://www.saferworld-global.org/downloads/pubdocs/tot-camp-and-saferworld-manual-web.pdf?__cf_chl_tk=8Es4GxrViRJmF6JX2bmvAMHZjw182ScINAvXXat3S4s-1776459265-1.0.1.1-B32gxDNMwtc.S9y4vtejIOW.BEJn85qV7eigFTg_grw,,Training of Trainers Manual Transforming Conflict and Building Peace.webp,Training of Trainers Manual Transforming Conflict and Building Peace.pdf
Transcend humanitarian-development divides and shift from funding to financing,"The paper discusses the advancement of the 'New Way of Working' (NWOW), established during the World Humanitarian Summit in 2016, aimed at bridging gaps between humanitarian aid and development efforts. With a focus on collective outcomes, the NWOW encourages multi-year planning and financing strategies to address vulnerability, risk, and humanitarian needs within the context of Sustainable Development Goals (SDGs).

As highlighted, substantial progress has been made in countries like Burkina Faso, Cameroon, Chad, Ethiopia, Mauritania, Mali, Nigeria, Sudan, and Somalia. Despite these efforts, challenges remain, including the need for improved joint analysis, flexible multi-year funding, and enhanced coordination among stakeholders. 

Recommendations include adopting an integrated analysis framework, enhancing stakeholder support, and increasing multi-year funding commitments. Efforts to streamline humanitarian-development cooperation are also reflected in national policies and international collaborations, although obstacles persist in aligning funding modalities and improving coordination among diverse actors.",Policy Paper,"Burkina Faso,Cameroon,Chad,Ethiopia","Development,Humanitarian","Health,Disaster Risk Reduction,Peace & Security,Economic Development,Governance,Resilience","7. Programming: Align with risk environment,2. Coordination: Empowered leadership,11. Financing: Predictable flexible multi-year","Agenda for Humanity, OCHA, UNDP","Agenda for Humanity, OCHA, UNDP",2018,English,https://agendaforhumanity.org/sites/default/files/resources/2018/Jul/AP_4C%20and%205D_Final_30%20July.pdf,,Transcend humanitarian-development divides and shift from funding to financing.webp,Transcend humanitarian-development divides and shift from funding to financing.pdf
Transforming Our World: The 2030 Agenda for Sustainable Development,"This is the foundational UN General Assembly resolution (A/RES/70/1) adopted on 25 September 2015 by all 193 UN member states, establishing the 17 Sustainable Development Goals (SDGs) and 169 associated targets. 

The 2030 Agenda is a universal plan of action for people, planet and prosperity, grounded in the principle that no one will be left behind. It integrates economic, social and environmental dimensions of development in a balanced manner, recognising that eradicating poverty and achieving sustainable development are inseparable. SDG 16 on peace, justice and strong institutions, and SDG 17 on partnerships for implementation are particularly relevant to HDP Nexus work.",Policy Paper,,"Development,Humanitarian,Peace","Governance,Economic Development,Resilience,Social Cohesion,Peace & Security,Gender,Food Security & Nutrition","3. Coordination: Political engagement,4. Programming: Prioritising prevention,5. Programming: People at the centre,8. Programming: National and local capacities,10. Financing: Develop evidence-based strategies,11. Financing: Predictable flexible multi-year",United Nations General Assembly,,2015,"English,French,Arabic,Spanish,Russian,Chinese",https://sdgs.un.org/2030agenda,,Transforming Our World The 2030 Agenda for Sustainable Development.webp,Transforming Our World The 2030 Agenda for Sustainable Development.pdf
Transforming the Systems that Contribute to Fragility and Humanitarian Crisis,"This paper examines the structural and systemic factors that perpetuate fragility and humanitarian crises, arguing that effective responses must go beyond project-level interventions to address root causes at the systems level. Drawing on analysis of multiple fragile and conflict-affected contexts, the paper identifies the key systems — political, economic, social, security — that generate and sustain fragility and humanitarian need. It argues for a nexus approach that is explicitly focused on transforming these systems rather than merely managing their outputs, and provides a framework for thinking about systemic change in complex, protracted crisis environments.",Policy Paper,,"Development,Humanitarian,Peace","Peace & Security,Governance,Social Cohesion,Resilience,Economic Development","4. Programming: Prioritising prevention,5. Programming: People at the centre,7. Programming: Align with risk environment,8. Programming: National and local capacities,9. Programming: Learning and evidence",,,,"English,Spanish,Arabic,French",https://policy-practice.oxfam.org/resources/transforming-the-systems-that-contribute-to-fragility-and-humanitarian-crises-p-621203/,,Transforming the Systems that Contribute to Fragility and Humanitarian Crisis.webp,Transforming the Systems that Contribute to Fragility and Humanitarian Crisis.pdf
Transition vers la durabilité et cofinancement,"Ce document examine le lien entre les transitions vers la durabilité et les mécanismes de cofinancement dans les contextes humanitaires et de développement. Il analyse comment différents instruments financiers — notamment le financement concessionnel, les fonds communs et le financement du développement — peuvent être mieux exploités pour soutenir la durabilité des transitions de l'aide humanitaire vers le développement dans des contextes de crise prolongée et de fragilité.",Policy Brief,,"Development,Humanitarian","Resilience,Economic Development,Displacement & Migration","10. Financing: Develop evidence-based strategies,11. Financing: Predictable flexible multi-year",,,2023,French,https://www.theglobalfund.org/fr/sustainability-transition-and-co-financing/,,Transition vers la durabilité et cofinancement.webp,
Triple HDP Nexus Approach and Climate Change Impacts in Yemen,,Collective Outcomes,Yemen,"Humanitarian,Development,Peace","Climate,Displacement & Migration","2. Coordination: Empowered leadership,7. Programming: Align with risk environment,8. Programming: National and local capacities,10. Financing: Develop evidence-based strategies",Yemen nexus initiative ,Dr. Tarek Al-Hibshi ,2024,English,chrome-extension://efaidnbmnnnibpcajpcglclefindmkaj/https://yemenexus.org/wp-content/uploads/2025/05/Triple-HDP-Nexus-Approach-and-Climate-Change-Impacts_All_-2025_Final-1.pdf,,,Triple-HDP-Nexus-Approach-and-Climate-Change-Impacts_All_-2025_Final-1.pdf
Triple HDP Nexus Approach to the Protracted Crises in Jordan and Iraq,"A pilot appeal framework aiming to facilitate cross-country learning to accelerate nexus approaches that tackle root causes of crises, displacement, and livelihood insecurity in the MENA region. Usefulness/New Knowledge: Demonstrates how to structure an innovative regional appeal that funds cross-border learning rather than just single-country interventions.",Other,"Jordan,Iraq","Humanitarian,Development,Peace","Displacement & Migration,Livelihoods","8. Programming: National and local capacities,9. Programming: Learning and evidence",ACT Alliance,LWF,2025,English,https://actalliance.org/wp-content/uploads/2025/05/MEN251-Triple-HDP-Nexus-Approach-1.pdf,,Triple HDP Nexus Approach to the Protracted Crises in Jordan and Iraq.webp,Triple HDP Nexus Approach to the Protracted Crises in Jordan and Iraq.pdf
Triple Nexus - to go,"The policy paper 'Triple Nexus - to go' discusses the Triple Nexus approach, which seeks enhanced collaboration between humanitarian aid, development cooperation, and peacebuilding. Though not a new concept, it builds on prior ideas like Linking Relief, Rehabilitation, and Development (LRRD), emphasizing coordinated and integrated efforts to manage crises. Despite the challenges of disconnected funding and differing organizational mandates, the approach gains momentum as conflicts and humanitarian needs increase globally.

The paper reviews various policy and implementation initiatives, such as flexible funding and crisis modifiers, to address these issues. It highlights international frameworks like the Sustainable Development Goals (SDGs) and Agenda for Humanity, advocating for systemic responses and collective outcomes.

The Triple Nexus's practical implementation varies among NGOs, sometimes leading to tension over humanitarian principles. The paper calls for overcoming the disconnects between sectors while respecting humanitarian principles, considering the Triple Nexus's potential pitfalls, like politicization by peace and security actors.",Policy Paper,"Cameroon,Central African Republic,Chad,Iraq,Democratic Republic of the Congo","Development,Humanitarian,Peace","Climate,Gender,Peace & Security,Disaster Risk Reduction,Economic Development,Livelihoods,Governance,Social Cohesion,Displacement & Migration,Resilience","7. Programming: Align with risk environment,8. Programming: National and local capacities,1. Coordination: Joint analysis,2. Coordination: Empowered leadership,10. Financing: Develop evidence-based strategies",Centre for Humanitarian Action (CHA),Sonja Hövelmann,2020,"German,English",https://www.chaberlin.org/en/publications/triple-nexus-to-go-2/,,Triple Nexus - to go.webp,Triple Nexus - to go.pdf
Triple Nexus - to go,"The policy paper 'Triple Nexus - to go' discusses the Triple Nexus approach, which seeks enhanced collaboration between humanitarian aid, development cooperation, and peacebuilding. Though not a new concept, it builds on prior ideas like Linking Relief, Rehabilitation, and Development (LRRD), emphasizing coordinated and integrated efforts to manage crises. Despite the challenges of disconnected funding and differing organizational mandates, the approach gains momentum as conflicts and humanitarian needs increase globally.

The paper reviews various policy and implementation initiatives, such as flexible funding and crisis modifiers, to address these issues. It highlights international frameworks like the Sustainable Development Goals (SDGs) and Agenda for Humanity, advocating for systemic responses and collective outcomes.

The Triple Nexus's practical implementation varies among NGOs, sometimes leading to tension over humanitarian principles. The paper calls for overcoming the disconnects between sectors while respecting humanitarian principles, considering the Triple Nexus's potential pitfalls, like politicization by peace and security actors.",Policy Paper,"Cameroon,Central African Republic,Chad,Democratic Republic of the Congo","Development,Humanitarian,Peace","Climate,Education,Environment,Economic Development,Protection,Governance,Displacement & Migration,Resilience","4. Programming: Prioritising prevention,8. Programming: National and local capacities,3. Coordination: Political engagement,2. Coordination: Empowered leadership,11. Financing: Predictable flexible multi-year",Centre for Humanitarian Action (CHA),Sonja Hövelmann,2020,English,https://www.chaberlin.org/en/publications/triple-nexus-to-go-2/,,Triple Nexus - to go.webp,Triple Nexus - to go.pdf
Triple Nexus Conundrums: Navigating Dual Mandate Dilemmas in UNICEF's Operational Landscape,"This peer-reviewed article (Journal of International Development, 2025) explores the challenges UNICEF faces in implementing the Triple Nexus framework, focusing on the internal divide between its humanitarian and development sectors. Through ethnographic and institutional analysis, it reveals how cultural and institutional barriers impede a cohesive strategy, with siloed operations persisting despite policy reforms. 

The research advocates for organisational transformation — emphasising improved collaboration, knowledge-sharing, and flexible frameworks — as critical for UNICEF to align its operations and more effectively address complex crises at the intersection of conflict, development, and humanitarian need. Complements the UNICEF evaluation already in the DB by providing an analytical institutional perspective.",Journal Article,,"Humanitarian,Development,Peace","Coordination,Policy & Strategy","2. Coordination: Empowered leadership,9. Programming: Learning and evidence",,"Plesner Volkdal, C.",2025,English,https://doi.org/10.1002/jid.3988,,Triple Nexus Conundrums Navigating Dual Mandate Dilemmas in UNICEF's Operational Landscape.webp,
Triple Nexus Implementation and Implications for Durable Solutions for Internal Displacement: On Paper and in Practice,"The journal article examines the implementation of the humanitarian-development-peace (HDP) nexus to address internal displacement within protracted crises. It explores conceptual and practical linkages between the nexus and durable solutions for internally displaced persons (IDPs), emphasizing context, local ownership, coordination, and funding.

Findings suggest that successful nexus implementation requires government leadership, community-centric approaches, and coherent planning. Progress in operationalization remains slow, hindered by sectoral divides and complex political contexts.

Promising practices involve integrated strategies and flexible funding, yet challenges include reconciling humanitarian principles with broader security and political objectives. The nexus could benefit from robust engagement with IDPs and focus on transformative solutions. Durable solutions, informed by the ongoing development of indicators, may serve as a framework to shape collective outcomes and improve nexus linkages, contributing to better governance and long-term peace.",Journal Article,"Afghanistan,Chad,Colombia,Iraq,Democratic Republic of the Congo","Development,Humanitarian,Peace","Peace & Security,Protection,Economic Development,Governance,Social Cohesion,Displacement & Migration,Resilience","7. Programming: Align with risk environment,4. Programming: Prioritising prevention,8. Programming: National and local capacities,11. Financing: Predictable flexible multi-year",UNSG High Panel on internal Displacement,"Gloria Nguya, Nadia Siddiqui",2020,English,https://academic.oup.com/rsq/article/39/4/466/6075989,,Triple Nexus Implementation and Implications for Durable Solutions for Internal Displacement On Paper and in Practice.webp,Triple Nexus Implementation and Implications for Durable Solutions for Internal Displacement On Paper and in Practice.pdf
Triple Nexus in Pakistan: Catering to a Governmental Narrative or Enabling Independent Humanitarian Action?,"This Centre for Humanitarian Action case study examines the Triple Nexus in Pakistan, one of three country case studies in CHA's 'Triple Nexus in Practice' research project. Based on interviews in Pakistan, the study traces how previous humanitarian interventions have shaped current stakeholder relations. 

Key findings indicate that due to the restricted and militarised context, principled humanitarian action risks being subsumed under a state-led framework and instrumentalised for political purposes. The vagueness of the 'peace' element in practice results in a blurring of concepts between peace and stabilisation, disadvantaging positive, bottom-up peace approaches.

The study focuses particularly on the role of civil society actors in the UN Triple Nexus pilot in the merged districts of Khyber Pakhtunkhwa province.",Policy Brief,Pakistan,"Development,Humanitarian,Peace","Governance,Peace & Security,Social Cohesion,Resilience,Displacement & Migration","3. Coordination: Political engagement,4. Programming: Prioritising prevention,5. Programming: People at the centre,6. Programming: Do no harm,7. Programming: Align with risk environment,8. Programming: National and local capacities,9. Programming: Learning and evidence",Centre for Humanitarian Action (CHA),Sonja Hövelmann,2020,"English,German",https://www.chaberlin.org/en/publications/triple-nexus-in-pakistan/,,Triple Nexus in Pakistan Catering to a Governmental Narrative or Enabling Independent Humanitarian Action.webp,[EN] Triple Nexus in Pakistan- Catering to a Governmental Narrative or Enabling Independent Humanitarian Action_.pdf
Triple Nexus in South Sudan: Learning from Local Opportunities,"This Centre for Humanitarian Action case study examines the Triple Nexus in South Sudan, one of three country case studies in CHA's 'Triple Nexus in Practice' research project. The study finds that South Sudan's protracted crisis and the long-standing experience of local actors with pragmatic, integrated approaches make it a promising context for the Triple Nexus.

Key factors identified as enabling a nexus approach include local ownership, local capacities, a peace-oriented UN approach, and limited external security interests. However, the study identifies a 'triple donor paradox': donors promoting a Nexus approach while keeping budget lines siloed, inflexible, and short-term, which represents a major obstacle. The study concludes that humanitarian actors in South Sudan do not perceive humanitarian principles to be at risk from the Nexus.",Case Study,South Sudan,"Development,Humanitarian,Peace","Resilience,Peace & Security,Social Cohesion,Governance,Displacement & Migration","1. Coordination: Joint analysis,2. Coordination: Empowered leadership,4. Programming: Prioritising prevention,5. Programming: People at the centre,7. Programming: Align with risk environment,8. Programming: National and local capacities,9. Programming: Learning and evidence,11. Financing: Predictable flexible multi-year",Centre for Humanitarian Action (CHA),"Michael Quack, Ralf Südhoff",2020,English,https://www.chaberlin.org/en/publications/triple-nexus-in-south-sudan/,,Triple Nexus in South Sudan Learning from Local Opportunities.webp,2020-10-triple-nexus-south-sudan-case-study-suedhoff-quack-1.pdf
"Triple Nexus: Connecting Humanitarian Action, Development and Peacebuilding to Strengthen the Local Agenda in Cabo Delgado","This report (October 2025), produced by Ayuda en Acción and Gernika Gogoratuz, examines the operationalisation of the triple nexus in Cabo Delgado, northern Mozambique — a region affected by an insurgency that has created one of Africa's fastest-growing displacement crises.

The study draws on field research and community engagement to analyse how the three nexus pillars have been applied in practice, focusing on the role of local actors and the importance of local knowledge in integrated responses. It argues that connecting humanitarian action, development cooperation, and peacebuilding requires deep contextual understanding and deliberate strengthening of local actors' roles.

Published in English, Spanish, and Portuguese, the report is a practical case study in nexus implementation in a complex fragility context. Funded by eLankidetza (Basque Development Agency).",Report,Mozambique,"Humanitarian,Development,Peace","Localisation,Conflict Sensitivity,Peace & Security,Coordination","6. Programming: Do no harm,8. Programming: National and local capacities,9. Programming: Learning and evidence","Ayuda en Acción, Gernika Gogoratuz","Ayuda en Acción, Gernika Gogoratuz",2025,English,https://ayudaenaccion.org/en/publications/triple-nexus-cabo-delgado/,,"Triple Nexus Connecting Humanitarian Action, Development and Peacebuilding to Strengthen the Local Agenda in Cabo Delgado.webp","[EN] Triple Nexus- Connecting Humanitarian Action, Development and Peacebuilding to Strengthen the Local Agenda in Cabo Delgado.pdf"
Triple Nexus: Leveraging Development Supply Chains for Humanitarian Aid and Peace in Southeast Asia — A GBV Focus,"Peer-reviewed journal article examining how development supply chains can be leveraged to deliver humanitarian aid and peace interventions in Southeast Asia, with a particular focus on gender-based violence (GBV) programming. Applies supply chain management and operations research methodologies to the triple nexus, exploring how integrated supply chain design across all three pillars can improve the reach and effectiveness of GBV response in fragile Southeast Asian contexts. Brings a logistics and operations perspective that complements the predominantly policy-focused nexus literature, and covers a geographic region underrepresented in nexus research.",Journal Article,Southeast Asia,"Humanitarian,Development,Peace","Coordination,Gender,Protection","5. Programming: People at the centre,9. Programming: Learning and evidence",Copenhagen Business School,Christina Plesner Volkdal,2024,English,https://www.emerald.com/jhlscm/article-pdf/15/3/210/9766266/jhlscm-02-2024-0028.pdf,,Triple Nexus Leveraging Development Supply Chains for Humanitarian Aid and Peace in Southeast Asia — A GBV Focus.webp,Triple Nexus Leveraging Development Supply Chains for Humanitarian Aid and Peace in Southeast Asia — A GBV Focus.pdf
"Trust, Legitimacy, Capacity and Power [Arabic]: Practical Approaches to Localisation in Peacebuilding — Global Summary","Arabic-language global summary of an 18-month research project on localisation in peacebuilding conducted in Kenya, Rwanda, Lebanon and Syria. The project explored what local peacebuilders want from localisation and how international organisations can better support locally-led approaches, identifying three common elements: building trust and legitimacy between actors; transforming power dynamics; and strengthening local capacity. Research was funded by the Swedish Postcode Lottery Foundation and carried out in partnership with Mobaderoon for the Syria component. Designed to make the key findings accessible to Arabic-speaking practitioners, donors and civil society organisations.",Report,"Kenya,Rwanda,Lebanon,Syria",Peace,"Localisation,Peace & Security,Social Cohesion","5. Programming: People at the centre,8. Programming: National and local capacities",International Alert,"Alys Brown, Ruth Simpson",2024,Arabic,https://www.international-alert.org/app/uploads/2024/12/FINAL-localisation-global-summary-AR-2025.pdf,,"Trust, Legitimacy, Capacity and Power [Arabic] Practical Approaches to Localisation in Peacebuilding — Global Summary.webp","Trust, Legitimacy, Capacity and Power [Arabic] Practical Approaches to Localisation in Peacebuilding — Global Summary.pdf"
"Trust, Legitimacy, Capacity and Power: Practical Approaches to Localisation in Peacebuilding — Global Summary","Global summary of an 18-month research project on localisation in peacebuilding conducted in Kenya, Rwanda, Lebanon and Syria between November 2023 and July 2024. The project — funded by the Swedish Postcode Lottery Foundation and carried out in partnership with Mobaderoon in Syria — explored what local peacebuilders want from localisation and how international organisations can better support locally-led approaches.

Three common elements emerged across all contexts: building trust and legitimacy between international and local actors; transforming unequal power relationships; and strengthening local peacebuilding capacity. A companion series of four country reports covers each context in depth. The findings provide practical guidance for donors, INGOs, local NGOs and civil society on supporting effective localisation in peacebuilding.",Report,"Kenya,Rwanda,Lebanon,Syria",Peace,"Localisation,Peace & Security,Social Cohesion,Governance","5. Programming: People at the centre,8. Programming: National and local capacities",International Alert,"Alys Brown, Ruth Simpson",2024,English,https://www.international-alert.org/app/uploads/2024/12/2024-10-Localisation-project-Global-Summary-V5-VF.pdf,,"Trust, Legitimacy, Capacity and Power Practical Approaches to Localisation in Peacebuilding — Global Summary.webp","Trust, Legitimacy, Capacity and Power Practical Approaches to Localisation in Peacebuilding — Global Summary.pdf"
UN Common Guidance on Helping Build Resilient Societies,"The UN Common Guidance on Helping Build Resilient Societies provides a comprehensive framework for resilience-building amidst intertwined risks such as climate change, conflict, and the COVID-19 pandemic. The guidance emphasizes collaboration across humanitarian, development, and peace sectors, focusing on creating environments that prevent, absorb, adapt, and recover from crises. It promotes a systemic approach supported by shared principles like inclusivity, sustainability, and local empowerment. Resilience-building is seen as pivotal for achieving the 2030 Agenda for Sustainable Development.

The guide outlines practical steps for assessment, planning, implementation, and monitoring resilience interventions, advocating for integrated, multi-stakeholder efforts. It also provides insights into financing strategies and resource mobilization, urging UN Teams to collaborate closely with governments, local communities, and private sector partners. Within this framework, countries and organizations are encouraged to continuously learn, adapt, and share innovations, ensuring resilience strategies are proactive, comprehensive, and aligned with local contexts.

The guide supports coherence in risk-informed programming, enabling nations to navigate vulnerabilities and safeguard development gains, ultimately fostering sustainable peace and prosperity.",Report,"Bangladesh,Ethiopia","Development,Humanitarian,Peace","Climate,Gender,Health,Recovery,Peace & Security,WASH,Disaster Risk Reduction,Livelihoods,Governance,Protection,Social Cohesion,Economic Development,Resilience","4. Programming: Prioritising prevention,8. Programming: National and local capacities,1. Coordination: Joint analysis,2. Coordination: Empowered leadership,10. Financing: Develop evidence-based strategies,11. Financing: Predictable flexible multi-year",UNSDG,UNSDG,2020,English,https://unsdg.un.org/sites/default/files/2021-09/UN-Resilience-Guidance-Final-Sept.pdf,,UN Common Guidance on Helping Build Resilient Societies.webp,UN Common Guidance on Helping Build Resilient Societies.pdf
"Understanding the Inclusive Peace-Development-Humanitarian Nexus: Gender, Climate and Sustaining Peace in the Pacific","The report examines the peace-development-humanitarian nexus, emphasizing the importance of gender-sensitive approaches to sustaining peace in the Pacific. It highlights the vulnerability of the region to climate change and internal conflicts, underscoring the need for inclusive national ownership of peacebuilding efforts. Key frameworks such as the Boe Declaration on Regional Security and the Pacific Regional Action Plan on Women, Peace and Security support these efforts by integrating gender considerations into peacebuilding strategies.

The report advocates for enhanced local and regional partnerships, prioritizing the capacities of local peacebuilders including women and youth. It calls for operational coherence across the UN agendas, ensuring gender analysis is deeply embedded in all peacebuilding actions. Furthermore, sustainable financing for peacebuilding is crucial, requiring innovative donor strategies and flexible funding to adapt to regional needs, particularly in response to crises such as COVID-19. 

The recommendations aim to strengthen the nexus by boosting the role of local stakeholders, integrating gender considerations, and promoting robust partnerships and financing mechanisms to ensure impactful peacebuilding across the Pacific.",Report,Fiji,"Development,Humanitarian,Peace","Climate,Gender,Peace & Security,Governance,Disaster Risk Reduction,Social Cohesion,Displacement & Migration,Resilience","7. Programming: Align with risk environment,8. Programming: National and local capacities,1. Coordination: Joint analysis,2. Coordination: Empowered leadership,10. Financing: Develop evidence-based strategies,11. Financing: Predictable flexible multi-year","GPPAC, Shifting the Power Coalition, Swedish Ministry of Foreign Affairs","GPPAC, Shifting the Power Coalition, Swedish Ministry of Foreign Affairs",2020,English,https://www.gppac.net/resources/understanding-inclusive-peace-development-humanitarian-nexus-gender-climate-and,,"Understanding the Inclusive Peace-Development-Humanitarian Nexus Gender, Climate and Sustaining Peace in the Pacific.webp","Understanding the Inclusive Peace-Development-Humanitarian Nexus Gender, Climate and Sustaining Peace in the Pacific.pdf"
Understanding the Peace Dimension of the Humanitarian-Development-Peace Nexus: A Technical Note,"This Sida technical note examines the peace dimension of the HDP Nexus — the least developed and operationally challenging of the three pillars. It unpacks what 'peace' means in nexus programming, distinguishes between big-P peace processes and small-p peacebuilding, and addresses how development and humanitarian actors can engage constructively with the peace pillar without compromising humanitarian principles or overstepping their mandates.

The note draws on Swedish development cooperation experience and provides practical guidance for practitioners on incorporating peace perspectives in joint planning, analysis, and programming.",Guide,,"Development,Humanitarian,Peace","Peace & Security,Governance,Resilience","1. Coordination: Joint analysis,3. Coordination: Political engagement,4. Programming: Prioritising prevention,7. Programming: Align with risk environment,9. Programming: Learning and evidence",Swedish International Development Cooperation Agency (Sida),Swedish International Development Cooperation Agency (Sida),2024,English,https://sida.se/en/about-sida/publications/understanding-the-peace-dimension-of-the-humanitarian-developmentpeace-nexus-a-technical-note,,Understanding the Peace Dimension of the Humanitarian-Development-Peace Nexus A Technical Note.webp,Understanding the Peace Dimension of the Humanitarian-Development-Peace Nexus A Technical Note.pdf
"Understanding the triple nexus: The challenges of creating synergies between humanitarian, development and security policies","Hosting a substantial portion of the world's poor and displaced populations, fragile countries and territories ('fragile contexts') are characterised by weak governance and vulnerability to crises, and often prone to conflict. This creates challenges for identifying complex power structures, accessing the persons most in need and implementing long-standing development solutions.

In these contexts, the UN and OECD pushed for a shift towards integrated, context-sensitive responses that consider humanitarian, development, and peace dimensions simultaneously: the 'HDP Nexus' or 'Triple Nexus'. The EU, with its extensive competences across the three pillars of the Nexus, has adopted a comprehensive Triple Nexus approach, including coordinated strategies, shared financing, and partnerships with local and international stakeholders.

However, implementing the Triple Nexus is complex, with organisational, financial, and mandaterelated hurdles. Balancing immediate humanitarian needs with long-term development and peace goals often results in tensions. Additionally, the approach necessitates conflict-sensitive actions and ethical considerations, particularly in regions with questionable government legitimacy.

Furthermore, the EU's migration, trade, and climate policies, which affect human movements, trade dynamics, and environmental strategies, add layers of complexity to the Nexus efforts. The European Parliament supports the Triple Nexus, calling for enhanced collaboration and a clear policy framework. It stresses a holistic approach to addressing the root causes of crises in fragile contexts, recognising the interconnectedness of issues like conflict, climate change, migration, and poverty.",Policy Brief,,"Humanitarian,Development,Peace","Governance,Peace & Security","3. Coordination: Political engagement,1. Coordination: Joint analysis",European Parliament,EPRS,2025,English,https://www.europarl.europa.eu/RegData/etudes/BRIE/2025/769569/EPRS_BRI(2025)769569_EN.pdf,,"Understanding the triple nexus The challenges of creating synergies between humanitarian, development and security policies.webp","Understanding the triple nexus The challenges of creating synergies between humanitarian, development and security policies.pdf"
UNDP and the HDP Nexus: Compendium of Country-Level Examples,"This compendium documents UNDP's operational engagement in the Humanitarian-Development-Peace Nexus across 18 countries, providing evidence-based examples to inform policy, programming, and strategic positioning. Country selection is based on three criteria: classification as fragile by the OECD, the presence of an active Humanitarian Needs and Response Plan, and a Country Office portfolio substantively aligned with the Nexus approach.

The compendium draws primarily on data provided by Country Offices through the Nexus survey, cross-checked against Results-Oriented Annual Reports, and examines UNDP's roles across different thematic entry points and how it has contributed to coordination, alignment, and joint analysis across humanitarian, development, and peace actors. It highlights operational practices, coordination approaches, and lessons learned, strengthening UNDP's institutional knowledge and supporting more coherent and effective Nexus implementation across fragile and crisis-affected contexts.",Case Study,"Afghanistan,Burkina Faso,Colombia,Ethiopia,Iraq,Lebanon,Libya,Mozambique,Myanmar,Pakistan,Papua New Guinea,Somalia,South Sudan,Sudan,Syria,Ukraine,Venezuela,Yemen","Development,Humanitarian,Peace","Peace & Security,Governance,Resilience,Economic Development,Displacement & Migration,Social Cohesion","7. Programming: Align with risk environment,4. Programming: Prioritising prevention,8. Programming: National and local capacities,1. Coordination: Joint analysis,2. Coordination: Empowered leadership,3. Coordination: Political engagement,10. Financing: Develop evidence-based strategies,11. Financing: Predictable flexible multi-year",UNDP,UNDP,2026,English,https://www.undp.org/sites/g/files/zskgke326/files/2026-02/undp-and-the-hdp-nexus-compendium-of-country-level-examples.pdf,,UNDP and the HDP Nexus Compendium of Country-Level Examples.webp,undp-and-the-hdp-nexus-compendium-of-country-level-examples.pdf
UNDP and the HDP Nexus: Compendium of Country-Level Examples – Afghanistan,"Since August 2021, Afghanistan has faced economic collapse, widespread deprivation, gender-specific restrictions, and severe service access constraints. UNDP is the lead implementer of the Area-Based Approach to Development Emergency Initiatives (ABADEI) Joint Programme, anchoring multi-agency resilience and recovery support complementing humanitarian efforts.

UNDP maintains operational presence through eight regional offices, reaching 28 million people between October 2021 and September 2025, delivering primary healthcare to 16 million people, improved energy access for 5 million, and livelihoods support to almost 440,000 people. 

The 2023-2025 UN Strategic Framework for Afghanistan (UNSFA) aims at operationalizing the Nexus approach by integrating collective outcomes with Humanitarian Response Plan objectives. Nexus engagement sustains essential services, supports livelihoods, and fosters durable solutions for displaced populations amid challenging political and operational constraints.",Case Study,Afghanistan,"Development,Humanitarian,Peace","Governance,Resilience,Livelihoods,Displacement & Migration,Gender,Food Security & Nutrition,Social Cohesion","7. Programming: Align with risk environment,5. Programming: People at the centre,8. Programming: National and local capacities,1. Coordination: Joint analysis,2. Coordination: Empowered leadership,11. Financing: Predictable flexible multi-year",UNDP,UNDP,2026,English,https://www.undp.org/sites/g/files/zskgke326/files/2026-02/undp-hdp-nexus-compendium-afghanistan.pdf,,UNDP and the HDP Nexus Compendium of Country-Level Examples – Afghanistan.webp,undp-hdp-nexus-compendium-afghanistan.pdf
UNDP and the HDP Nexus: Compendium of Country-Level Examples – Burkina Faso,"Burkina Faso faces a complex crisis combining insecurity, internal displacement, governance fragility, food insecurity, climate shocks, and institutional strain, with over 2.1 million internally displaced people in 2024. UNDP supported the design and operationalization of the UN Interim Development Action Plan (UNIDAP) 2023–2025 as the national HDP framework, provided technical leadership on governance and conflict-sensitive programming, and facilitated joint risk analyses.

The UNIDAP and 2023 Humanitarian Response Plan are aligned through four validated collective outcomes integrating humanitarian, development, and peacebuilding priorities. Nexus programming focuses on building resilience through food security, local governance, social cohesion, and protection and displacement management for IDPs, refugees, and host communities.",Case Study,Burkina Faso,"Development,Humanitarian,Peace","Governance,Resilience,Food Security & Nutrition,Livelihoods,Social Cohesion,Displacement & Migration,Protection,Peace & Security","7. Programming: Align with risk environment,8. Programming: National and local capacities,1. Coordination: Joint analysis,3. Coordination: Political engagement,11. Financing: Predictable flexible multi-year",UNDP,UNDP,2026,English,https://www.undp.org/sites/g/files/zskgke326/files/2026-02/undp-hdp-nexus-compendium-burkina-faso.pdf,,UNDP and the HDP Nexus Compendium of Country-Level Examples – Burkina Faso.webp,undp-hdp-nexus-compendium-burkina-faso.pdf
UNDP and the HDP Nexus: Compendium of Country-Level Examples – Colombia,"Decades of violence and persistent inequalities have driven conflict, displacement and emergencies in Colombia, with 9 million internally displaced people and 2.8 million Venezuelan refugees as of December 2025. UNDP leads the Early Recovery Cluster and developed AlerCom, a community early-warning toolkit combining participatory risk assessment with a WhatsApp-based chatbot, deployed in humanitarian and high-risk settings. UNDP supports the Colombian government in establishing an institutional framework for over 6.5 million IDPs to access development solutions, and implemented a stabilization strategy in the Catatumbo region following mass displacement in January 2025. The 2024-2026 UNSDCF recognizes the importance of the HDP Nexus and is aligned with the Humanitarian Response Plan and the Refugee and Migrants Response Plan.",Case Study,Colombia,"Development,Humanitarian,Peace","Displacement & Migration,Resilience,Livelihoods,Governance,Peace & Security,Disaster Risk Reduction,Social Cohesion,Gender","7. Programming: Align with risk environment,5. Programming: People at the centre,8. Programming: National and local capacities,1. Coordination: Joint analysis,3. Coordination: Political engagement,10. Financing: Develop evidence-based strategies",UNDP,UNDP,2026,English,https://www.undp.org/sites/g/files/zskgke326/files/2026-02/undp-hdp-nexus-compendium-colombia.pdf,,UNDP and the HDP Nexus Compendium of Country-Level Examples – Colombia.webp,undp-hdp-nexus-compendium-colombia.pdf
UNDP and the HDP Nexus: Compendium of Country-Level Examples – Ethiopia,"Ethiopia faces a combination of chronic fragility, armed conflict, displacement, climate shocks, and structural development challenges, with humanitarian needs nearly quadrupling between 2019 and 2024. UNDP operationalizes the HDP Nexus through a government-led Area-Based Stabilization Model (ABA) and the Peace Support Facility (PSF) in Northern Ethiopia, delivering rapid, integrated peace dividends including restored healthcare for 925,000 people and education for 51,800 students. UNDP hosts the Development Partners Group Secretariat, organizes joint HCT-DPG meetings, and co-chairs Regional Nexus Coordination Groups. Ethiopia has a long history of HDP Nexus implementation since 2017, supported by a National Nexus Strategic Framework and a National Durable Solutions Strategy 2024.",Case Study,Ethiopia,"Development,Humanitarian,Peace","Governance,Resilience,Displacement & Migration,Livelihoods,Food Security & Nutrition,Social Cohesion,Peace & Security,Disaster Risk Reduction","7. Programming: Align with risk environment,4. Programming: Prioritising prevention,8. Programming: National and local capacities,1. Coordination: Joint analysis,2. Coordination: Empowered leadership,10. Financing: Develop evidence-based strategies,11. Financing: Predictable flexible multi-year",UNDP,UNDP,2026,English,https://www.undp.org/sites/g/files/zskgke326/files/2026-02/undp-hdp-nexus-compendium-ethiopia.pdf,,UNDP and the HDP Nexus Compendium of Country-Level Examples – Ethiopia.webp,undp-hdp-nexus-compendium-ethiopia.pdf
UNDP and the HDP Nexus: Compendium of Country-Level Examples – Iraq,"Iraq remains deeply affected by decades of conflict, displacement, and political instability despite oil wealth, with over one million people still displaced and humanitarian needs persisting. UNDP managed the USD 1.5 billion Funding Facility for Stabilization, creating conditions for nearly 5 million displaced Iraqis to return home and rehabilitating essential public infrastructure. UNDP's Social Cohesion Programme has supported reintegration of IDPs through community dialogue, dispute resolution, and livelihood support, mediating over 500 disputes and building capacities of 2,300 government officials. The Durable Solutions Task Force, co-led by UNDP and IOM, serves as the primary coordination mechanism bridging HDP actors with the Government of Iraq.",Case Study,Iraq,"Development,Humanitarian,Peace","Displacement & Migration,Governance,Resilience,Livelihoods,Social Cohesion,Peace & Security,Economic Development","7. Programming: Align with risk environment,4. Programming: Prioritising prevention,8. Programming: National and local capacities,1. Coordination: Joint analysis,2. Coordination: Empowered leadership,11. Financing: Predictable flexible multi-year",UNDP,UNDP,2026,English,https://www.undp.org/sites/g/files/zskgke326/files/2026-03/undp-hdp-nexus-compendium-iraq.pdf,,UNDP and the HDP Nexus Compendium of Country-Level Examples – Iraq.webp,undp-hdp-nexus-compendium-iraq.pdf
UNDP and the HDP Nexus: Compendium of Country-Level Examples – Lebanon,"Lebanon's economic and social crisis has drastically deteriorated, with GDP plummeting from USD 54.9 billion in 2018 to USD 20.08 billion in 2023, compounded by Israeli airstrikes in 2023-2024 that killed 4,000 people and displaced 1.2 million. UNDP and UNHCR coordinate data collection and joint programming under the Lebanon Response Plan, and co-lead the Regional Refugee and Resilience Plan (3RP) coordinating 230 humanitarian and development partners. The Lebanon Host Communities Support Programme (LHSP), launched in 2012, has allocated USD 305 million to enhance social stability and sustainable livelihoods, reaching over 2.9 million beneficiaries between 2014 and 2022. UNDP and UNHCR also developed the Tension Monitoring System to promote conflict-sensitive practices and support social stability.",Case Study,Lebanon,"Development,Humanitarian","Displacement & Migration,Social Cohesion,Resilience,Livelihoods,Governance,Economic Development","7. Programming: Align with risk environment,6. Programming: Do no harm,8. Programming: National and local capacities,1. Coordination: Joint analysis,11. Financing: Predictable flexible multi-year",UNDP,UNDP,2026,English,https://www.undp.org/sites/g/files/zskgke326/files/2026-03/undp-hdp-nexus-compendium-lebanon.pdf,,UNDP and the HDP Nexus Compendium of Country-Level Examples – Lebanon.webp,undp-hdp-nexus-compendium-lebanon.pdf
UNDP and the HDP Nexus: Compendium of Country-Level Examples – Libya,"Libya faces entrenched political fragmentation, pervasive insecurity, and economic fragility following a decade of conflict, with 140,000 IDPs and around 200,000 registered refugees and ongoing humanitarian needs despite no Humanitarian Response Plan since 2022. UNDP developed an area-based approach under the Local Peacebuilding Area-based programme 2023-2025, shifting from short-term stabilization to longer-term development and strengthening government capacity.

The Strengthening Local Capacities for Resilience and Recovery project, initiated in 2017, focuses on empowering local institutions, supporting essential services, promoting economic recovery, and strengthening social cohesion. The UNSDCF 2023-2025 aims to address root causes of vulnerability through development and peacebuilding, with two Collective Outcomes on Durable Solutions for IDPs.",Case Study,Libya,"Development,Humanitarian,Peace","Governance,Resilience,Displacement & Migration,Social Cohesion,Livelihoods,Peace & Security,Economic Development","7. Programming: Align with risk environment,4. Programming: Prioritising prevention,8. Programming: National and local capacities,1. Coordination: Joint analysis,10. Financing: Develop evidence-based strategies",UNDP,UNDP,2026,English,https://www.undp.org/sites/g/files/zskgke326/files/2026-03/undp-hdp-nexus-compendium-libya.pdf,,UNDP and the HDP Nexus Compendium of Country-Level Examples – Libya.webp,undp-hdp-nexus-compendium-libya.pdf
UNDP and the HDP Nexus: Compendium of Country-Level Examples – Mozambique,"Mozambique faces a multi-layered crisis shaped by protracted conflict in Cabo Delgado since 2017, recurrent natural disasters, and chronic underdevelopment, with 461,745 IDPs and 662,000 returnees as of May 2025. UNDP's Decentralization Programme strengthens local governance in fragile areas and bridges humanitarian needs with long-term development by empowering local governments through participatory processes. The Mozambique Recovery Facility (2021-2024) linked early recovery with long-term resilience through rehabilitation of 72 public infrastructure facilities and creation of over 6,000 temporary jobs. UNDP delivers the 2022-2026 Stabilization and Recovery Programme in Cabo Delgado, rehabilitating public infrastructure and providing livelihood opportunities to consolidate the social contract.",Case Study,Mozambique,"Development,Humanitarian,Peace","Governance,Resilience,Displacement & Migration,Livelihoods,Social Cohesion,Peace & Security,Disaster Risk Reduction","7. Programming: Align with risk environment,8. Programming: National and local capacities,5. Programming: People at the centre,1. Coordination: Joint analysis,10. Financing: Develop evidence-based strategies,11. Financing: Predictable flexible multi-year",UNDP,UNDP,2026,English,https://www.undp.org/sites/g/files/zskgke326/files/2026-03/undp-hdp-nexus-compendium-mozambique.pdf,,UNDP and the HDP Nexus Compendium of Country-Level Examples – Mozambique.webp,undp-hdp-nexus-compendium-mozambique.pdf
UNDP and the HDP Nexus: Compendium of Country-Level Examples – Myanmar,"Myanmar faces an unprecedented multi-dimensional crisis with escalating conflict, 3.6 million internally displaced people, 16.7 million facing acute food insecurity, and 76% of the population living at or below subsistence levels, further compounded by a devastating 7.7 magnitude earthquake in March 2025. UNDP co-leads two of four UN Transitional Cooperation Framework strategic outcomes, produces analytics through the Myanmar Development Observatory, and hosts the Myanmar Information Management Unit with 58,000 monthly users. Programming applies an area-based approach bridging humanitarian and development interventions through community-driven services and livelihoods, including leading early recovery support following the 2025 earthquake. UNDP and UNHCR established the South-east Working Group on Durable Solutions, which has evolved since 2021 to operationalize the HDP Nexus.",Case Study,Myanmar,"Development,Humanitarian,Peace","Displacement & Migration,Resilience,Livelihoods,Governance,Food Security & Nutrition,Social Cohesion,Disaster Risk Reduction,Peace & Security","7. Programming: Align with risk environment,8. Programming: National and local capacities,5. Programming: People at the centre,1. Coordination: Joint analysis,2. Coordination: Empowered leadership,10. Financing: Develop evidence-based strategies,11. Financing: Predictable flexible multi-year",UNDP,UNDP,2026,English,https://www.undp.org/sites/g/files/zskgke326/files/2026-03/undp-hdp-nexus-compendium-myanmar.pdf,,UNDP and the HDP Nexus Compendium of Country-Level Examples – Myanmar.webp,undp-hdp-nexus-compendium-myanmar.pdf
UNDP and the HDP Nexus: Compendium of Country-Level Examples – Pakistan,"Pakistan ranks among the countries most vulnerable to disasters and climate change, with the 2022 unprecedented flooding affecting 33 million people, causing over 1,700 deaths and USD 14.9 billion in damage. UNDP led recovery planning processes, facilitated the Post-Disaster Needs Assessment and Resilient Recovery Framework, and supported the International Conference on Climate Resilient Pakistan where partners pledged approximately USD 10.9 billion. The Flood Recovery Programme has supported over 400,000 flood-affected individuals through construction of climate-resilient houses, school retrofitting benefiting 31,000 students, and livelihoods support to 41,000 households. UNDP applies an integrated multisectoral strategy linking immediate humanitarian support with long-term resilience building across Sindh, Balochistan, Khyber Pakhtunkhwa, and Punjab.",Case Study,Pakistan,"Development,Humanitarian","Disaster Risk Reduction,Resilience,Livelihoods,Governance,Economic Development","7. Programming: Align with risk environment,8. Programming: National and local capacities,1. Coordination: Joint analysis,3. Coordination: Political engagement,11. Financing: Predictable flexible multi-year",UNDP,UNDP,2026,English,https://www.undp.org/sites/g/files/zskgke326/files/2026-03/undp-hdp-nexus-compendium-pakistan.pdf,,UNDP and the HDP Nexus Compendium of Country-Level Examples – Pakistan.webp,undp-hdp-nexus-compendium-pakistan.pdf
UNDP and the HDP Nexus: Compendium of Country-Level Examples – Papua New Guinea,"Papua New Guinea ranks 160 out of 193 countries on the Human Development Index, with 56.6% of its population in multidimensional poverty, facing significant challenges from tribal conflict, gender inequality, and frequent disasters, with the Bougainville independence process adding complexity. UNDP serves as lead agency of the Highlands Joint Programme, supports implementation of the Bougainville Peace Agreement, and facilitates inclusive consultations between the Government of PNG and the Autonomous Region of Bougainville. In the Highlands region, UNDP addresses root causes of conflict through strengthened capacity of traditional leaders, peace and development dialogues, and peacebuilding training for community leaders and civil society. UNDP also implemented an integrated sustainable land management and climate resilience programme, launching a climate security and conflict prevention platform.",Case Study,Papua New Guinea,"Development,Humanitarian,Peace","Governance,Peace & Security,Social Cohesion,Resilience,Gender,Displacement & Migration,Disaster Risk Reduction","4. Programming: Prioritising prevention,8. Programming: National and local capacities,5. Programming: People at the centre,1. Coordination: Joint analysis,2. Coordination: Empowered leadership,10. Financing: Develop evidence-based strategies",UNDP,UNDP,2026,English,https://www.undp.org/sites/g/files/zskgke326/files/2026-03/undp-hdp-nexus-compendium-papua-new-guinea.pdf,,UNDP and the HDP Nexus Compendium of Country-Level Examples – Papua New Guinea.webp,undp-hdp-nexus-compendium-papua-new-guinea.pdf
UNDP and the HDP Nexus: Compendium of Country-Level Examples – Somalia,"Somalia faces a protracted complex crisis fueled by armed conflict, social and political instability, alternating floods and droughts, 3 million internally displaced people, cholera outbreaks, and the second worst Human Development Index score globally. UNDP's Somalia Area Based Integrated Programming (ABIP) Model integrates interventions across basic services, livelihood and economic recovery, and local governance, reconciliation, and community security. The Saamaynta project, implemented with IOM and UN-Habitat, shifts from humanitarian aid for IDPs to an integrated HDP response, having constructed 274 houses and provided 8,000 households with land title deeds. UNDP drives peacebuilding through conflict resolution and natural resource management, including a Non-Violent Communication Initiative and climate resilience programming that resolved resource conflicts between pastoralist communities.",Case Study,Somalia,"Development,Humanitarian,Peace","Governance,Resilience,Displacement & Migration,Livelihoods,Social Cohesion,Peace & Security,Food Security & Nutrition,Disaster Risk Reduction","7. Programming: Align with risk environment,4. Programming: Prioritising prevention,8. Programming: National and local capacities,1. Coordination: Joint analysis,10. Financing: Develop evidence-based strategies,11. Financing: Predictable flexible multi-year",UNDP,UNDP,2026,English,https://www.undp.org/sites/g/files/zskgke326/files/2026-03/undp-hdp-nexus-compendium-somalia_0.pdf,,UNDP and the HDP Nexus Compendium of Country-Level Examples – Somalia.webp,undp-hdp-nexus-compendium-somalia.pdf
UNDP and the HDP Nexus: Compendium of Country-Level Examples – South Sudan,"South Sudan faces a multidimensional crisis driven by protracted conflict, recurrent climate shocks, fragile governance, and widespread displacement, with nearly 2 million internally displaced and chronic food insecurity affecting over 7.7 million people. UNDP designs and operationalizes area-based programming across five states, manages the Reconciliation, Stabilization, and Resilience Trust Fund (RSRTF) delivering USD 40.9 million, and serves as Area-Based Coordinator in Western Bahr el Ghazal, chairing inter-agency HDP coordination. UNDP leads UN support to national institutions on constitutional reform, rule of law, and transitional justice, and in 2023 supported 25,000 youth with vocational training and reached nearly 2 million people through community crime prevention activities. The HCT and UNCT are piloting area-based coordination providing a sub-national mechanism to operationalize the HDP Nexus around shared outcomes on displacement, local governance, and resilience.",Case Study,South Sudan,"Development,Humanitarian,Peace","Governance,Resilience,Displacement & Migration,Livelihoods,Social Cohesion,Peace & Security,Food Security & Nutrition,Disaster Risk Reduction","7. Programming: Align with risk environment,4. Programming: Prioritising prevention,8. Programming: National and local capacities,1. Coordination: Joint analysis,2. Coordination: Empowered leadership,3. Coordination: Political engagement,10. Financing: Develop evidence-based strategies,11. Financing: Predictable flexible multi-year",UNDP,UNDP,2026,English,https://www.undp.org/sites/g/files/zskgke326/files/2026-03/undp-hdp-nexus-compendium-south-sudan.pdf,,UNDP and the HDP Nexus Compendium of Country-Level Examples – South Sudan.webp,undp-hdp-nexus-compendium-south-sudan.pdf
UNDP and the HDP Nexus: Compendium of Country-Level Examples – Sudan,"Sudan plunged into conflict in April 2023 and is now one of the worst humanitarian crises in the world, with over 60% of the population needing humanitarian assistance, 24.6 million facing acute food insecurity, and 10 million forcibly displaced. UNDP has stayed and delivered through 10 offices, providing almost 1 million people with livelihood support and improving access to essential services for 5 million people in 2024. UNDP works with local authorities to restore planning and coordination roles, strengthen community dispute resolution, and anchor market-driven recovery including MSME support. The Durable Solutions Working Group has been revitalized and is co-chaired by UNHCR and UNDP, with a Durable Solutions Unit being established under the RC/HC for dedicated coordination, analytics, and planning capacity.",Case Study,Sudan,"Development,Humanitarian,Peace","Governance,Resilience,Displacement & Migration,Livelihoods,Social Cohesion,Food Security & Nutrition,Peace & Security,Economic Development","7. Programming: Align with risk environment,8. Programming: National and local capacities,9. Programming: Learning and evidence,1. Coordination: Joint analysis,2. Coordination: Empowered leadership,10. Financing: Develop evidence-based strategies",UNDP,UNDP,2026,English,https://www.undp.org/sites/g/files/zskgke326/files/2026-03/undp-hdp-nexus-compendium-sudan.pdf,,UNDP and the HDP Nexus Compendium of Country-Level Examples – Sudan.webp,undp-hdp-nexus-compendium-sudan.pdf
UNDP and the HDP Nexus: Compendium of Country-Level Examples – Syria,"After 14 years of conflict, Syria entered a political transition in December 2024, with the Human Development Index score dropped to its 1975 level, 50% of infrastructure destroyed, and almost 70% of the population requiring humanitarian assistance in 2025. Since 2021, UNDP Syria shifted to an integrated, conflict-sensitive, participatory early recovery approach, piloting Participatory Local Recovery Planning (PLRP) processes to empower communities including women, youth, and IDPs in Aleppo and Hama. The Area-Based Return Support (ABRS) initiative, co-chaired by UNHCR and UNDP, aligns humanitarian, long-term recovery, and development interventions across eight target locations in support of returnees and host communities. UNDP is scaling up the ABRS+ model advancing five interlinked outcomes—Return, Reintegration, Recovery, Resilience, and Reconciliation—through locally tailored, area-based approaches.",Case Study,Syria,"Development,Humanitarian,Peace","Governance,Resilience,Displacement & Migration,Livelihoods,Social Cohesion,Peace & Security,Economic Development,Protection","7. Programming: Align with risk environment,5. Programming: People at the centre,8. Programming: National and local capacities,1. Coordination: Joint analysis,3. Coordination: Political engagement,10. Financing: Develop evidence-based strategies",UNDP,UNDP,2026,English,https://www.undp.org/sites/g/files/zskgke326/files/2026-03/undp-hdp-nexus-compendium-syria.pdf,,UNDP and the HDP Nexus Compendium of Country-Level Examples – Syria.webp,undp-hdp-nexus-compendium-syria.pdf
UNDP and the HDP Nexus: Compendium of Country-Level Examples – Ukraine,"Ukraine faces large-scale destruction of infrastructure, widespread displacement of over 3.5 million people, and significant economic disruption from the ongoing full-scale war. UNDP co-led the Durable Solutions Working Group with IOM and UNHCR, contributed to joint analysis including the Human Impact Assessment and Social Cohesion and Reconciliation Index (SCORE), and facilitated clearance of 245,000m³ of debris while supporting 1,500 entrepreneurs and creating 4,500 jobs. The Green Energy Recovery Programme restored energy access for 6 million people combining emergency assistance with long-term sustainable energy infrastructure. UNDP mobilized USD 22 million through the Ukraine Community Recovery Fund and partnered with the European Investment Bank to enable EUR 840 million in investments to rehabilitate public buildings across 150 municipalities.",Case Study,Ukraine,"Development,Humanitarian,Peace","Governance,Resilience,Displacement & Migration,Livelihoods,Social Cohesion,Economic Development,Peace & Security,Energy","7. Programming: Align with risk environment,8. Programming: National and local capacities,1. Coordination: Joint analysis,2. Coordination: Empowered leadership,10. Financing: Develop evidence-based strategies,11. Financing: Predictable flexible multi-year",UNDP,UNDP,2026,English,https://www.undp.org/sites/g/files/zskgke326/files/2026-03/undp-hdp-nexus-compendium-ukraine.pdf,,UNDP and the HDP Nexus Compendium of Country-Level Examples – Ukraine.webp,undp-hdp-nexus-compendium-ukraine.pdf
UNDP and the HDP Nexus: Compendium of Country-Level Examples – Venezuela,"Over the last decade, Venezuela has faced a complex multifaceted crisis with GDP contracting by 78% between 2013 and 2021 and over 7 million people requiring humanitarian assistance, though the economy has been recovering since 2022. UNDP complemented humanitarian aid with early recovery efforts following the 2022 Tejerías landslide and in 2023, together with FAO and UNHCR, launched an inter-agency Community Resilience Portfolio to support reintegration of returnees and host communities. UNDP is designing a Multi-partner Trust Fund on early recovery and resilience with the RCO, expected to launch in 2026. The Interagency Nexus Advisory Group identified municipalities of Mara and La Guajira in the State of Zulia as pilot geographic areas for operationalizing the triple nexus, focusing on access to essential services, livelihoods, local governance, and inclusive narratives.",Case Study,Venezuela,"Development,Humanitarian","Resilience,Livelihoods,Displacement & Migration,Governance,Social Cohesion,Economic Development","7. Programming: Align with risk environment,5. Programming: People at the centre,8. Programming: National and local capacities,1. Coordination: Joint analysis,10. Financing: Develop evidence-based strategies",UNDP,UNDP,2026,English,https://www.undp.org/sites/g/files/zskgke326/files/2026-03/undp-hdp-nexus-compendium-venezuela.pdf,,UNDP and the HDP Nexus Compendium of Country-Level Examples – Venezuela.webp,undp-hdp-nexus-compendium-venezuela.pdf
UNDP and the HDP Nexus: Compendium of Country-Level Examples – Yemen,"Yemen is in a complex and protracted humanitarian and development crisis shaped by a decade of civil war, geopolitical tensions, and institutional collapse, with over 4.8 million displaced and more than half the population needing humanitarian assistance. UNDP's Enhanced Rural Resilience in Yemen (ERRY) Joint Programme supported over 2.1 million Yemenis improving food security, livelihoods, and climate resilience, achieving a 26-53% increase in Food Consumption Scores and 48% reduction in reliance on humanitarian aid.

The Strengthening Institutional and Economic Resilience in Yemen (SIERY) project revitalized 177 public services across 9 governorates, created 6,500 jobs, and reached over 7 million people. UNDP leads UN-wide efforts on area-based approaches and coordinates the Food Security and Livelihoods Working Group with FAO under the Yemen Partner Group coordination structure.",Case Study,Yemen,"Development,Humanitarian,Peace","Food Security & Nutrition,Resilience,Livelihoods,Governance,Social Cohesion,Peace & Security,Economic Development","7. Programming: Align with risk environment,4. Programming: Prioritising prevention,8. Programming: National and local capacities,1. Coordination: Joint analysis,3. Coordination: Political engagement,10. Financing: Develop evidence-based strategies,11. Financing: Predictable flexible multi-year",UNDP,UNDP,2026,English,https://www.undp.org/sites/g/files/zskgke326/files/2026-03/undp-hdp-nexus-compendium-yemen.pdf,,UNDP and the HDP Nexus Compendium of Country-Level Examples – Yemen.webp,undp-hdp-nexus-compendium-yemen.pdf
Unified Across the Humanitarian-Development Spectrum,"This InterAction report examines how US-based NGOs are working across the humanitarian-development spectrum, documenting the range of organisational models, programming approaches, and coordination mechanisms used by NGOs to operationalise nexus approaches. Based on surveys and case studies from InterAction member organisations, the report identifies key enablers — including flexible financing, dual-mandate structures, and robust joint analysis — and persistent challenges including US government funding restrictions and short-term programming cycles. It provides recommendations for NGOs, USAID, and the State Department on strengthening nexus programming in US foreign assistance.",Report,,"Development,Humanitarian","Governance,Resilience","9. Programming: Learning and evidence,10. Financing: Develop evidence-based strategies,11. Financing: Predictable flexible multi-year",InterAction,InterAction,2022,English,https://www.interaction.org/wp-content/uploads/2022/04/Unified-Across-the-Humanitarian-Development-Spectrum.pdf,,Unified Across the Humanitarian-Development Spectrum.webp,Unified Across the Humanitarian-Development Spectrum.pdf
United Nations Community Engagement Guidelines on Peacebuilding and Sustaining Peace,"The United Nations Community Engagement Guidelines on Peacebuilding and Sustaining Peace emphasize the critical role of local civil society actors, including women and youth, in peacebuilding efforts. The report highlights the importance of community engagement to strengthen trust, cooperation, and adaptation to local contexts to promote peace and security. This process involves seven key recommendations: understanding local contexts, effective coordination across UN entities, safety in restricted environments, inclusive participation of civil society, capacity-building, meaningful participation of women, and engaging youth.

With the backdrop of the COVID-19 pandemic, these guidelines aim to direct UN field presences to develop country-specific strategies and provide operational guidance on effectively working with local civil societies. The guidelines also facilitate strategic partnerships and advocate for innovative financing methods tailored to support localized peacebuilding initiatives. Countries like Niger, Sri Lanka, Somalia, Morocco, and Guatemala are examples where these community engagement strategies are being applied to foster peace and resilience.",Report,Guatemala,Peace,"Gender,Social Cohesion,Governance,Peace & Security,Resilience","5. Programming: People at the centre,4. Programming: Prioritising prevention,8. Programming: National and local capacities,11. Financing: Predictable flexible multi-year",United Nations Peacebuilding,United Nations Peacebuilding,2020,English,https://www.un.org/peacebuilding/sites/www.un.org.peacebuilding/files/documents/un_community-engagement_guidelines.august_2020.pdf,,United Nations Community Engagement Guidelines on Peacebuilding and Sustaining Peace.webp,United Nations Community Engagement Guidelines on Peacebuilding and Sustaining Peace.pdf
United Nations Conflict Analysis Practice Note,"This UN internal guidance note supports desk officers, planning officers and other UN Country Team and headquarters staff responsible for undertaking or contributing to conflict analysis. Developed in response to the Secretary-General's 2015 commitment to review existing conflict analysis methodologies, it provides guidance on the core components of conflict analysis — including situation profiling, causal analysis, stakeholder analysis, and dynamics — and offers a guide to existing resources across the UN system. The note is consistent with the UN's Conflict and Development Analysis (CDA) tool and complements the UN Policy on Integrated Assessment and Planning. It emphasizes gender sensitivity and human rights dimensions in conflict analysis.",Guide,,"Development,Humanitarian,Peace","Peace & Security,Governance","1. Coordination: Joint analysis,7. Programming: Align with risk environment,6. Programming: Do no harm,4. Programming: Prioritising prevention",United Nations,,2016,English,https://unsdg.un.org/resources/un-conflict-analysis-practice-note,,United Nations Conflict Analysis Practice Note.webp,United Nations Conflict Analysis Practice Note.pdf
United Nations Sustainable Development Cooperation Framework Guidance,"This guidance document establishes the UN Sustainable Development Cooperation Framework (UNSDCF) — formerly the UN Development Assistance Framework (UNDAF) — as the most important instrument for planning and implementing UN development activities at the country level in support of the 2030 Agenda. Published following UNGA resolution 72/279, it sets out four key objectives for the Cooperation Framework: articulating the UN's collective response to national priorities; supporting economic transformation; embodying the spirit of partnerships; and turning the commitment to leave no one behind into action. The guidance covers the full programme cycle including strategic planning, funding, implementation, monitoring, learning, reporting and evaluation.",Guide,,"Development,Humanitarian,Peace","Governance,Economic Development,Resilience","1. Coordination: Joint analysis,2. Coordination: Empowered leadership,3. Coordination: Political engagement,5. Programming: People at the centre,8. Programming: National and local capacities,9. Programming: Learning and evidence,10. Financing: Develop evidence-based strategies,11. Financing: Predictable flexible multi-year",United Nations Sustainable Development Group (UNSDG),,2019,"English,Spanish,French",https://unsdg.un.org/resources/united-nations-sustainable-development-cooperation-framework-guidance,,United Nations Sustainable Development Cooperation Framework Guidance.webp,United Nations Sustainable Development Cooperation Framework Guidance.pdf
UNSDCF Companion Piece on the HDP nexus​​​​​​​,"The UNSDCF Companion Piece on the HDP nexus elaborates guidelines for countries facing crises, such as disasters, conflicts, or public health emergencies. It emphasizes developing the United Nations Sustainable Development Cooperation Framework through collaboration among development, humanitarian, and peace stakeholders, underpinned by human rights and conflict sensitivity.

The framework seeks to provide a comprehensive analysis to address crisis root causes. It outlines strategic planning for collective outcomes aligning short-term, medium-term, and long-term goals to achieve the SDGs. Important aspects include joint programming, focusing on vulnerability reduction, conflict sensitivity, gender equality, and inclusive participation. Funding strategies are designed to incorporate diverse financial resources for sustainable progress.

The document provides examples of effective frameworks and strategic integration in regions like Somalia and South Sudan, demonstrating coordinated approaches toward resilience and peacebuilding.",Guide,,"Development,Humanitarian,Peace","Health,Recovery,Protection,Peace & Security,Disaster Risk Reduction,Displacement & Migration,Governance,Resilience","7. Programming: Align with risk environment,6. Programming: Do no harm,3. Coordination: Political engagement,1. Coordination: Joint analysis,11. Financing: Predictable flexible multi-year",UNSDG,UNSDG,2020,English,https://reliefweb.int/report/world/humanitarian-development-piece-hdp-collaboration-cooperation-framework-companion-piece,,UNSDCF Companion Piece on the HDP nexus​​​​​​​.webp,UNSDCF Companion Piece on the HDP nexus​​​​​​​.pdf
"UNSDG Good Practice Note on Conflict Sensitivity, Peacebuilding and Sustaining Peace","The UNSDG Good Practice Note provides guidance on integrating conflict sensitivity in UN programming to foster peacebuilding and achieve Sustainable Development Goals (SDGs). It emphasizes understanding conflict dynamics and minimizing risks that could exacerbate tensions. The note outlines four steps: understanding the conflict context, analyzing interactions of UN activities with peace dynamics, adapting activities to manage risks and leverage peace opportunities, and implementing monitoring tools.

The document stresses embedding conflict sensitivity into organizational processes, offering tools for conflict analysis, and establishing indicators for peacebuilding impact. It also underscores the importance of aligning programming with humanitarian principles, promoting human rights, and fostering inclusive systems that recognize diversity, especially in gender and youth dynamics.",Guide,Bolivia,"Development,Humanitarian,Peace","Governance,Social Cohesion,Protection,Resilience","7. Programming: Align with risk environment,6. Programming: Do no harm,8. Programming: National and local capacities,1. Coordination: Joint analysis,10. Financing: Develop evidence-based strategies",UNSDG,UNSDG,2022,English,https://reliefweb.int/report/world/good-practice-note-conflict-sensitivity-peacebuilding-and-sustaining-peace,,"UNSDG Good Practice Note on Conflict Sensitivity, Peacebuilding and Sustaining Peace.webp","UNSDG Good Practice Note on Conflict Sensitivity, Peacebuilding and Sustaining Peace.pdf"
Unveiling Challenges and Gaps in Climate Finance in Conflict Areas,"This SIPRI Insights paper (October 2024) addresses the critical mismatch between climate finance allocation and vulnerability in conflict-affected countries. Drawing on OECD CRS data and Notre Dame Global Adaptation Initiative vulnerability scores, the authors find that conflict-affected countries — which are among the most climate-vulnerable globally — consistently receive insufficient climate adaptation finance relative to their needs. Conflict exacerbates populations' vulnerability to climate change by undermining adaptive capacity, worsening food insecurity, and deepening inequalities, yet active conflict zones remain dramatically underserved by climate finance mechanisms.

The paper examines institutional barriers — risk aversion by climate funds, inability to programme in insecure areas, and design of climate mechanisms around stable governance contexts — and calls for systemic changes to deliver climate finance through HDP nexus-compatible instruments. Directly relevant to practitioners working at the climate-security-nexus intersection.",Policy Brief,,"Humanitarian,Development,Peace","Climate,Financing,Policy & Strategy",7. Programming: Align with risk environment,SIPRI,"Karen Meijer, Abeer S. Ahmad",2024,English,https://www.sipri.org/publications/2024/sipri-insights-peace-and-security/unveiling-challenges-and-gaps-climate-finance-conflict-areas,,Unveiling Challenges and Gaps in Climate Finance in Conflict Areas.webp,Unveiling Challenges and Gaps in Climate Finance in Conflict Areas.pdf
Urban area-based approaches (ABAs) in post-disaster contexts,"This guidance note, published by the Stronger Cities Consortium, provides a detailed framework for humanitarian practitioners to implement area-based approaches (ABAs) in urban settings following naturally triggered disasters. These approaches are designed to address the complex challenges of urban environments, such as governance and infrastructure density. The document outlines ten principles that guide the project management cycle, from assessment and design to implementation and evaluation.

Key principles include focusing on locality, collaborating across sectors, adaptive management, and ensuring that actions are people-centered and utilize existing structures. The document advocates for flexible programming and emphasizes the importance of planning for scalability. It also suggests measuring contributions rather than single-project attributions to better assess the impact of recovery efforts on affected communities. The guidance is backed by numerous examples and studies to enhance understanding for effective disaster response in cities.",Guide,Haiti,"Development,Humanitarian","Urban Planning,Disaster Risk Reduction,Resilience","6. Programming: Do no harm,5. Programming: People at the centre,8. Programming: National and local capacities","International Institute for Environment and Development, International Rescue Committee, Norwegian Refugee Council (NRC), World Vision",International Institute for Environment and Development,2017,English,https://reliefweb.int/report/world/urban-area-based-approaches-abas-post-disaster-contexts-guidance-note-humanitarian,,Urban area-based approaches (ABAs) in post-disaster contexts.webp,Urban area-based approaches (ABAs) in post-disaster contexts.pdf
WASH For Peace: Tools for Identifying and Leveraging Peacebuilding in WASH Programmatic Settings,"This toolkit provides practical tools and guidance for Water, Sanitation and Hygiene (WASH) practitioners to identify opportunities for integrating peacebuilding approaches into WASH programming, particularly in conflict-affected contexts. It addresses the intersection of WASH programming and the HDP Nexus peace pillar, offering specific entry points for conflict-sensitive WASH design, implementation and monitoring. 

The toolkit includes tools for: conflict sensitivity analysis in WASH contexts; mapping of peace-relevant dynamics in water and sanitation governance; identifying entry points for social cohesion through WASH programming; and documenting examples where WASH has contributed to conflict prevention and community resilience.",Toolkit,,"Development,Humanitarian,Peace","Resilience,Social Cohesion,Peace & Security,Governance","1. Coordination: Joint analysis,4. Programming: Prioritising prevention,5. Programming: People at the centre,6. Programming: Do no harm,7. Programming: Align with risk environment,8. Programming: National and local capacities,9. Programming: Learning and evidence",Global Water Cluster / UNICEF,,2021,English,https://www.unicef.org/washforpeace/,,WASH For Peace Tools for Identifying and Leveraging Peacebuilding in WASH Programmatic Settings.webp,WASH For Peace Tools for Identifying and Leveraging Peacebuilding in WASH Programmatic Settings.pdf
"WASH Resilience, Conflict Sensitivity and Peacebuilding: Joint Operational Framework","The Joint Operational Framework (JOF) provides practical guidance for implementing the humanitarian-development-peace nexus specifically within the water, sanitation, and hygiene (WASH) sector. It emphasizes building resilience, conflict sensitivity, and peacebuilding within WASH systems to address humanitarian needs, achieve sustainable development, and build peaceful societies.

The framework outlines a new program logic through a detailed Theory of Change (TOC), which encompasses strengthening WASH systems and integrating anticipative, absorptive, preventative, and adaptive capacities. The JOF highlights shared principles among humanitarian, development, and peace actors, and proposes a series of steps for effective collaboration and implementation, which include stakeholder mapping, robust assessment, collective outcome formulation, and coordination. It aims to leverage existing frameworks, structures, and financing mechanisms, underlining the importance of flexibility, sustainability, and innovative funding models to support long-term engagement and success.",Guide,"Democratic Republic of the Congo,Ethiopia","Development,Humanitarian,Peace","Environment,Peace & Security,WASH,Economic Development,Disaster Risk Reduction,Social Cohesion,Protection,Displacement & Migration,Governance,Resilience","5. Programming: People at the centre,8. Programming: National and local capacities,1. Coordination: Joint analysis,11. Financing: Predictable flexible multi-year","German WASH Network, Global WASH Cluster, Sanitation and Water for all, The Triple Nexus in WASH Initiative, UNICEF",The Triple Nexus in WASH Initiative,2023,English,https://www.washnet.de/wp-content/uploads/2024/01/WASH-Triple-Nexus_-JOF_V11_SCREEN.pdf,,"WASH Resilience, Conflict Sensitivity and Peacebuilding Joint Operational Framework.webp","WASH Resilience, Conflict Sensitivity and Peacebuilding Joint Operational Framework.pdf"
WASH Triple Nexus: Building resilience and sustainability in fragile and disaster-prone contexts,"The event report summarizes a webinar focused on the Water, Sanitation, and Hygiene (WASH) Triple Nexus approach, which integrates humanitarian, development, and peace efforts. The webinar hosted by SWA highlighted the importance of resilience and sustainability in fragile and disaster-prone contexts.

Key speakers, including Jeff Goldberg from USAID and Tim Grieve, emphasized collaboration across various sectors and stakeholders. Successful case studies were shared, such as Uganda's integration of refugee water needs and Honduras' targeted emergency response to typhoons. Discussions also underscored the need for improved international coordination and trust-building to enhance collaboration levels.

The report shares next steps, including drafting a WASH Triple Nexus framework reviewed by experts. Participants came from a diverse range of sectors, demonstrating wide engagement in these pivotal WASH issues.",Event Report,"Burkina Faso,Central African Republic,Democratic Republic of the Congo,Honduras","Development,Humanitarian,Peace","Climate,WASH,Disaster Risk Reduction,Resilience","7. Programming: Align with risk environment,8. Programming: National and local capacities,3. Coordination: Political engagement","German WASH Network, Sanitation and Water for all, UNICEF, WASH Cluster",The Triple Nexus in WASH Initiative,2021,English,https://www.washnet.de/wp-content/uploads/2021/09/WASH-Triple-Nexus_HIghlights-of-Webinar_Sep1_210913_tp.pdf,,WASH Triple Nexus Building resilience and sustainability in fragile and disaster-prone contexts.webp,WASH Triple Nexus Building resilience and sustainability in fragile and disaster-prone contexts.pdf
WE Nexus: Empowered Women for sustainable peace: Addressing peace-humanitarian Nexus to enhance community resilience in Indonesia,"The brief outlines the 'Empowered Women for Sustainable Peace' project in Indonesia, focusing on the humanitarian-development-peace nexus to enhance community resilience. It addresses Indonesia's challenges such as conflicts, natural hazards, displacement, gender inequality, and radicalization. The project aims to empower women and girls by expanding their roles in conflict prevention, resolution, and recovery, promoting a gender-sensitive approach across national and local governance, disaster risk reduction, and economic resilience.

Key strategies include increasing women's participation in village forums and policies, strengthening multi-stakeholder platforms for collaboration, and implementing gender-responsive solutions at the community level. The project leverages the Women, Peace and Security Agenda and the Sendai Framework for Disaster Risk Reduction to explore scalable interventions, contributing to a peaceful and just society while concurrently addressing immediate humanitarian needs and promoting sustainable development and peace-building efforts.",Policy Brief,Indonesia,"Development,Humanitarian,Peace","Climate,Gender,Disaster Risk Reduction,Peace & Security,Social Cohesion,Economic Development,Displacement & Migration,Governance,Resilience","7. Programming: Align with risk environment,8. Programming: National and local capacities,1. Coordination: Joint analysis,10. Financing: Develop evidence-based strategies","KOICA, UN Women",UN Women,2025,English,https://asiapacific.unwomen.org/sites/default/files/2025-02/we_nexus_project_brief_20250219.pdf,,WE Nexus Empowered Women for sustainable peace Addressing peace-humanitarian Nexus to enhance community resilience in Indonesia.webp,WE Nexus Empowered Women for sustainable peace Addressing peace-humanitarian Nexus to enhance community resilience in Indonesia.pdf
Weathering Change: Exploring Connections between Climate Adaptation and Conflict Prevention in Mali,"This Mercy Corps research report (published January 2025 as version 3.0) examines the connections between climate adaptation and conflict prevention in Mali, one of the world's most fragile and climate-vulnerable countries. Based on the Ben ni Baara programme — which integrated conflict management, economic resilience, and community-state relationship strengthening — the report analyses how climate stressors (particularly drought and the timing of rainy seasons) interact with intercommunal conflict between farmers and herders.

The report explores how Mercy Corps' Climate-Conflict Assessment methodology identifies entry points to interrupt the cycle of fragility, and what programme design choices can simultaneously address climate change drivers and conflict risk factors. Mali is identified as particularly difficult for nexus implementation given the security vacuum following the exit of international military missions; findings offer lessons for programming in similarly constrained contexts.",Report,Mali,"Humanitarian,Development,Peace","Climate,Peace & Security,Resilience,Coordination","6. Programming: Do no harm,7. Programming: Align with risk environment,9. Programming: Learning and evidence",Mercy Corps,Mercy Corps,2025,English,https://www.mercycorps.org/sites/default/files/2025-01/weathering-change-climate-conflict-mali.pdf,,Weathering Change Exploring Connections between Climate Adaptation and Conflict Prevention in Mali.webp,Weathering Change Exploring Connections between Climate Adaptation and Conflict Prevention in Mali.pdf
Weathering the Storm: Why and How Development Financing Actors Should Stay Engaged During Political Crises,"This NRC research report (May 2024) examines the humanitarian consequences when development aid is suspended following unconstitutional changes of government (UCG), drawing on case studies from Mali, Burkina Faso, Niger, and Afghanistan. It finds that while donors maintain humanitarian funding post-UCG, withdrawal of development finance forces humanitarian actors to fill gaps in basic services, exacerbating the funding crisis and undermining the nexus approach. The report directly addresses the tension between principled donor conditionality and the DAC Recommendation on the HDP nexus, arguing for pragmatic mechanisms to maintain development engagement even in politically constrained environments. A timely contribution given the post-2025 aid funding crisis and the collapse of USAID.",Report,"Mali,Burkina Faso,Niger,Afghanistan","Humanitarian,Development","Financing,Coordination,Governance","3. Coordination: Political engagement,10. Financing: Develop evidence-based strategies,11. Financing: Predictable flexible multi-year",Norwegian Refugee Council (NRC),"Grønkjær, L.",2024,English,https://www.nrc.no/resources/reports/weathering-the-storm/,,Weathering the Storm Why and How Development Financing Actors Should Stay Engaged During Political Crises.webp,Weathering the Storm Why and How Development Financing Actors Should Stay Engaged During Political Crises.pdf
West and Central Africa Regional Policy Dialogue The New Way of Working: from delivering aid to ending need,"The West and Central Africa Regional Policy Dialogue report outlines the importance of integrating humanitarian and development efforts, as discussed at a workshop in Dakar. This approach, termed the 'New Way of Working', aims to achieve collective outcomes, anticipate crises, and strengthen local systems, aligning with Sustainable Development Goals. Significant challenges include improving data analysis, joint planning across sectors, coordinating efforts, and securing multi-year financing. 

Key recommendations advocate for aligning short-term and long-term planning processes, integrating national and local capacities, and improving trust in data sharing. The event showcased steps already underway in several African countries, emphasizing collaboration between diverse actors including governments, NGOs, and international organizations to deliver on collective outcomes, focusing on risk reduction and vulnerability mitigation.",Event Report,"Central African Republic,Chad,Democratic Republic of the Congo","Development,Humanitarian,Peace","Gender,Disaster Risk Reduction,Food Security & Nutrition,Economic Development,Governance,Resilience","7. Programming: Align with risk environment,1. Coordination: Joint analysis,11. Financing: Predictable flexible multi-year","Agenda for Humanity, OCHA",OCHA,2017,English,https://agendaforhumanity.org/sites/default/files/WHS-2016-Policy_Report-V1-WEB-EN%20FINAL.pdf,,West and Central Africa Regional Policy Dialogue The New Way of Working from delivering aid to ending need.webp,West and Central Africa Regional Policy Dialogue The New Way of Working from delivering aid to ending need.pdf
WFP Conflict Sensitivity Mainstreaming Strategy,"The WFP Conflict Sensitivity Mainstreaming Strategy emphasizes the importance of adopting a conflict-sensitive approach in all operational settings to mitigate potential risks and enhance program effectiveness. Recognizing conflict as a major driver of food insecurity, the strategy outlines a comprehensive framework to integrate conflict sensitivity into WFP's program cycle, emphasizing assessment, strategic planning, and implementation. It highlights the critical roles of conflict analysis and risk assessments in identifying interaction with local contexts. WFP commits to building capacities at various organizational levels and establishing partnerships to enhance context understandings and document risks systematically.

The strategy advocates for cultural and institutional shifts, detailing responsibilities across functional areas to ensure that operations do not exacerbate existing tensions. It explores issues regarding cooperation with partner agencies, vendor selection, and relations with host and donor governments, while underscoring the need for targeted workforce planning, capacity building, and specialized training efforts.

The strategy aims to align with the Humanitarian-Development-Peace Nexus and promote accountability by incorporating conflict sensitivity into its programming processes across diverse operational landscapes.",Strategy,"Afghanistan,Democratic Republic of the Congo","Development,Humanitarian,Peace","Food Security & Nutrition,Disaster Risk Reduction,Social Cohesion,Governance,Resilience","7. Programming: Align with risk environment,5. Programming: People at the centre,8. Programming: National and local capacities,1. Coordination: Joint analysis,2. Coordination: Empowered leadership,10. Financing: Develop evidence-based strategies,11. Financing: Predictable flexible multi-year",WFP,WFP,2023,English,https://www.wfp.org/publications/2023-conflict-sensitivity-mainstreaming-strategy,,WFP Conflict Sensitivity Mainstreaming Strategy.webp,WFP Conflict Sensitivity Mainstreaming Strategy.pdf
WFP Peace Measurement Roundtable: Compendium of Reference Group Presentations,"The WFP Peace Measurement Roundtable serves as a forum discussing different approaches and methodologies to contribute and measure peace. It reflects on strategies like conflict sensitivity and resilience-building from organizations like Sida, BMZ, JICA, and others, aiming to enhance peace through transparent and inclusive institutions, dialogue, and mediation processes.

The document highlights the value of monitoring impacts on conflict and peace, affirming the need for systematic tools and strategies that leverage local capacities while being mindful of unintended negative effects. Peace measurements and engagement strategies are explored in various contexts, including countries like Bangladesh and the Philippines, where diverse factors such as social cohesion and risk analysis are considered vital for operational success in complex environments. 

Collaboration between partners and adaptive management is emphasized to foster resilience and improve peacebuilding outcomes while ensuring accountability and effectiveness across interventions.",Event Report,"Bangladesh,Philippines",Peace,"Governance,Peace & Security,Disaster Risk Reduction,Economic Development,Livelihoods,Protection,Social Cohesion,Displacement & Migration,Resilience","8. Programming: National and local capacities,1. Coordination: Joint analysis,10. Financing: Develop evidence-based strategies",WFP,WFP,2021,English,https://executiveboard.wfp.org/meeting/1308,,WFP Peace Measurement Roundtable Compendium of Reference Group Presentations.webp,WFP Peace Measurement Roundtable Compendium of Reference Group Presentations.pdf
What Can We Learn? Case Studies on the Triple Nexus in West Africa,"This Oxfam case study collection (June 2023) examines how Oxfam's interventions in West Africa are adapting to the triple nexus approach, which challenges the linear and sequential logic of traditional aid delivery. The collection argues that humanitarian, development, and peacebuilding programmes must operate simultaneously to address systemic inequalities that keep people vulnerable — requiring fundamental transformations in how both humanitarian and development sectors work. 

Case studies span Oxfam programmes in countries across West Africa, illustrating how nexus thinking is being put into practice at programme level. The collection offers practical lessons for multi-mandate organisations navigating the tension between principled humanitarian action and the demands of integrated, longer-term programming in conflict-affected and climate-stressed contexts.",Report,,"Humanitarian,Development,Peace","Coordination,Localisation,Policy & Strategy,Resilience","8. Programming: National and local capacities,9. Programming: Learning and evidence",Oxfam,Oxfam,2023,"English,Arabic,French,Spanish",https://policy-practice.oxfam.org/resources/what-can-we-learn-case-studies-on-the-triple-nexus-in-west-africa-621483/,,What Can We Learn Case Studies on the Triple Nexus in West Africa.webp,[EN] What Can We Learn? Case Studies on the Triple Nexus in West Africa.pdf
What Does 'Sustaining Peace' Mean? Guidance Note,"This UN Peacebuilding Support Office guidance note provides an accessible explanation of the 'sustaining peace' concept endorsed by the 2016 UN General Assembly and Security Council resolutions. It explains what sustaining peace means as an overarching goal for the UN system, how it relates to and differs from earlier approaches to peacebuilding, and what it implies for different types of UN actors.

The guidance clarifies how sustaining peace connects to the HDP nexus, the 2030 Agenda, and humanitarian action, and provides practical guidance on how resident coordinators, UN country teams, and other actors can operationalise the sustaining peace agenda in their work.",Guide,,"Peace,Development","Peace & Security,Governance","3. Coordination: Political engagement,4. Programming: Prioritising prevention,8. Programming: National and local capacities,9. Programming: Learning and evidence",UN Peacebuilding Support Office (PBSO),UN Peacebuilding Support Office,2017,English,https://unsdg.un.org/sites/default/files/Guidance-on-Sustaining-Peace.170117.final_.pdf,,What Does 'Sustaining Peace' Mean Guidance Note.webp,What Does 'Sustaining Peace' Mean Guidance Note.pdf
Who Decides on Humanitarian Reform? Local Actors and the Nexus,"This ODI insight piece (August 2025) from the Humanitarian Policy Group documents perspectives from local humanitarian actors in Yemen, Colombia, and Myanmar on the ongoing 'humanitarian reset' and what systemic reform must look like from their vantage point. It directly addresses the structural obstacles that local actors face in engaging with the HDP nexus: the technical challenge of coordinating between donors with separate humanitarian and development offices; the structural problem of silos preventing holistic assessment of community needs; and the exclusion of local actors from decision-making that results in programming misaligned with community priorities. The piece argues for new coordination models — with local actors leading on design and delivery, and INGOs and UN agencies serving as technical and financial oversight intermediaries — and places the nexus reform agenda squarely in the context of localisation and accountability to affected populations.",Article,"Yemen,Colombia,Myanmar","Humanitarian,Development,Peace","Localisation,Coordination,Governance,Financing","8. Programming: National and local capacities,9. Programming: Learning and evidence",ODI Global,ODI Humanitarian Policy Group,2025,English,https://odi.org/en/insights/who-decides-humanitarian-reform/,,Who Decides on Humanitarian Reform Local Actors and the Nexus.webp,Who Decides on Humanitarian Reform Local Actors and the Nexus.pdf
Whose Nexus? When the System Lags Behind Frontline Actors: The Case of the Emergency Response Rooms (ERRs) in Sudan,"Blog post in NORRAG's HDP Nexus blog series, developed from a contribution to the NORRAG Policy Insights collection Education and the Humanitarian-Development-Peace Nexus at 10. Using the case of Sudan's Emergency Response Rooms (ERRs) — the grassroots mutual aid networks awarded the 2025 Chatham House Prize — the authors challenge international donors and agencies to follow the lead of local actors who are already operationalising the nexus from the bottom up, including on education. Argues that when formal international systems lag behind frontline actors, the nexus risks becoming a top-down framework that fails to recognise, resource or learn from locally-driven solutions. A pointed critique of the gap between nexus rhetoric and the realities facing local actors in active conflict settings.",Article,Sudan,"Humanitarian,Peace","Education,Localisation,Governance,Social Cohesion,Conflict Sensitivity","5. Programming: People at the centre,6. Programming: Do no harm,8. Programming: National and local capacities",NORRAG,"Aishwarya Shetty, Faiza Hassan",2025,English,https://www.norrageducation.org/whose-nexus-when-the-system-lags-behind-frontline-actors-the-case-of-the-emergency-response-rooms-err-in-sudan/,,Whose Nexus When the System Lags Behind Frontline Actors The Case of the Emergency Response Rooms (ERRs) in Sudan.webp,Whose Nexus When the System Lags Behind Frontline Actors The Case of the Emergency Response Rooms (ERRs) in Sudan.pdf
WHS High-Level Anniversary event: Advancing the New Way of Working,"The WHS High-Level Anniversary event held in Istanbul in May 2017 focused on advancing the New Way of Working (NWOW), which aims to integrate humanitarian, development, and peace efforts from the onset of crises. The event emphasized the necessity of collaboration across sectors to transcend traditional divides and pursue collective outcomes, particularly in protracted crises. Participants highlighted obstacles such as coordination issues, lack of flexible financing, and the need for structural change to support long-term activities.

Recommendations included strengthening field-level leadership, aligning planning processes, and engaging multi-stakeholder collaboration including governments, NGOs, and private sectors. The NWOW is seen as a critical strategy for accelerating the Sustainable Development Goals (SDGs) achievement, providing a coherent roadmap to reduce risks and vulnerabilities while facilitating sustainable development and peacebuilding.

Discussions highlighted examples from countries like Nigeria, Ethiopia, and CAR, demonstrating how NWOW principles can be operationalized in diverse contexts to better address crises and support affected communities.",Event Report,"Burkina Faso,Central African Republic,Ethiopia","Development,Humanitarian,Peace","Gender,Recovery,Disaster Risk Reduction,Social Cohesion,Economic Development,Displacement & Migration,Governance,Resilience","7. Programming: Align with risk environment,4. Programming: Prioritising prevention,3. Coordination: Political engagement,1. Coordination: Joint analysis,11. Financing: Predictable flexible multi-year","Agenda for Humanity, OCHA, Republic of Turkey, World Humanitarian Summit","Agenda for Humanity, OCHA, Republic of Turkey, World Humanitarian Summit",2017,English,https://agendaforhumanity.org/sites/default/files/resources/2017/Jul/20170712%20WHS%20Anniversary%20Event%20New%20Way%20of%20Working%20report.pdf,,WHS High-Level Anniversary event Advancing the New Way of Working.webp,WHS High-Level Anniversary event Advancing the New Way of Working.pdf
"Women, Land and Peace Key Messages","The report titled 'Women, Land and Peace Key Messages' highlights the critical role of women in achieving sustainable peace through empowering them with access to land rights and ownership in fragile and conflict-affected situations. It emphasizes the importance of securing women\'s land rights in such contexts as essential for their protection, empowerment, and participation in peacebuilding.

The document underscores the significance of inclusive and participatory approaches to land governance, which ensure women's rights and combat vulnerabilities stemming from conflict. It calls for the integration of gender-sensitive land rights into national and international strategies to foster stability and peace, and stresses the need for effective implementation mechanisms.

The report identifies key areas for action, such as strengthening women's capacity to claim land rights, facilitating legal access, and overcoming barriers posed by traditional and systemic discrimination.",Report,Afghanistan,"Humanitarian,Peace","Gender,Recovery,Livelihoods,Protection,Governance,Resilience","7. Programming: Align with risk environment,5. Programming: People at the centre,8. Programming: National and local capacities,11. Financing: Predictable flexible multi-year","Global Land Tool Network, Global Protection Cluster, Norwegian Refugee Council (NRC), UN Habitat, UNHCR",UN Habitat,2021,Arabic,https://unhabitat.org/sites/default/files/2021/12/key_messages_on_women_land_and_peace_arabic.pdf,,"Women, Land and Peace Key Messages.webp","Women, Land and Peace Key Messages.pdf"
"Women, Land and Peace: Key Messages","This document presents key messages on the critical intersection of women's land rights, natural resource governance, and peacebuilding. Published by UN-Habitat, the Global Land Tool Network, and the Global Protection Cluster, it argues that gender-based exclusion from land and resources is a major driver of conflict, fragility, and displacement — and that addressing women's land rights is therefore essential for sustainable peace and development. 

The document provides evidence-based key messages for policymakers, humanitarian and development practitioners, and peacebuilders on how to integrate land rights and natural resource dimensions into HDP nexus programming, particularly in post-conflict and crisis contexts.",Report,,"Development,Humanitarian,Peace","Gender,Peace & Security,Governance,Social Cohesion,Resilience","4. Programming: Prioritising prevention,5. Programming: People at the centre,8. Programming: National and local capacities","UN Habitat, Global Land Tool Network, Global Protection Cluster",UN Habitat,2021,English,https://unhabitat.org/sites/default/files/2021/12/key_messages_on_women_land_and_peace_english.pdf,,"Women, Land and Peace Key Messages.webp","Women, Land and Peace Key Messages.pdf"
Working across the Humanitarian-Development-Peace Nexus: What can we learn from evaluations?,"This evaluation, authored by Lezlie Morinière and Susanna Morrison-Métois, assesses the implementation of the humanitarian-development-peace (HDP) nexus across various organizations. The study, based on 90 evaluations, reveals a broad spectrum of approaches and understanding of the nexus. It highlights structural challenges such as fragmented funding and coordination mechanisms, the integration of peace with humanitarian and development efforts, and the role of various actors from government to civil society and the private sector.

The analysis underscores the need for strengthened capacities, localized approaches, and greater focus on climate and conflict-sensitive programming. Despite progress in some areas, deep systemic issues in international aid architecture, including siloed funding and inadequate coordination frameworks, hamper the effectiveness of nexus approaches.

The paper calls for improved implementation, monitoring, and evaluation of nexus approaches to genuinely benefit affected populations, enhance collective outcomes, and ensure sustainable peace and development.",Evaluation,"Bangladesh,Cameroon","Development,Humanitarian,Peace","Environment,Health,Social Cohesion,Protection,Economic Development,Governance,Resilience","7. Programming: Align with risk environment,9. Programming: Learning and evidence,8. Programming: National and local capacities,10. Financing: Develop evidence-based strategies","ALNAP, ODI","Lezlie Morinière, Susanna Morrison-Métois",2023,English,https://reliefweb.int/report/world/working-across-humanitarian-development-peace-nexus-what-can-we-learn-evaluations,,Working across the Humanitarian-Development-Peace Nexus What can we learn from evaluations.webp,Working across the Humanitarian-Development-Peace Nexus What can we learn from evaluations.pdf
Workshop on the Humanitarian Development Peace Nexus in Ukraine (English),"This OCHA event report documents a workshop held in June 2021 on the Humanitarian-Development-Peace Nexus in Ukraine, bringing together humanitarian and development actors to discuss how the nexus approach can be applied in the Ukrainian context.

The workshop examined the opportunities and challenges for advancing HDP coherence in Ukraine — a country experiencing conflict in the east while simultaneously pursuing development and European integration. It covered coordination mechanisms, joint programming, financing approaches, and the specific dynamics of applying the nexus in a context where the state retains significant capacity. The report captures key discussions, recommendations, and action points from participants.",Event Report,Ukraine,"Development,Humanitarian,Peace","Governance,Peace & Security,Resilience","1. Coordination: Joint analysis,2. Coordination: Empowered leadership,3. Coordination: Political engagement,7. Programming: Align with risk environment,8. Programming: National and local capacities,9. Programming: Learning and evidence",OCHA,OCHA,2021,English,https://reliefweb.int/report/ukraine/workshop-humanitarian-development-peace-nexus-ukraine-09-10-june-2021-ukraine-enuk,,Workshop on the Humanitarian Development Peace Nexus in Ukraine (English).webp,Workshop on the Humanitarian Development Peace Nexus in Ukraine (English).pdf
Yemen and the Humanitarian-Development-Peace Triple Nexus: Analytical Paper,"This analytical paper (May 2024, No. 6), produced by the Yemeni Ministry of Planning and International Cooperation (MOPIC), assesses the HDP nexus approach from a national government perspective in Yemen — one of the world's worst humanitarian crises. It examines the theoretical foundations of the nexus, performance of HDP coordination mechanisms in Yemen's split governance context (Government of Yemen/Ansar Allah), and the challenge of reinstating national development institutions in a context where international actors have come to dominate humanitarian and development programming.

The paper calls for a shift from emergency response to resilience-building and for stronger complementarity and partnership between the donor community, international organisations, and national structures. A rare government-authored national nexus assessment, available in Arabic and English.",Policy Paper,Yemen,"Humanitarian,Development,Peace","Coordination,Governance,Policy & Strategy,Resilience","2. Coordination: Empowered leadership,3. Coordination: Political engagement,8. Programming: National and local capacities",Government of Yemen / MOPIC,Government of Yemen,2024,"English,Arabic",https://reliefweb.int/report/yemen/yemen-and-humanitarian-development-peace-triple-nexus-analytical-paper-6-may-2024-enar,,Yemen and the Humanitarian-Development-Peace Triple Nexus Analytical Paper.webp,[EN] Yemen and the Humanitarian-Development-Peace Triple Nexus_ Analytical Paper.pdf
Yemen National Guidelines: Scaling up Sustainable Multisectoral Nutrition Investments and Interventions,"This document presents Yemen's national guidelines for scaling up sustainable multisectoral nutrition investments and interventions, developed in the context of the country's protracted humanitarian crisis and with a view to applying HDP Nexus principles to nutrition programming. 

The guidelines address the challenge of moving beyond emergency treatment of acute malnutrition towards prevention-oriented, development-aligned approaches that can address the structural drivers of malnutrition in Yemen. They outline coordination mechanisms between humanitarian and development nutrition actors, financing frameworks that link humanitarian funding with longer-term investments, and programmatic approaches that involve government systems, local capacities and community-based interventions.",Guide,Yemen,"Development,Humanitarian","Food Security & Nutrition,Governance,Resilience","4. Programming: Prioritising prevention,5. Programming: People at the centre,8. Programming: National and local capacities,9. Programming: Learning and evidence,10. Financing: Develop evidence-based strategies,11. Financing: Predictable flexible multi-year","Government of Yemen, N4D, UNICEF",,2022,English,https://n4d.group/wp-content/uploads/2024/11/09-Dec_Yemen-National-Guidelines-for-Nutrition-.pdf,,Yemen National Guidelines Scaling up Sustainable Multisectoral Nutrition Investments and Interventions.webp,Yemen National Guidelines Scaling up Sustainable Multisectoral Nutrition Investments and Interventions.pdf
Yemen Nexus Conference,,Event Report,Yemen,"Humanitarian,Development,Peace",,,,Yemen nexus initaitive and Abs developemnt organization for woman and child,2025,English,https://yemenexus.org/yemen_nexus_conference/,,,
Yemen Nexus Initiative ,,Book / Book Chapter,Yemen,"Humanitarian,Development,Peace",,"4. Programming: Prioritising prevention,7. Programming: Align with risk environment,5. Programming: People at the centre",Abs Development Organisation for woman&Child,Dr.Aisha Thawab,2021,English,https://yemenexus.org/wp-content/uploads/2025/05/EN.-NEXUS-MANUAL.pdf,,,EN.-NEXUS-MANUAL.pdf
Yemen nexus initiative profile,,Guide,Yemen,"Humanitarian,Development,Peace",,,,Abs development organization for woman and child ,2024,English,chrome-extension://efaidnbmnnnibpcajpcglclefindmkaj/https://yemenexus.org/wp-content/uploads/2025/05/Nexues-Profile.pdf,,,
Семінар щодо Гуманітарно-Розвиткового-Миротворчого Нексусу в Україні (Ukrainian),"Звіт про семінар, проведений у червні 2021 року щодо гуманітарно-розвиткового-миротворчого нексусу в Україні. Семінар за підтримки УКГС зібрав гуманітарних і розвиткових акторів для обговорення того, як підхід нексусу може бути застосований в українському контексті. Розглядалися механізми координації, спільне планування та фінансові підходи для сприяння узгодженості HDP в Україні.",Event Report,Ukraine,"Development,Humanitarian,Peace","Governance,Peace & Security,Resilience","1. Coordination: Joint analysis,2. Coordination: Empowered leadership,9. Programming: Learning and evidence",OCHA,OCHA,2021,"Ukrainian,English",https://reliefweb.int/report/ukraine/workshop-humanitarian-development-peace-nexus-ukraine-09-10-june-2021-ukraine-enuk,,Семінар щодо Гуманітарно-Розвиткового-Миротворчого Нексусу в Україні (Ukrainian).webp,Workshop on the Humanitarian Development Peace Nexus in Ukraine (Ukrainian).pdf
